edge_density,energy,std,red_ratio,entropy,mean_blue,keypoint_density,mean_green,mean_red,dynamic_range,mean_saturation,laplacian_variance,colorfulness,correlation,homogeneity,image_name,ssim,psnr
0.120803833,0.437842164,65.11121846,0.20802357,5.00464142,89.45204163,0.005203247,74.61306763,34.12940979,255,92.98892212,4761.515838,116.7924629,0.9508746,0.567965966,100_img_.png,0.11724639009571473,7.074130500792165
0.06539917,0.439018133,69.60485816,0.292237871,4.789518977,88.13639832,0.003845215,83.33773804,50.11123657,224,67.20785522,1208.488915,110.4636895,0.989215682,0.688017016,10139.png,0.1839600045537738,7.0005648993783804
0.109817505,0.437800231,61.41142021,0.370604884,5.161056317,58.86463928,0.005020142,63.53616333,45.36233521,227,54.00932312,1683.228825,122.2694168,0.973237117,0.571207995,10151.png,0.10062372588082442,7.2787661411746365
0.081863403,0.344099626,73.62863346,0.420381442,5.750994015,78.91853333,0.005447388,98.08557129,74.40924072,237,47.33123779,1064.646017,122.5301716,0.989795581,0.523339872,101_img_.png,0.2764188762746159,7.787343215212806
0.093597412,0.254188525,65.3024546,0.267806121,6.444960622,69.25965881,0.00567627,80.36946106,40.07159424,243,99.04226685,1698.053869,105.0375699,0.978486554,0.370468002,102_img_.png,0.25753079980740173,12.252286934409542
0.053726196,0.250509359,51.58804047,0.253503236,5.759791159,111.3698883,0.003601074,89.50616455,50.92272949,250,108.0185394,1123.846088,101.7444902,0.979863062,0.3533604,104_img_.png,0.2687979738490757,11.467845194424054
0.096755981,0.246442882,57.20835212,0.264435071,6.285027938,63.46174622,0.006729126,99.21057129,43.01626587,245,126.6393127,1339.210828,95.10718777,0.979652785,0.405634472,105_img_.png,0.22800655572769649,8.962307585028917
0.179458618,0.320544044,59.21690963,0.412015393,5.964348648,68.1856842,0.01083374,60.98287964,53.21943665,253,82.16549683,7239.769193,115.3549328,0.862275007,0.402262353,106_img_.png,0.11335956492137507,10.122109430557863
0.078063965,0.328371871,54.91843337,0.154070324,5.663978122,104.2026215,0.004653931,76.30311584,27.81057739,232,130.3063202,1343.642506,100.8494833,0.980128158,0.445321165,107_img_.png,0.23204472632720238,8.021207319696597
0.039413452,0.29397352,74.80759966,0.367926706,5.528548412,122.3420868,0.001846313,117.0233154,88.06892395,253,53.64826965,1343.766028,123.7305768,0.990012981,0.508846895,108_img_.png,0.37915767005815465,7.661690228848617
0.082702637,0.437637843,58.1284307,0.454100298,4.985921214,60.00028992,0.006500244,60.70582581,54.81268311,236,42.32791138,926.9162127,125.3698355,0.982813121,0.556859,10909.png,0.1179388397339866,8.384416070785388
0.03503418,0.439332579,59.9973766,0.325202056,4.549884103,82.17193604,0.00213623,70.13928223,49.53192139,217,60.70146179,433.9538973,109.4740106,0.995664689,0.755515817,10945.png,0.24614910114603314,7.082059764731513
0.148361206,0.293304787,54.37553257,0.15817307,5.749083918,80.18701172,0.007675171,87.53379822,26.52891541,247,148.5518494,5152.899352,80.32350655,0.915025164,0.376752142,109_img_.png,0.1300992935003318,8.613014546834135
0.080535889,0.375341524,53.75542496,0.110243573,5.270101513,97.82804871,0.003860474,73.32478333,18.86849976,252,131.9362183,2603.208043,97.01098842,0.95129134,0.524210685,10_img_.png,0.14549553757487899,7.51754004833624
0.144256592,0.437552825,63.66179379,0.524272455,5.258342225,55.07800293,0.010498047,59.19543457,59.91041565,244,56.69952393,1476.709944,97.33262141,0.972952336,0.509022609,11052.png,0.05847307371041982,7.584762816183558
0.088439941,0.437877853,62.03856863,0.412844569,5.113904478,63.01423645,0.006622314,59.69572449,50.66014099,228,76.31388855,1283.819877,95.40314447,0.9794123,0.617020911,11064.png,0.1515902384236458,7.703730392137263
0.068908691,0.509161143,56.85432038,0.203158312,4.230744144,71.24020386,0.004943848,53.83859253,25.41079712,253,87.09747314,698.0394641,110.1093568,0.978636924,0.688279996,111_img_.png,0.1573267635976524,11.163110259382268
0.058502197,0.277805123,65.95411182,0.379874716,5.715511697,108.0534363,0.002822876,106.7883453,81.61296082,255,46.90205383,1189.083554,124.9312757,0.98886573,0.402040325,112_img_.png,0.21973629997631172,8.89885945172067
0.104598999,0.44077748,67.37939312,0.348799118,4.827824968,75.28356934,0.005905151,75.16877747,52.47764587,250,62.57061768,2721.779602,117.7947435,0.957244001,0.659077119,11374.png,0.17029070460131046,8.304263142694207
0.104187012,0.438436153,72.59490483,0.362685975,5.093306027,73.66966248,0.006225586,78.91853333,55.34159851,247,74.57821655,1871.421243,124.5237887,0.974637058,0.611886951,11398.png,0.1963552479630933,7.646069467765695
0.071517944,0.336107058,65.86571988,0.222380978,5.960537715,81.88700867,0.004058838,75.69857788,35.04403687,244,110.9581451,1219.34298,105.4318914,0.984616857,0.460694642,113_img_.png,0.24275236947805065,9.969105394947045
0.127319336,0.437575792,71.42446406,0.311257331,5.214517165,83.08924866,0.006072998,73.59832764,48.77015686,255,66.70019531,9391.375952,117.6599803,0.906417689,0.513586479,114_img_.png,0.06499887663496214,8.021933318806727
0.085662842,0.379132694,54.94890312,0.190015725,5.297777921,96.07966614,0.002853394,60.83700562,29.81663513,253,117.6325836,4924.719711,111.0866134,0.919527971,0.45786212,115_img_.png,0.2188869284652469,8.577907138182729
0.19102478,0.3086575,68.13514615,0.289864727,6.16430669,89.05332947,0.011459351,90.43292236,52.0267334,255,95.04646301,8151.41238,109.5320299,0.877490257,0.356842071,116_img_.png,0.054152817665304546,8.355211394267686
0.226226807,0.250130636,61.83924621,0.510858951,6.331655074,83.39608765,0.0131073,84.77032471,85.90931702,255,28.70671082,5082.099291,125.1881985,0.916713628,0.303651373,117_img_.png,0.06124342493892703,8.9178196878147
0.157119751,0.250377726,60.12166119,0.449888756,6.008691081,97.60092163,0.00958252,92.0567627,85.32485962,254,45.92703247,2751.720378,123.8652239,0.954529926,0.348187685,118_img_.png,0.14120418283874878,10.914482094350399
0.151596069,0.379003884,60.13086766,0.229712184,5.581884064,72.53215027,0.00793457,75.57733154,34.02255249,246,119.5157928,5330.206594,95.93621363,0.913592622,0.468663431,11_img_.png,0.1448425557766856,9.365237875333918
0.130752563,0.250610401,59.4644755,0.420163904,5.791915399,105.1859741,0.00793457,96.18045044,84.60690308,254,45.49055481,2117.46766,122.3515813,0.967393125,0.372767647,120_img_.png,0.11707374177576639,10.408329143236855
0.130371094,0.336130197,70.75929837,0.341424708,6.07917663,84.51647949,0.008270264,74.76525879,54.38272095,252,85.58731079,6523.485937,119.4169042,0.927546129,0.484246423,121_img_.png,0.2563146892934445,9.497783003444791
0.146255493,0.437624915,62.23924854,0.408877222,5.257408302,53.30728149,0.008651733,57.77606201,45.41944885,252,66.99996948,8732.15621,114.8550045,0.875832789,0.537494426,1225.png,0.05942825086231269,8.294198012636643
0.048233032,0.441942743,36.30955049,0.472856784,4.51927926,21.09028625,0.003677368,20.59376526,19.71058655,237,37.54756165,576.3126349,121.6271228,0.970842327,0.735052171,12290.png,0.07953092895108933,7.408596659581436
0.093994141,0.438187168,43.9999831,0.454221211,4.943678095,31.71896362,0.006378174,31.64035034,28.77914429,253,31.57954407,1696.061273,123.4395543,0.93700598,0.598431911,12299.png,0.08884959880667255,8.041720323499515
0.141265869,0.250512244,58.87597366,0.429832581,5.849041909,102.252243,0.007843018,94.00872803,84.35935974,248,41.75971985,2193.919901,124.9457895,0.964435889,0.365685452,122_img_.png,0.17426738214188817,10.480149846796362
0.089538574,0.438580473,45.48494711,0.503794099,4.905113002,28.26269531,0.005737305,29.95365906,29.32905579,251,36.85398865,2872.434196,109.0066114,0.914491463,0.634702068,12324.png,0.08213688270784146,7.902339958980202
0.12940979,0.437576016,48.80013279,0.523579265,5.052753375,41.31924438,0.007629395,44.09089661,44.71897888,254,19.03945923,2126.058967,121.1799798,0.944132319,0.51238986,12336.png,0.07657073791337689,7.626032673336015
0.072463989,0.440953718,40.27225137,0.453586364,4.683465736,25.32579041,0.005966187,26.46011353,23.48937988,237,31.83995056,748.3570751,118.3038823,0.972191986,0.695621898,12348.png,0.0870505197055609,7.8126454847981694
0.214401245,0.250159437,65.99472936,0.496806703,6.25691566,97.21960449,0.011459351,95.92730713,95.9566803,254,25.71160889,5518.576486,131.4141952,0.927093354,0.311001402,123_img_.png,0.07157875251213462,9.3673828980428
0.092285156,0.437650577,55.81425162,0.359202953,5.081164494,58.67062378,0.006988525,53.94604492,40.45223999,208,44.88664246,962.0582569,124.7515026,0.97773281,0.555954193,12422.png,0.09933245233343246,7.52368093905017
0.103469849,0.437638631,58.13949886,0.380484411,5.149112135,56.12117004,0.005615234,53.09140015,41.55368042,252,46.04269409,3443.408369,123.3020122,0.946314002,0.544753668,12433.png,0.08440285417866938,8.350927979740073
0.108322144,0.476738679,54.11092301,0.385253602,4.769039027,50.38615417,0.005523682,46.60853577,37.36755371,252,35.42837524,4678.037348,123.5074019,0.915491881,0.594452121,12445.png,0.05981282162510789,8.723516161369117
0.145996094,0.25051919,58.95432558,0.409086475,5.851590067,106.6424408,0.009078979,95.3074646,82.61497498,254,53.07450867,2815.183721,120.876863,0.953252599,0.365535738,124_img_.png,0.1662358378603165,10.979277639847798
0.228286743,0.250119002,65.72754,0.509397126,6.340961761,92.27134705,0.012649536,91.84246826,93.78704834,255,24.01431274,7439.162323,123.6990562,0.89799894,0.30192412,125_img_.png,0.05952023717001755,9.078334619912665
0.11656189,0.437572544,53.04470406,0.386269255,5.086886545,55.25740051,0.008529663,52.52626038,41.6335144,241,35.17802429,1923.083729,123.7661459,0.950774857,0.516916584,12900.png,0.07687066474985738,9.226007088676251
0.217788696,0.29306327,55.34951209,0.192985634,6.047507936,81.48667908,0.011550903,80.93023682,31.34413147,236,123.118988,7522.825518,100.3654288,0.86198981,0.343589081,129_img_.png,0.04429823203871667,9.614274601697373
0.183868408,0.250250343,59.06170866,0.44192804,6.082660052,96.77218628,0.011459351,89.74806213,82.42852783,251,42.63496399,3290.062084,126.0083415,0.942010969,0.328859716,130_img_.png,0.07204133078609834,10.576993873791027
0.10697937,0.250772307,56.25625541,0.367208069,5.676940219,109.6650848,0.005935669,93.70458984,74.6789856,253,62.02848816,1920.29711,113.1541279,0.968154625,0.392329691,131_img_.png,0.14003492320684408,10.536304503053039
0.200881958,0.250212035,61.48795647,0.461833648,6.06897363,99.19096375,0.011901855,94.5110321,89.45809937,253,28.57011414,3482.620924,131.8466283,0.945587602,0.316341364,133_img_.png,0.084392284872279,10.751692947489778
0.129776001,0.250559669,57.75568287,0.285629678,5.789368637,116.6465759,0.007095337,101.161438,62.21243286,249,89.35722351,2484.83932,104.1249905,0.959500546,0.368662595,135_img_.png,0.18411941066849039,10.61251286854919
0.054168701,0.441637456,40.50192132,0.280700508,4.634448397,53.14376831,0.002349854,42.86721802,26.95033264,241,75.58198547,1818.686173,115.7725596,0.938177194,0.541464312,136_img_.png,0.2434569740148805,11.364965817997529
0.188842773,0.250246092,61.7151836,0.452450595,6.071020918,101.1788788,0.010147095,94.48312378,88.52738953,254,30.70445251,3391.671805,131.3702503,0.949243664,0.326491979,137_img_.png,0.08005120935574968,9.045676755385115
0.090377808,0.251050854,57.21933926,0.325001787,5.577948945,120.6921539,0.005081177,98.75431824,71.32049561,251,77.23014832,1518.151184,107.9970266,0.975590597,0.40731491,138_img_.png,0.2637155628751717,10.7847674904564
0.165756226,0.293090094,56.40526568,0.157671865,5.852764556,109.6612549,0.005599976,92.65093994,31.89894104,224,131.0816345,4427.496465,95.57292368,0.930190525,0.348182965,139_img_.png,0.12426247258708618,7.025556311954783
0.109848022,0.375822677,61.16367729,0.22755882,5.226974311,84.0933075,0.005203247,85.78625488,38.65759277,245,95.37800598,4851.298885,99.36312003,0.93664885,0.538134665,13_img_.png,0.18964469143584295,9.494166846403937
0.120223999,0.437855232,59.79938978,0.443711049,5.168586279,56.7588501,0.007339478,54.48912048,49.36195374,251,58.5531311,4072.162542,103.720833,0.932762559,0.580581136,1407.png,0.08088795400206818,8.269033236693776
0.120010376,0.375159312,54.13954076,0.282644384,5.436091197,67.57571411,0.009185791,62.66000366,36.81039429,255,76.68496704,2167.177072,113.2223791,0.95471119,0.455660969,140_img_.png,0.09460453342415052,10.113470554425712
0.174957275,0.250338533,59.42146389,0.415672014,6.036371831,98.67053223,0.009918213,89.02565002,78.02005005,253,47.93249512,3370.153049,124.5084338,0.942280022,0.331772372,141_img_.png,0.1239653298465702,9.827320187898449
0.097564697,0.394727662,57.02583685,0.163614671,5.232714437,64.76210022,0.003875732,80.12408447,23.70550537,240,115.4988251,2980.79286,87.29716539,0.952808235,0.514679897,142_img_.png,0.1430283713718782,7.025317640664039
0.098419189,0.293416985,54.85891102,0.176600369,5.537317149,86.3835144,0.00479126,96.37466431,32.27516174,248,125.6547241,3381.771906,82.80505203,0.942958527,0.380029319,143_img_.png,0.21625946738738047,10.567696528899898
0.191314697,0.250187349,62.85295775,0.408610472,6.130328944,108.8813019,0.011016846,98.95895386,84.92570496,252,45.71463013,3291.499052,124.1949016,0.952191029,0.31464153,144_img_.png,0.10592606525528399,10.585263857443032
0.185638428,0.250201647,60.47173933,0.415021084,6.088163809,103.9150391,0.011016846,94.67727661,82.41999817,250,43.87693787,3051.611618,123.8817273,0.950778013,0.314177142,145_img_.png,0.1255732758881423,11.170372188605855
0.193618774,0.250336463,53.85312839,0.125842099,6.048804239,92.50523376,0.010421753,90.02825928,22.97039795,246,159.7984772,6104.362019,82.56886974,0.881151588,0.333330086,146_img_.png,0.06352814225039143,9.681846752822578
0.202453613,0.250223009,61.00821783,0.440252533,6.08215491,101.0257568,0.011489868,93.10121155,85.46488953,254,35.35507202,3581.529721,128.6392733,0.946026203,0.317937776,148_img_.png,0.06962245858899381,8.88225766031225
0.126541138,0.437586005,49.35763915,0.348287393,5.09677224,48.46134949,0.008789063,46.98274231,33.24197388,244,60.29342651,2332.495891,115.0251606,0.938383291,0.533838924,1491.png,0.06807006279877696,8.585636259742369
0.056442261,0.294700734,75.00990839,0.306028099,6.075808514,121.076416,0.003829956,104.917511,69.16049194,251,88.57397461,1238.736095,114.2012637,0.968810097,0.532069868,149_img_.png,0.31446661461582054,8.247005473109779
0.136566162,0.375140992,60.80477608,0.265214685,5.641082643,66.73144531,0.007781982,66.36149597,35.29820251,251,106.821991,4157.218712,109.4384974,0.952398475,0.487162545,14_img_.png,0.05293616527726882,8.583317767944342
0.048065186,0.437760304,50.83837543,0.68430196,4.690211609,21.20317078,0.0027771,59.13796997,54.9776001,240,93.7225647,958.6821734,127.9194912,0.97997048,0.582913022,15001.png,0.17505503992347038,11.378067046755053
0.035339355,0.438104371,53.47126859,0.687713566,4.574361754,22.79229736,0.002029419,63.22605896,59.1559906,244,91.66818237,780.1059701,126.4849532,0.984723813,0.624307345,15003.png,0.23924218137308073,11.722270664799774
0.167144775,0.437547294,78.10181383,0.424696181,5.21808026,79.4264679,0.008621216,81.68986511,68.42549133,238,25.4912262,4287.531358,130.5285955,0.965332068,0.495200598,15045.png,0.03801270830738942,5.792831337893686
0.154571533,0.437569683,74.30930131,0.435173073,5.226549698,73.90084839,0.008453369,74.62330627,64.63371277,254,21.52427673,5302.896338,132.5684344,0.953313847,0.521706409,15094.png,0.045694046095529996,7.327025570221068
0.163299561,0.250374709,59.51418985,0.369858759,5.9366951,111.3375397,0.008880615,96.42201233,76.84169006,252,61.10308838,3075.719186,119.6192103,0.950917276,0.34450703,150_img_.png,0.1289589126474818,10.948221920359655
0.141662598,0.437577465,71.35134695,0.412586881,4.950211663,79.00750732,0.009353638,80.28474426,65.72189331,250,29.5322113,1890.431854,130.1888351,0.978173996,0.508091493,15113.png,0.04592390103051458,7.889300748075164
0.139160156,0.437569863,65.30702824,0.429284209,5.024216856,70.07368469,0.009353638,68.86972046,59.64620972,250,25.37232971,2093.991978,129.0026733,0.972246967,0.503448373,15136.png,0.07380743002068456,8.449310427322057
0.09967041,0.25081005,54.59963312,0.273499838,5.627407327,115.5782471,0.005981445,97.62275696,58.31044006,253,93.85348511,1875.22363,101.2478319,0.966853204,0.388817108,151_img_.png,0.2482406028179193,10.47469508637645
0.098464966,0.242605578,65.54986965,0.398538417,6.164018984,120.7982788,0.005813599,100.6111755,88.24017334,252,52.89175415,2751.832042,130.1901476,0.962986024,0.345088792,152_img_.png,0.272534238774395,8.355814140998616
0.132980347,0.43760076,60.15179905,0.391329499,5.184526671,57.04147339,0.007736206,61.63301086,46.44082642,236,67.44816589,4396.983329,106.1046236,0.933292537,0.548760299,1539.png,0.09150657993653526,7.51755868785076
0.102844238,0.25079416,52.86406557,0.299929109,5.688850161,105.894043,0.00579834,91.28868103,59.14083862,253,90.36422729,2151.748428,102.0306894,0.956284604,0.389095309,153_img_.png,0.24581010622952706,11.414053016181441
0.047988892,0.437743787,47.0514874,0.645974874,4.596037246,26.60115051,0.004272461,53.74476624,51.90144348,242,75.19230652,475.4633787,121.9569357,0.986085409,0.570797326,15418.png,0.10016005799716361,8.470164421823377
0.028747559,0.438367581,54.93785748,0.550761761,4.68089978,32.09544373,0.001937866,56.44830322,48.76651001,243,67.71522522,387.8087589,123.0220073,0.991225474,0.681660395,15426.png,0.2380345688893926,10.5959917859605
0.195953369,0.250214271,62.93029578,0.457912656,6.165419439,99.07667542,0.011627197,94.27116394,88.53642273,254,33.62406921,4810.459827,130.6522171,0.92837231,0.323580694,154_img_.png,0.077874342302039,8.895301590811085
0.039215088,0.438370218,61.06854595,0.539584866,4.74504278,48.38142395,0.001800537,65.89181519,61.66011047,251,39.1647644,1495.188842,125.8156555,0.978526565,0.688016928,15544.png,0.23826257183746122,11.112729294974224
0.183685303,0.277523141,72.55927871,0.439138932,6.395442201,81.33444214,0.010055542,88.53833008,74.5977478,253,61.77825928,5985.94759,124.3890473,0.934549648,0.359839282,155_img_.png,0.11802415160606233,10.263040907082955
0.230102539,0.250127805,63.21442963,0.501471797,6.315606435,89.65647888,0.011993408,88.3837738,89.28216553,255,40.43263245,6989.983173,116.7237027,0.89449722,0.302395655,156_img_.png,0.06751807851118548,9.295126053857656
0.095687866,0.437968975,76.24964664,0.420327921,4.953842,84.6451416,0.006912231,85.70539856,71.60308838,241,25.42112732,1708.766892,132.8982561,0.987698562,0.620574311,15704.png,0.06971159154541531,6.651570013299979
0.078430176,0.43801041,65.23524346,0.326267484,5.129229905,57.13020325,0.005355835,62.69465637,39.09495544,249,95.64074707,1868.747832,100.7719079,0.97389404,0.642507862,1573.png,0.14093017961938714,6.703262559407349
0.151733398,0.250503499,55.87556971,0.402328194,5.88813437,96.62576294,0.009292603,87.75689697,74.18234253,253,65.99551392,3567.439334,115.6542775,0.934268142,0.349930983,157_img_.png,0.14669382561730707,11.83843944721257
0.220504761,0.250124071,63.19526458,0.508221211,6.326701491,88.81864929,0.01184082,88.24632263,89.98817444,255,39.79431152,7189.757751,114.3354176,0.89489285,0.301730466,158_img_.png,0.06257107021445836,9.165665472355002
0.191741943,0.250255136,59.57235194,0.444209799,6.052745004,96.52987671,0.011535645,91.34619141,83.45639038,253,37.68023682,3451.042011,125.7293868,0.943699054,0.325848125,159_img_.png,0.08260460457721337,10.166343960396853
0.169754028,0.351647624,65.35339967,0.327825066,5.813098705,78.84916687,0.005889893,81.53762817,52.57881165,255,81.40858459,10716.8259,104.2818707,0.867386489,0.424151265,15_img_.png,0.09000595747817354,9.122933323244988
0.09979248,0.298375726,62.81248177,0.232175402,5.704528862,102.3701477,0.004333496,95.69618225,45.98612976,247,110.2326813,2672.490587,99.02096584,0.94854543,0.393624949,160_img_.png,0.10273657189480341,9.391411279681748
0.239044189,0.250084012,65.96599289,0.498034551,6.463727976,89.92536926,0.012405396,90.21138,89.71432495,255,44.8999176,8990.387079,118.9488763,0.871556601,0.29063523,161_img_.png,0.08271307301635168,9.116855497771239
0.220535278,0.250082722,66.70904889,0.47983366,6.49629616,92.95774841,0.009506226,90.81237793,88.17909241,255,29.84667969,7266.875111,132.6626268,0.902745757,0.290844417,162_img_.png,0.10879885178214217,10.293244519051497
0.251998901,0.250072234,68.34653695,0.49471566,6.53927038,86.40435791,0.012802124,88.20426941,86.38162231,255,44.80001831,13697.14697,112.6544029,0.831858772,0.28694883,163_img_.png,0.06602841799029135,9.168508240586
0.170806885,0.250253193,61.25593553,0.455186331,6.183382358,95.27233887,0.00944519,89.91609192,84.29524231,255,46.84609985,4744.534747,124.5498495,0.928048768,0.339561814,164_img_.png,0.08104231155963053,9.74730973593292
0.162719727,0.250241556,59.16521456,0.440870089,6.177992472,95.38549805,0.008514404,87.47122192,80.61605835,254,51.49967957,4888.66655,122.8965829,0.925467865,0.337749914,165_img_.png,0.07908141375494675,9.974281649482181
0.125366211,0.437613749,62.45826344,0.279674605,5.051298162,65.48127747,0.008148193,67.68395996,37.24293518,198,76.442276,2063.90604,114.4729081,0.972346862,0.533591394,1660.png,0.056177886150777734,6.360836067672877
0.213088989,0.250155669,59.55965397,0.359793728,6.40891995,71.60229492,0.012893677,78.94999695,54.16777039,255,76.96990967,5751.330832,112.2547159,0.892748988,0.310695967,166_img_.png,0.08969165434075994,9.034164094074718
0.099990845,0.375262325,51.0364234,0.147881602,5.197521649,92.54708862,0.003082275,69.96014404,24.03182983,236,124.8533936,5147.176497,97.81599542,0.900704265,0.495437062,168_img_.png,0.13204602976750848,7.732819252000099
0.274841309,0.253980122,70.80588558,0.285325852,6.509456683,88.93951416,0.015182495,101.4141998,54.31283569,255,112.0959473,21198.97772,101.4357482,0.775191282,0.286588156,169_img_.png,0.03457401056478588,7.96456671576496
0.156326294,0.250497519,59.86491437,0.478198282,6.001777809,93.17779541,0.008255005,90.62538147,87.8943634,255,42.00921631,2809.156307,121.9636139,0.951673541,0.366279453,16_img_.png,0.1713618809067823,9.900199630054951
0.128982544,0.250432716,57.07311852,0.361254605,5.84317323,110.1333313,0.006195068,95.10661316,74.14387512,241,63.74928284,2885.195038,117.7974907,0.95647001,0.349940337,170_img_.png,0.1856076338713866,11.469014148048991
0.148834229,0.250295842,61.23091777,0.336059748,6.07646991,96.38725281,0.011062622,106.648056,68.23199463,252,75.32989502,1321.168144,104.6408398,0.971175238,0.336595502,171_img_.png,0.16745183883172046,10.080281898910888
0.284393311,0.25005098,70.73851393,0.32832039,6.583185965,89.38598633,0.013977051,104.3578796,63.61006165,254,94.8614502,20042.30117,105.8369259,0.778986813,0.274633583,172_img_.png,0.026351660124305714,8.081838776758298
0.096969604,0.336409794,62.09874396,0.305687303,5.391140515,98.84660339,0.005722046,86.81080627,56.75311279,252,90.44615173,3104.881157,107.0320578,0.955133803,0.446349948,173_img_.png,0.17591641057230692,9.009729729822723
0.116668701,0.437656392,70.56819013,0.317750072,5.033278468,80.18574524,0.007629395,79.99899292,50.89871216,216,57.20198059,2217.213498,123.098673,0.977101317,0.562952336,1742.png,0.08540596153406571,8.819012782984668
0.012893677,0.251001257,66.99808157,0.329910359,5.305264453,137.5692139,0.000305176,122.9763031,85.95666504,249,72.95770264,737.4048058,117.176991,0.995140913,0.389764356,174_img_.png,0.3859661617151198,9.91337014346147
0.075164795,0.251387258,61.94767228,0.510759338,5.507052708,99.35258484,0.005661011,102.7976837,103.2501373,247,23.90904236,770.5131073,122.8588486,0.988977552,0.428413,175_img_.png,0.27991416888877385,11.350254368780302
0.181915283,0.336019377,78.08468463,0.436058021,6.063420883,92.87342834,0.008804321,91.05873108,80.20509338,255,43.20671082,11353.66038,127.8185746,0.896492304,0.395539688,176_img_.png,0.05439991360755849,8.543678460662372
0.151550293,0.246376544,65.93443425,0.234710292,6.462319671,126.7421265,0.008682251,88.60975647,50.54530334,254,124.4203339,8486.85129,110.9956576,0.892170456,0.344807955,177_img_.png,0.17638867938548708,8.397464617234288
0.133483887,0.250608142,57.74764925,0.489736116,5.773706311,85.43717957,0.006851196,94.61157227,88.17637634,248,36.57344055,1951.043,125.7340541,0.970810113,0.365717939,178_img_.png,0.10228416338607484,10.522750412794593
0.234024048,0.250143085,59.75940534,0.506413068,6.209333613,76.60298157,0.012329102,91.72492981,85.24345398,246,36.45545959,4472.599637,127.6325266,0.933415085,0.301699062,179_img_.png,0.07210050463003272,10.861946251777049
0.224731445,0.335986011,69.61456336,0.406737561,5.946778521,91.31391907,0.010574341,84.39823914,71.46873474,255,57.30688477,8089.966697,125.9549433,0.910239368,0.371201911,17_img_.png,0.040752719909587516,9.245601435330201
0.173812866,0.250261788,59.07554577,0.32350657,6.347058499,79.02366638,0.010467529,87.78721619,53.9644165,251,88.38955688,3719.366531,104.6413317,0.935154483,0.350573216,180_img_.png,0.11182390608343651,10.022133919936064
0.170928955,0.298272711,58.87328868,0.286756721,6.016038785,83.54190063,0.007110596,78.63891602,46.50643921,255,117.2151337,10868.76768,107.1707287,0.816212709,0.412874771,182_img_.png,0.13603676588124733,10.229212626725946
0.160629272,0.250410191,55.87541789,0.497233158,5.941585726,76.14797974,0.009109497,85.44335938,80.34857178,255,33.14633179,2868.569412,126.9911859,0.946302457,0.337853472,183_img_.png,0.09888663412265736,10.029148995141615
0.050704956,0.347962121,48.35085472,0.593936221,5.373654725,41.26945496,0.002716064,59.56199646,59.88745117,251,57.83113098,1089.845924,121.5431232,0.974158822,0.470212892,184_img_.png,0.24436839611031969,11.30836713303119
0.259674072,0.250078833,66.1763577,0.509794088,6.479269005,75.46246338,0.013244629,92.72546387,85.74121094,255,41.5629425,7375.024541,127.2218525,0.895388333,0.28587276,185_img_.png,0.06359163807647834,8.94114129042272
0.148788452,0.359458194,60.65442377,0.28731206,5.67881327,84.05851746,0.007476807,73.57424927,45.28979492,255,84.62374878,5078.046828,111.8657876,0.925357211,0.416981706,186_img_.png,0.09424065578249308,9.30299551665182
0.141021729,0.250370686,58.28560184,0.485949271,5.946841139,84.35096741,0.00743103,91.18930054,85.30366516,255,31.57008362,3006.063506,126.7940097,0.951860526,0.342916806,187_img_.png,0.09326188631558831,9.893695129916114
0.2447052,0.250104017,63.16211198,0.503712464,6.372367101,75.18617249,0.013626099,90.06248474,83.23780823,255,38.87608337,7137.249399,125.7730887,0.893072874,0.292397566,188_img_.png,0.06849141656241481,9.541333674757102
0.054046631,0.438202051,50.7471474,0.189849505,4.83776717,67.41755676,0.003311157,61.24639893,24.42678833,245,105.7191162,1675.518378,91.39723517,0.962326866,0.639512603,189_img_.png,0.159242113212654,6.5387803224833805
0.137115479,0.324443289,56.23823447,0.162868854,5.51279825,65.55581665,0.007507324,97.15571594,26.50064087,234,133.4566956,2866.770213,81.37237891,0.95073582,0.409662974,18_img_.png,0.05107514045923206,8.090091673270647
0.224456787,0.250120542,63.24917194,0.494048189,6.343830946,84.32945251,0.011291504,89.70881653,85.98329163,248,25.38412476,5161.842132,132.3246684,0.927526388,0.301714745,190_img_.png,0.06511884674227056,9.184496807769273
0.142974854,0.250186982,64.57693877,0.467648371,6.388525841,94.86470032,0.007247925,91.36404419,87.08956909,252,40.66552734,4349.785919,121.785052,0.944275463,0.341173232,191_img_.png,0.14826938541457488,10.518256330840982
0.227859497,0.250125886,64.05770494,0.452766728,6.464310573,76.57017517,0.014266968,81.50726318,71.57220459,255,50.49810791,7410.860832,122.8217703,0.886858676,0.303324478,192_img_.png,0.06513381917112165,8.773651391801224
0.19493103,0.214992796,71.26589177,0.40713934,6.860604043,85.9641571,0.011535645,92.27410889,72.56781006,255,92.43185425,6707.047528,122.6297401,0.899023476,0.299394447,193_img_.png,0.12788514988583985,8.593685717787931
0.221572876,0.250137426,63.87382634,0.497906929,6.374370263,76.82948303,0.010070801,89.83416748,82.98298645,252,45.29582214,5724.52092,126.9742712,0.922031732,0.302627263,194_img_.png,0.08718234194679392,11.183189843318024
0.168060303,0.437552822,57.99199514,0.497723557,5.151026768,49.19084167,0.009078979,56.20904541,52.46000671,251,30.79284668,4055.337287,126.4066804,0.924127427,0.496636869,1957.png,0.057605189125590116,8.045116491751203
0.13659668,0.250321959,59.73621647,0.459946381,5.994745136,92.20420837,0.006439209,95.078125,86.13983154,255,35.88131714,3458.811268,124.292314,0.950962331,0.347742506,195_img_.png,0.1546497303491026,11.15923862771498
0.230361938,0.250112682,62.43121493,0.499249253,6.405039277,72.39811707,0.009963989,85.28184509,78.72160339,255,43.41998291,7386.188778,126.9339513,0.894307742,0.297136475,196_img_.png,0.08204161779681894,9.55558930147268
0.152893066,0.339965468,84.21872575,0.359292376,6.007887566,104.3262329,0.008758545,102.1150818,74.17279053,252,59.41221619,3132.178131,123.2808079,0.973859208,0.442173138,197_img_.png,0.08261637018163466,6.7234887559431105
0.190948486,0.250168884,59.6764801,0.484121501,6.25781708,76.01516724,0.010147095,85.24645996,78.07022095,254,41.98448181,5285.296003,125.5691441,0.917457586,0.311556439,198_img_.png,0.09127126393467262,10.398653719211435
0.131210327,0.250285461,60.76347353,0.460177257,6.263248531,87.67906189,0.007125854,89.92242432,81.72816467,253,44.00259399,3828.965054,122.1502346,0.945852261,0.356896876,199_img_.png,0.18426128676027176,9.8767899610511
0.179794312,0.336007553,61.59753875,0.289174669,5.979677227,71.02561951,0.009231567,70.02189636,40.78736877,255,95.8589325,7676.254173,112.4418413,0.893315834,0.388174842,19_img_.png,0.054843453742533986,8.91366007126361
0.1847229,0.437528828,65.9912651,0.420456431,5.275725395,63.39675903,0.009048462,65.16149902,54.05314636,252,52.64530945,8163.815942,118.4322634,0.895794511,0.478877474,20.png,0.0337775299118431,7.269897302686694
0.169342041,0.441433442,72.9884537,0.562033673,5.231835942,53.38088989,0.007476807,74.29524231,71.75828552,255,47.27719116,6919.738647,132.5893751,0.929608385,0.472707041,200_img_.png,0.02913947282488018,8.935836143031093
0.189025879,0.250206153,62.46315176,0.431567097,6.372079026,86.56207275,0.009979248,89.96958923,76.18525696,255,66.03804016,9490.899299,108.6410017,0.875676965,0.323958526,201_img_.png,0.15528836617084144,10.445060114817428
0.123947144,0.254160666,76.51361902,0.535257909,6.086513895,94.16363525,0.00579834,126.4538422,118.0872498,250,53.03636169,2777.845669,124.3087333,0.975983778,0.327598724,202_img_.png,0.14104361715652206,11.080233445782826
0.127746582,0.315362407,54.17661588,0.183039412,5.73677874,74.61497498,0.007110596,73.66868591,27.14175415,247,129.2511292,3808.623588,97.10564928,0.914456156,0.493409315,203_img_.png,0.23819761720123714,10.95753930534106
0.112579346,0.293392707,52.03356939,0.259162054,5.771788546,52.81343079,0.00668335,88.86579895,36.71788025,226,113.7412262,1330.275636,91.02886416,0.964197773,0.440047609,204_img_.png,0.23441419763015428,9.121257410365617
0.095794678,0.250828901,59.52282892,0.478255645,5.596801131,99.30290222,0.004180908,99.29109192,94.97869873,243,30.42370605,1910.151732,131.6446747,0.976946078,0.400556327,205_img_.png,0.17240475294429344,9.956099075876963
0.212036133,0.250109249,63.34542248,0.501633801,6.4443863,73.2910614,0.009414673,84.66220093,79.23469543,255,37.97993469,7820.66999,127.3672442,0.888303311,0.295003925,206_img_.png,0.08962506330305615,10.685082050525597
0.246139526,0.250088912,64.90985424,0.508721592,6.457250082,76.21887207,0.011901855,91.01806641,85.07704163,255,39.99565125,7792.234444,128.6957608,0.890987829,0.294306165,207_img_.png,0.07889943530447367,10.278051548307236
0.183853149,0.339920076,71.92846621,0.350339607,5.77280288,94.15713501,0.010803223,97.05229187,66.98823547,246,57.49598694,3306.012323,118.9590734,0.959860362,0.400671588,208_img_.png,0.06700374191206851,8.069455853199957
0.218322754,0.250119951,62.01568681,0.507093664,6.308737475,82.12492371,0.010848999,89.31442261,86.93580627,254,29.50901794,7230.353501,129.9302542,0.893073527,0.302452173,209_img_.png,0.07838427188548042,11.11990526639156
0.18447876,0.250234225,61.19735811,0.482571191,6.167765858,85.85470581,0.009124756,92.26902771,85.9573822,255,43.4644928,4968.828524,121.2703121,0.925606028,0.322589547,210_img_.png,0.1239063113423694,11.897836098667291
0.241287231,0.250085738,66.95743876,0.504494923,6.514558202,77.39598083,0.012939453,87.34745789,83.11222839,255,32.84417725,9349.349391,131.2761591,0.868341558,0.290875248,211_img_.png,0.0645560791022181,9.000537180066347
0.25793457,0.250061032,69.24415329,0.510329897,6.557180052,80.66593933,0.011566162,95.19151306,89.74531555,255,41.52403259,12491.97859,131.8393885,0.834644248,0.281187492,212_img_.png,0.06283315515034592,9.2140944952603
0.119949341,0.250903698,59.38917298,0.489481045,5.743814467,96.18681335,0.00491333,95.38078308,93.76870728,254,41.23176575,3987.157634,122.5198346,0.943229853,0.388811333,213_img_.png,0.13153427713652596,9.66703024995944
0.135665894,0.25064041,59.97311419,0.493362181,5.77894669,97.28215027,0.006011963,96.30032349,95.50627136,253,35.81129456,4028.082927,119.7925047,0.942608117,0.362527881,214_img_.png,0.10964064115174793,9.819292053592267
0.229919434,0.250112319,63.80706317,0.50222575,6.311035798,86.97070313,0.011047363,92.03515625,89.90135193,255,28.58277893,7999.157794,129.9148545,0.886652223,0.300686026,215_img_.png,0.04819185792201258,9.015706000093616
0.244140625,0.250083611,65.81784849,0.505845312,6.414381494,84.91114807,0.012619019,93.70373535,90.35150146,255,27.05285645,8299.731728,133.616208,0.87110729,0.290255251,216_img_.png,0.0747639941969701,8.94930702177324
0.253341675,0.25011015,63.02083665,0.502060162,6.218190177,82.81481934,0.012283325,96.88035583,90.2177887,252,31.47787476,6217.852921,128.0641459,0.901416421,0.28860298,217_img_.png,0.05017152307834919,9.036309560707291
0.271499634,0.250051211,68.55359266,0.53806657,6.602420155,66.42066956,0.012573242,90.55979919,84.46594238,255,65.30194092,16973.82011,127.0300636,0.756880057,0.274908764,219_img_.png,0.045359178545802674,8.734309774941766
0.23260498,0.250107119,62.8387639,0.498450974,6.371647922,79.55915833,0.011062622,87.57548523,83.3084259,255,39.73646545,11363.6222,124.8200315,0.834099192,0.299226066,220_img_.png,0.05360159538162859,9.312191797124926
0.19102478,0.250292161,63.68862655,0.259734733,6.458597234,106.4889679,0.006729126,76.96911621,47.6504364,254,116.1125641,8297.756241,115.4507433,0.917548083,0.347639342,221_img_.png,0.09208515604375696,9.403295049283525
0.048965454,0.386879019,52.93335538,0.21389337,5.383632954,73.19636536,0.002288818,64.94554138,29.54763794,250,100.4025421,1639.722011,104.0673658,0.970527503,0.49058292,222_img_.png,0.2849039965597649,10.4639198308322
0.170547485,0.250341094,61.05428051,0.476525313,6.103687734,91.09895325,0.007904053,94.05941772,88.23265076,255,47.73020935,7375.866576,118.6889224,0.889282296,0.349106506,223_img_.png,0.147245379212788,10.277460116845845
0.162826538,0.2503575,61.5164326,0.48168116,6.078999065,93.00598145,0.008209229,95.39826965,90.7507782,255,44.1459198,6373.540225,120.7245435,0.902425588,0.354972529,224_img_.png,0.15028653316933735,10.305613289263224
0.139724731,0.441527123,65.07589228,0.264855529,5.256485397,68.24459839,0.006469727,63.58155823,34.91488647,255,84.37998962,19206.24908,110.3818087,0.797646516,0.519654455,225_img_.png,0.07062127829824862,8.012801153861721
0.126846313,0.250786918,59.93295438,0.481995632,5.683937259,96.60832214,0.006607056,98.74450684,94.15921021,254,36.87124634,2885.992141,122.2545961,0.960275168,0.376858618,226_img_.png,0.2049904406720461,11.117630306174519
0.062026978,0.382894598,73.97658958,0.357973662,5.58779492,95.73913574,0.003128052,83.71376038,64.2394104,255,58.14190674,3281.317105,124.9819485,0.97130301,0.447785854,227_img_.png,0.15892229947582975,8.22764071692758
0.157150269,0.332142365,66.62118393,0.222916287,6.046541127,89.0599823,0.009811401,80.49076843,37.79562378,255,105.8847961,7165.30493,114.9524167,0.909656882,0.439646881,228_img_.png,0.10230598410181972,7.319052679014036
0.086624146,0.402814622,43.0277201,0.351657439,4.980141136,44.15742493,0.004852295,39.37683105,29.3754425,254,58.90530396,1993.528006,119.0709848,0.933190292,0.556806214,229_img_.png,0.17608890549187342,11.853972591147324
0.124984741,0.250677136,62.2346868,0.47176645,5.829972535,104.8756409,0.008483887,101.3569336,97.29360962,252,36.09062195,1235.480615,127.1161371,0.980912491,0.395728734,22_img_.png,0.14958236927892135,10.241701991334809
0.254440308,0.250083151,63.50009184,0.510000992,6.446335791,73.94825745,0.013168335,83.9805603,80.54385376,255,33.42216492,13532.54981,130.1621398,0.790393606,0.287316794,230_img_.png,0.05411424056469066,10.584874574857036
0.082946777,0.250977298,62.21968195,0.485675342,5.55767649,104.6476746,0.00440979,103.5052795,101.0947571,252,33.235672,1899.11299,131.003693,0.977005031,0.388627221,231_img_.png,0.12545282893717,9.688886889574837
0.140792847,0.25049655,59.53556114,0.489797349,5.831857715,93.49647522,0.006851196,95.68353271,92.65986633,251,37.69546509,3072.508353,115.1818779,0.954157965,0.35072588,232_img_.png,0.11172436065254095,10.193377752808102
0.161132813,0.250253306,61.80324934,0.500386173,6.077871991,91.2371521,0.007965088,96.11305237,93.74745178,255,32.89872742,4310.595526,121.2516633,0.939361612,0.33074586,233_img_.png,0.08958531798494902,10.460533246887536
0.234283447,0.250078057,62.98217561,0.500863826,6.358515159,81.43093872,0.00958252,89.29342651,85.50965881,255,27.11253357,13650.60676,132.4969554,0.799769132,0.27945759,234_img_.png,0.03987288921460483,9.654050472847114
0.185317993,0.250189565,61.63951094,0.489218033,6.084427766,91.95648193,0.009002686,96.56274414,92.227005,254,32.7822113,4516.079191,127.197239,0.93423295,0.312958237,236_img_.png,0.06549131337067621,10.046476783676798
0.091751099,0.251261198,60.66157028,0.429299841,5.412481204,109.1035767,0.003997803,104.5691681,91.72967529,248,40.89085388,1948.428126,131.2250177,0.97501406,0.407079746,238_img_.png,0.25912637218505313,10.17174391245563
0.146072388,0.250332284,64.18446728,0.468357417,6.220105567,101.9100952,0.009429932,97.44485474,93.36936951,255,40.20587158,1742.892924,121.0614623,0.965834635,0.361551035,23_img_.png,0.15922213771136948,9.261684060410673
0.086853027,0.363728883,59.84832779,0.327091947,5.582264509,70.87454224,0.003997803,60.59489441,43.00259399,250,116.3741608,3842.429888,105.6633446,0.943336389,0.518821613,240_img_.png,0.22287187503601993,9.10094961914933
0.086471558,0.250809062,61.52500355,0.483446476,5.627577521,104.5408936,0.004440308,101.8900757,99.79832458,238,28.24079895,1772.652575,136.9080557,0.977818663,0.410628386,241_img_.png,0.14539983010925386,9.297664653930752
0.251373291,0.250132696,62.98236738,0.514169813,6.167858628,88.91642761,0.012619019,94.06277466,94.0823822,250,20.38830566,9416.019071,128.8672074,0.866593671,0.299694013,242_img_.png,0.05191603267584494,10.008637402448246
0.159118652,0.250319623,62.09778407,0.50029337,5.947130141,99.36399841,0.007369995,98.22975159,98.85484314,252,28.41419983,4452.603055,126.7512001,0.940666817,0.34819661,243_img_.png,0.07332717884015295,9.528317955541231
0.087615967,0.488357176,61.85054216,0.295414449,4.759438542,62.24786377,0.004714966,61.45726013,36.54428101,253,79.92982483,6202.733378,97.48009261,0.892163342,0.556263963,244_img_.png,0.14902926892251256,7.701532074591622
0.1484375,0.250321235,61.08496996,0.497922205,5.861541157,99.26898193,0.006652832,97.20179749,97.8271637,251,24.26164246,3681.431942,130.8275337,0.950885188,0.335681498,245_img_.png,0.0696660778292283,10.234014794092703
0.122314453,0.375238013,56.88907604,0.321598168,5.398119278,73.07020569,0.003952026,60.72935486,43.0296936,254,91.40553284,8745.658873,109.5630129,0.855874289,0.461364782,246_img_.png,0.14473665000260294,9.636004261303064
0.216781616,0.250156549,60.16151899,0.512523893,6.242418044,81.34254456,0.011611938,86.71269226,86.13232422,252,24.5330658,7155.557011,129.3530587,0.891891538,0.311253893,247_img_.png,0.06634581789704906,10.173332283457672
0.040649414,0.250951442,60.96087967,0.468754767,5.672291019,105.4036865,0.001785278,100.9581146,96.733078,232,27.25619507,1068.509176,136.8756573,0.988629677,0.45461775,248_img_.png,0.3118096862041242,9.71185256286493
0.094039917,0.250545854,63.49549872,0.427602817,5.94670093,108.9120483,0.007659912,104.7585144,91.36613464,236,38.36807251,742.3551939,128.973804,0.985275591,0.389708327,24_img_.png,0.15510274503927726,9.056413053482085
0.250457764,0.250088165,64.96640627,0.515559063,6.444546342,77.34347534,0.013320923,88.2434845,85.36985779,255,31.11830139,9765.805843,131.8096412,0.866261818,0.291150668,251_img_.png,0.05388667030975497,9.758699561129422
0.141464233,0.250281421,61.00571173,0.500213238,6.033432984,94.3243866,0.006988525,94.12258911,94.26367188,255,24.97898865,4149.756625,127.4411101,0.945120937,0.350169242,252_img_.png,0.12334170619747091,9.152162801903822
0.254638672,0.250080534,65.7707557,0.505950102,6.455479586,77.40751648,0.013824463,89.13609314,84.26275635,255,35.35742188,11010.43272,129.5414884,0.825534773,0.28683527,253_img_.png,0.05196396159303549,8.877706407015962
0.127746582,0.437813985,59.2702676,0.521425752,5.11610699,49.21980286,0.008071899,54.03103638,53.83764648,251,62.65827942,7428.209924,102.5008005,0.87684306,0.573237198,2546.png,0.12212796056870008,8.828101591857951
0.029174805,0.250962917,61.47589446,0.469689525,5.704021293,105.2985229,0.001266479,101.1165314,96.95098877,205,22.91345215,843.7109476,138.7120475,0.99228799,0.463885812,254_img_.png,0.34000707203880953,9.441140900795238
0.022384644,0.25171425,67.98933508,0.181480214,6.125577023,142.877243,0.001174927,112.8078156,46.40177917,235,143.1270447,617.8144652,90.05145093,0.995505092,0.574916105,255_img_.png,0.46782564697739737,8.645476069341804
0.153793335,0.250534001,54.95466074,0.419601306,6.032391527,86.27027893,0.009918213,83.99447632,71.4433136,254,59.28018188,2233.985306,118.62889,0.956547361,0.372160037,257_img_.png,0.19923403717982865,11.726745210740999
0.165969849,0.020198512,41.05496303,0.306353512,7.197198825,116.0652008,0.009628296,98.45661926,65.71951294,253,112.934494,7229.391445,57.76203514,0.758984627,0.189590604,258_img_.png,0.9068978627492736,18.424488475072856
0.169448853,0.335997128,72.77906608,0.434422317,6.032092128,89.03837585,0.007446289,81.97383118,74.29151917,255,51.37197876,11270.9019,129.8333152,0.899666769,0.383200862,259_img_.png,0.05609207153606741,8.737960451519145
0.126586914,0.250396282,66.26354748,0.444131017,6.079650205,110.4398193,0.008850098,106.8732452,96.51547241,254,30.72727966,1245.826354,133.8337608,0.979253663,0.38196894,25_img_.png,0.13357992606191585,9.17571653514758
0.098388672,0.250294704,54.73257667,0.274026851,6.332444752,87.10632324,0.006088257,75.60620117,44.58760071,248,118.872406,3123.802573,94.54142171,0.936284291,0.370899847,260_img_.png,0.2604003894467149,10.15015579933435
0.187759399,0.250240539,61.35448347,0.512966738,6.057151639,88.38301086,0.009292603,93.40524292,93.25132751,252,18.14920044,5877.843816,132.0477297,0.914111383,0.327572186,261_img_.png,0.07379865199547425,9.52366166379406
0.111206055,0.437915323,46.20206387,0.348124399,4.877289859,38.3977356,0.008148193,41.68605042,27.87911987,233,73.77429199,2548.25195,117.7497274,0.923032269,0.57620435,2629.png,0.09010104200292463,9.049254620042746
0.132400513,0.250298665,60.86072211,0.50520459,5.994926481,93.06358337,0.006271362,94.87765503,94.94877625,242,16.66615295,2952.18272,131.6133962,0.960446049,0.354408886,262_img_.png,0.1033093531771202,9.111257651341361
0.059524536,0.441816387,67.88026557,0.275279354,4.987015737,79.37652588,0.002319336,70.97904968,41.38978577,252,83.37876892,1075.397603,106.4383842,0.990366408,0.600604479,263_img_.png,0.23615391911658723,10.324829042539971
0.109603882,0.250303045,59.04937218,0.504344658,5.971999811,90.32221985,0.005599976,92.01974487,91.9631958,231,16.47259521,2335.438479,130.4011897,0.967806084,0.357422251,265_img_.png,0.110673091961233,9.583584140588858
0.199005127,0.250211351,59.87190929,0.512773274,6.138484347,79.72338867,0.010665894,88.625,86.32455444,255,25.05467224,6910.232608,131.5394711,0.888993644,0.314014685,266_img_.png,0.06420782404183925,10.305263082300042
0.114242554,0.437589569,45.72913552,0.344388818,4.871894806,47.73516846,0.007263184,50.71318054,33.9045105,182,57.76004028,1478.370795,113.8893136,0.957968042,0.516241043,2677.png,0.07573781195029233,9.864615374374365
0.083358765,0.250442616,59.29497652,0.501442885,5.82982108,95.33320618,0.003585815,94.914505,95.39836121,219,17.5544281,1775.45151,131.1102963,0.97618233,0.381679759,267_img_.png,0.1606365604340292,9.467478160831526
0.077178955,0.309102596,44.6242965,0.150551101,5.499470274,70.62147522,0.003417969,69.75430298,21.13372803,246,132.6076202,2714.672287,91.43570834,0.929357885,0.486329628,268_img_.png,0.2111866034977811,11.283447725678501
0.074569702,0.251035644,63.95798155,0.434963351,5.689000926,112.3734283,0.003829956,108.3046875,95.9868927,251,34.54827881,947.3743803,130.788814,0.98882932,0.430084915,26_img_.png,0.21331436335312878,9.378794271220077
0.178588867,0.437546251,59.33198159,0.433927357,5.249354368,50.79718018,0.013244629,52.47045898,44.81065369,235,74.49224854,4743.602202,106.0034984,0.897012879,0.489610043,2701.png,0.039252720697869226,7.780351852137992
0.171463013,0.250306982,59.63546996,0.500261584,5.997404933,84.70803833,0.009490967,93.61383057,89.20758057,254,25.19544983,3076.72973,130.76853,0.950647208,0.331646751,270_img_.png,0.0851526814074308,9.881735712173164
0.245773315,0.250092413,63.28911851,0.51183451,6.435374051,69.42501831,0.013320923,86.8999176,80.01249695,255,46.74012756,8292.675989,125.7897347,0.863709571,0.290254162,271_img_.png,0.0738909991059049,9.227326673046617
0.065353394,0.250553334,61.70973772,0.488705235,5.843387797,99.1986084,0.002563477,99.31433105,97.01431274,237,20.95855713,1236.39719,132.1804534,0.984946893,0.406261164,272_img_.png,0.21327985122588525,10.109284134486256
0.131256104,0.250387308,57.4940527,0.49955518,5.966776931,83.33351135,0.006866455,88.35450745,85.76763916,248,21.06466675,1949.858613,130.35619,0.966816386,0.345507738,273_img_.png,0.12122313331153785,10.237541342221931
0.081954956,0.441464103,76.3368402,0.288520833,5.282451006,83.27079773,0.004119873,83.46124268,48.10566711,251,69.29832458,1669.88144,117.3590263,0.984127929,0.521487214,274_img_.png,0.1347308503442692,7.535514177945794
0.230484009,0.250131967,61.01953998,0.498590203,6.355357018,70.1882019,0.013595581,82.85464478,76.30566406,255,41.03398132,8135.333084,124.4573973,0.865899267,0.301504403,275_img_.png,0.08599177263563024,9.772297306738722
0.09022522,0.250443968,60.87431227,0.499903238,5.981113712,93.7671814,0.004928589,95.62295532,94.67674255,242,20.82321167,1422.683336,132.0767167,0.982587005,0.390635709,276_img_.png,0.18006129459796585,9.298518092777805
0.122299194,0.437584812,59.25574739,0.386215867,5.206511411,53.6448822,0.00920105,55.14245605,42.01539612,228,51.57936096,1028.440638,123.3929596,0.968004145,0.521176714,2774.png,0.06383317481219923,8.800832786966984
0.12121582,0.250754,66.94005929,0.273389815,6.301745054,98.05697632,0.006256104,94.57159424,52.66268921,252,113.7692719,2539.960632,98.29699919,0.967124573,0.369952747,277_img_.png,0.15294255274579646,9.275860972730973
0.046310425,0.438419818,34.25940143,0.303882602,4.618825246,37.78530884,0.003234863,33.69036865,21.72021484,233,89.45571899,1667.771415,115.8854674,0.921282851,0.676605147,2787.png,0.20850294975249925,10.759609533968256
0.100097656,0.539155167,59.56891315,0.328881855,4.433255392,53.92736816,0.00617981,48.04176331,33.53579712,255,71.09169006,3759.975285,104.3643961,0.9321311,0.626364166,278_img_.png,0.14380641257279672,9.364251987879738
0.091644287,0.371404137,46.21540291,0.327270208,5.240606027,59.10536194,0.004638672,45.42219543,34.20875549,252,82.60517883,3166.288533,117.805198,0.915359112,0.484051251,279_img_.png,0.16162463690397538,8.95599566726692
0.097183228,0.250860497,60.49061413,0.432882052,5.656959895,105.0207977,0.004852295,102.1698608,89.68911743,252,35.93484497,1140.666943,127.0226589,0.984691031,0.412868668,27_img_.png,0.1381961627622806,9.614540865094305
0.041427612,0.251798053,62.93163771,0.456607801,5.326410334,109.1438446,0.002838135,108.2920227,99.28291321,229,36.81562805,562.9707953,122.1673343,0.995962416,0.450451467,280_img_.png,0.1711003199650443,10.666076473544198
0.129074097,0.250275313,64.52835638,0.498362601,6.055308794,100.8012238,0.00843811,100.8648071,100.5028076,246,25.33972168,2585.884781,128.8355222,0.964652956,0.354681574,281_img_.png,0.10275711977371076,10.03160204346798
0.115310669,0.421973735,92.84812689,0.38445174,5.227459872,108.0904541,0.006835938,107.1944275,82.76664734,255,48.66426086,2579.487147,125.7813176,0.981846633,0.507310976,282_img_.png,0.123230875710302,9.042192794276907
0.079193115,0.344040935,94.67415859,0.343809327,5.977598427,122.4694519,0.006240845,114.4109192,81.44168091,255,68.8684845,1274.543613,123.3984004,0.990226036,0.529433769,284_img_.png,0.16344135434908222,7.0320605509715195
0.08454895,0.250379495,47.51626431,0.251939034,5.958284744,83.27030945,0.004837036,75.0280304,39.88153076,250,112.9016113,1581.479699,96.74933332,0.956297478,0.355479884,285_img_.png,0.21660517415127814,12.775776392193546
0.159194946,0.332454009,62.37003672,0.280640248,5.906760959,78.46273804,0.00819397,68.30331421,41.1884613,249,108.5755005,7656.458632,109.6924953,0.888459289,0.449067406,287_img_.png,0.1261508173485252,9.497861764062852
0.169723511,0.437541502,57.66231089,0.434339514,5.182332319,53.55003357,0.011657715,54.79121399,47.05688477,233,38.00375366,3568.732823,124.5003836,0.934097204,0.488287696,2882.png,0.03175917294841178,8.050502819209228
0.126419067,0.254084093,80.97035867,0.349218135,6.543528077,109.1632385,0.010284424,126.4510345,82.28077698,254,80.15185547,1336.396718,110.9774418,0.983375325,0.370726446,288_img_.png,0.1429657575048846,9.703509124295502
0.184921265,0.250107581,71.93353523,0.319678678,6.639838215,97.93788147,0.011016846,103.3390656,64.34394836,250,104.2446594,7582.043386,110.3670929,0.907161375,0.327856448,28_img_.png,0.09041785649881162,8.826711120302834
0.100265503,0.476703505,69.13504679,0.426153769,5.027630239,52.26048279,0.006637573,55.75080872,46.02941895,255,55.41293335,1628.609801,122.8641827,0.973329997,0.594571591,290_img_.png,0.11124723096279016,9.295171354270352
0.058868408,0.255210419,93.58132294,0.442836245,6.344478498,131.2526855,0.003372192,140.8603058,120.5014954,255,41.84507751,1285.316765,126.2887351,0.993312317,0.519859847,292_img_.png,0.3189991276630136,8.161100525806951
0.15020752,0.254217177,85.6899325,0.352241186,6.526221429,104.2965546,0.007263184,125.7026215,81.0151825,255,77.5395813,2094.662456,111.2056358,0.977976605,0.380329224,293_img_.png,0.15907266487668123,9.338459232346434
0.103393555,0.39155685,46.98921187,0.452419929,5.053353169,36.16403198,0.004943848,33.86546326,31.68273926,255,56.18479919,4200.304824,125.1647627,0.87103787,0.6283342,294_img_.png,0.22472489933891862,12.379483121944086
0.128646851,0.441745075,77.71617457,0.319897933,5.155206744,91.32592773,0.007980347,85.29066467,56.49928284,255,66.45199585,5649.61552,116.4689481,0.943320534,0.568491628,295_img_.png,0.10340147669771042,8.019613944592773
0.102218628,0.250997956,49.3646133,0.330220474,5.682631717,79.93789673,0.006378174,87.69252014,55.35499573,239,74.71966553,1090.154556,99.33765435,0.970786479,0.408822328,296_img_.png,0.23490714220656406,10.498945951614992
0.134933472,0.437625859,59.19378821,0.287619541,5.166197328,61.96131897,0.007034302,60.3157196,35.16926575,247,75.07319641,6034.601745,116.804827,0.908799723,0.545710672,2977.png,0.055879937852856526,7.7926245670211705
0.091369629,0.336082873,68.93761789,0.360258425,6.052136603,83.27339172,0.004089355,70.61288452,55.43882751,239,75.13771057,3385.075452,128.8543153,0.966137677,0.461425648,298_img_.png,0.2182312874697255,9.004110462003524
0.058013916,0.120965519,63.05672145,0.261727512,6.797821724,156.2306366,0.004364014,149.3816833,79.9871521,255,117.2404633,1062.318097,98.4237171,0.984577501,0.473700552,299_img_.png,0.38050734042461637,10.803644924010541
0.131607056,0.390699769,65.50251347,0.483115962,5.474641325,75.27044678,0.004379272,69.77719116,70.0748291,255,38.01582336,7727.085909,117.0533361,0.909868175,0.450581702,29_img_.png,0.12653981113859322,8.622584834345268
0.16078186,0.379202153,63.42762227,0.365945253,5.663954842,72.99253845,0.007156372,63.57595825,49.97659302,254,107.69487,13260.70041,109.3727132,0.819955595,0.488821216,2_img_.png,0.15474635388150812,9.017383955224407
0.09576416,0.438615798,49.71541705,0.252918153,4.884389265,58.30555725,0.006484985,51.41288757,27.74978638,244,85.82385254,3322.183622,112.2549494,0.927247258,0.635759374,3001.png,0.15737610018957307,8.93905190219767
0.09815979,0.34042578,73.6745879,0.416931223,5.869976352,68.17304993,0.006713867,86.48257446,64.48075867,252,73.11938477,1180.479176,112.8593406,0.984232214,0.544401341,300_img_.png,0.24250273546715062,8.62283996287286
0.119293213,0.438031725,68.03087158,0.42590892,5.192910804,64.92895508,0.008102417,62.6295929,54.32832336,253,50.12208557,4191.389031,111.1911154,0.946177111,0.607197135,3015.png,0.09727892091585033,8.290890478682554
0.081451416,0.488963762,72.61648761,0.282032506,4.588147394,76.6567688,0.004135132,76.68504333,43.24737549,253,69.17958069,1428.375662,104.1260154,0.989059439,0.674316519,301_img_.png,0.14061934606569382,7.7051514183081355
0.077560425,0.441567813,70.1706009,0.28234288,5.234925056,79.06890869,0.005584717,73.53747559,43.08732605,254,75.93812561,1100.007381,113.2431677,0.985312802,0.58748355,302_img_.png,0.18429660721522323,8.48432381060608
0.097000122,0.336187534,82.65909829,0.35595985,6.011027945,114.9811249,0.0052948,102.8721313,77.54701233,255,59.62559509,2027.710189,126.348517,0.979548546,0.498822109,303_img_.png,0.25189223273550565,8.00869627076861
0.222427368,0.254009552,75.5432507,0.55780039,6.576363111,80.76208496,0.01411438,106.4065552,104.4027405,255,54.69035339,3266.008194,130.1886907,0.963298958,0.323242833,304_img_.png,0.06303197599429673,8.510768163979415
0.115646362,0.337310129,64.39807095,0.308434052,5.611641974,88.03479004,0.00718689,85.48736572,53.5201416,255,89.55255127,2959.798769,102.754844,0.961967329,0.5614725,305_img_.png,0.22703841883922635,9.673195590850126
0.095092773,0.441675603,67.17035753,0.38783466,5.219020359,66.19897461,0.005218506,60.61238098,49.18183899,255,46.26353455,1315.940806,126.6094048,0.978103184,0.596237901,306_img_.png,0.14928428282200976,12.573228887492114
0.101898193,0.441520944,86.37462883,0.43785645,5.127188453,85.06253052,0.00730896,95.60984802,79.10856628,253,31.03713989,1277.219081,128.4284862,0.990966999,0.562574309,307_img_.png,0.0963361640379974,8.436636526340825
0.162780762,0.340092316,70.42004293,0.233542306,5.786581836,96.45689392,0.008544922,92.72297668,44.1815033,255,109.203064,9066.844691,98.43735952,0.899764096,0.431055659,30_img_.png,0.10567812788801893,7.8101215913826705
0.15385437,0.437587976,66.43443337,0.410001241,5.29828087,60.93444824,0.009063721,62.02087402,50.41183472,252,61.80699158,4852.314664,117.1958488,0.932460601,0.521470064,31.png,0.06616338417825221,8.280050494304172
0.176055908,0.336066154,93.00856692,0.45807255,5.795843603,112.885498,0.009750366,127.4985352,110.113327,255,28.95739746,2482.153952,125.2880662,0.985912861,0.417550848,311_img_.png,0.08826149106596122,8.788166008101854
0.095443726,0.50007653,81.1764377,0.377546184,4.933494308,79.02915955,0.005645752,70.36250305,56.4022522,255,51.65367126,3305.485174,117.1219956,0.976991031,0.593988875,312_img_.png,0.07339116145806619,5.5102620815802155
0.11895752,0.441477764,73.21947172,0.309534038,5.286290083,85.01725769,0.007598877,76.03034973,49.84971619,255,65.5567627,2293.481764,122.3363557,0.96048878,0.542168425,313_img_.png,0.14378463079818576,9.184831474246772
0.096710205,0.39100404,76.65197989,0.345002762,5.538106109,92.5032959,0.006973267,92.45483398,63.81106567,255,62.704422,1669.957819,120.7221821,0.986954193,0.58928385,314_img_.png,0.18275634248828254,7.640908318580125
0.203811646,0.289139563,70.49825408,0.309018323,6.405953565,89.71583557,0.013168335,86.62481689,54.49249268,255,84.3890686,4648.718857,116.2568644,0.930928404,0.349475971,315_img_.png,0.09366361216651053,10.00415587106599
0.148513794,0.336101379,76.03395165,0.315073561,5.954008409,111.0294647,0.010025024,100.3491821,66.599823,255,78.18185425,3771.675857,118.5014337,0.950002651,0.455517107,316_img_.png,0.14735852798530427,8.247824729889212
0.11038208,0.333100842,67.36461642,0.273342358,5.801114737,97.99501038,0.007064819,87.66065979,50.74755859,255,99.36784363,2260.631178,102.9479547,0.960118019,0.546989023,317_img_.png,0.22412702029631978,8.9906577257064
0.112457275,0.337108494,77.51063333,0.429468155,5.930820008,80.17788696,0.005996704,80.03358459,68.8057251,254,75.79533386,2194.970887,109.2007654,0.979861031,0.551886097,318_img_.png,0.18993457250723642,8.272853612672366
0.154708862,0.437638774,49.90458831,0.347092093,5.00674641,45.60510254,0.010604858,52.12353516,33.9208374,248,74.76905823,3308.867186,107.3899881,0.899586328,0.528782237,3196.png,0.05946779744727728,11.612191737015278
0.144104004,0.254396344,66.3990969,0.275558282,6.462806863,105.5264282,0.008026123,103.0691528,57.48023987,255,108.8461609,2090.294152,104.0523824,0.965620269,0.444192653,319_img_.png,0.2567808511913467,10.124130728289773
0.09387207,0.438732461,47.97946586,0.30201728,4.818114458,48.33518982,0.008911133,48.47775269,29.23918152,242,89.94224548,912.2358875,101.1504722,0.952232085,0.632501554,3202.png,0.1596463583828079,10.953772307373438
0.15461731,0.336207776,72.34245812,0.379469195,6.058142669,90.15420532,0.011932373,81.49412537,65.13525391,255,75.15101624,4938.097333,122.2736559,0.915574014,0.482859458,320_img_.png,0.19239289199188037,10.11383909882692
0.142852783,0.442207143,87.17580081,0.301903436,5.076466262,91.03944397,0.006713867,97.05758667,56.78713989,255,64.47927856,4164.860795,119.9103794,0.966543461,0.550971956,322_img_.png,0.13030796109265694,7.09603367183462
0.157409668,0.134915773,54.58268018,0.29155804,6.959566115,130.5437469,0.011932373,89.2691803,64.08822632,255,124.1819,2928.473246,105.8218122,0.924997713,0.367866732,323_img_.png,0.21187219108593425,11.081927355040529
0.122238159,0.441491581,67.53281416,0.342554949,5.243143651,71.24171448,0.006790161,63.91610718,46.29898071,255,76.90054321,3687.012452,114.6994697,0.948839441,0.533848783,324_img_.png,0.12127057329305473,9.153089236650574
0.096481323,0.500138895,84.94751282,0.293284157,4.807697873,91.44522095,0.004684448,81.21670532,50.63900757,255,60.64356995,4272.00447,122.9931311,0.969145363,0.628022245,325_img_.png,0.13716789866131873,6.807255007347004
0.125,0.285895893,79.31833643,0.292528718,6.235932092,124.8606567,0.008163452,115.5490265,70.32673645,255,97.70350647,3143.122257,116.1005095,0.966898234,0.454011115,326_img_.png,0.19447735360864893,8.203613794148431
0.085250854,0.336154341,72.1698572,0.327352727,6.015942912,99.06785583,0.005493164,83.33866882,59.71127319,255,70.76779175,1475.577036,121.5110446,0.984467024,0.509722484,327_img_.png,0.21735139582098248,8.6499769589245
0.101821899,0.250760303,55.1398181,0.372696759,5.833800255,88.84381104,0.00743103,95.56834412,68.72981262,243,57.26013184,830.1113802,105.90994,0.979213162,0.405799557,328_img_.png,0.24921980812215636,12.570064358941366
0.144775391,0.37509175,58.75680685,0.259258513,5.596671075,77.71333313,0.007095337,67.605896,37.67524719,243,112.2450562,7531.888931,101.2098052,0.877763737,0.457155869,32_img_.png,0.0832935684220383,9.092788673101222
0.021011353,0.443209961,54.43697597,0.312362398,4.612058712,68.40791321,0.00112915,59.91348267,40.08277893,254,63.10365295,574.2414396,114.2830277,0.99120932,0.744181321,330_img_.png,0.33834294871379605,12.429329709097326
0.084579468,0.337057275,57.72300367,0.481957516,5.879911108,49.90884399,0.005615234,52.90127563,49.55010986,255,79.58760071,1617.079428,120.1343289,0.956164393,0.596798137,332_img_.png,0.3259559036387301,12.23823984861989
0.082260132,0.437726699,48.32038083,0.249853731,4.980194085,69.33792114,0.006408691,48.33499146,29.40101624,233,99.78570557,934.9005978,108.2288857,0.972484278,0.605049198,3330.png,0.14620279046529497,8.684550307013525
0.146621704,0.336251332,87.94898856,0.314934386,6.031438254,120.9972839,0.009216309,112.4827271,73.53088379,255,72.72615051,3458.087478,128.5687075,0.973844939,0.482456982,334_img_.png,0.13933463225303133,8.00261572376493
0.094390869,0.441590914,89.36631172,0.414298894,5.345962148,90.58352661,0.005249023,86.00120544,73.15885925,255,43.56465149,3420.541847,124.8570542,0.975806993,0.592605142,336_img_.png,0.18637501297721504,6.688941667650012
0.100250244,0.340164801,69.62637564,0.356588165,5.963612484,71.33428955,0.00630188,68.56443787,49.88623047,255,80.67524719,1676.566106,119.4752723,0.973496502,0.513744267,337_img_.png,0.18550007689842643,9.70823865240381
0.098083496,0.309256948,63.53824351,0.492608435,6.169233935,51.39479065,0.005966187,64.53712463,57.10903931,255,84.0149231,1757.722601,110.2919448,0.972543371,0.507995976,338_img_.png,0.25730743443146736,11.479340883925452
0.092895508,0.441622392,69.52868827,0.339657102,5.130247471,85.6002655,0.005874634,73.07138062,53.89395142,252,68.18344116,1665.217682,113.3531888,0.978145849,0.591106815,340_img_.png,0.1867486022291928,8.610290395829024
0.085479736,0.336157202,68.13936406,0.331571087,6.052044379,82.81895447,0.00541687,78.56504822,53.51026917,254,82.66056824,1957.899341,116.4259566,0.978197715,0.521736642,341_img_.png,0.32553246669767044,9.064683922773447
0.193466187,0.2892573,75.41032606,0.293000409,6.025433112,126.6331635,0.014251709,120.3894653,72.37773132,255,80.97026062,1599.83441,113.7191914,0.981499881,0.38669282,342_img_.png,0.08224782368861477,10.88452639056275
0.13822937,0.308918976,75.52118717,0.349673927,6.117549778,117.1083832,0.008651733,101.3592224,76.39242554,255,67.64744568,2006.410015,124.2669718,0.978111898,0.468804768,343_img_.png,0.1624563730771796,8.292006928006884
0.083236694,0.375433172,49.66232877,0.117732228,5.100670719,93.36578369,0.003219604,67.79238892,18.97351074,252,132.5511322,5448.463367,97.58246317,0.895824829,0.512646425,345_img_.png,0.27628393628005105,9.866185183840733
0.183746338,0.336090868,78.91993912,0.463793207,6.110265588,88.76139832,0.009460449,88.73582458,82.32200623,255,45.01991272,4288.864492,119.2203516,0.957397606,0.431056402,346_img_.png,0.08675872018421432,8.569709156761048
0.137985229,0.367266605,82.50586606,0.402676637,5.823219797,97.48083496,0.007873535,98.57418823,78.94677734,255,44.25424194,2409.471178,129.5768729,0.975331578,0.468457998,347_img_.png,0.1660354146517046,7.83917339852221
0.119506836,0.309555744,75.67273298,0.278525618,5.857998623,113.4528198,0.008270264,121.354126,65.39974976,253,88.32725525,2178.119706,113.7793041,0.978163153,0.558942846,348_img_.png,0.2586273155534598,8.053757464924601
0.171737671,0.437541324,68.79384676,0.416704179,5.333558461,63.30766296,0.007781982,66.2485199,53.98660278,254,60.98890686,9929.533422,117.8776666,0.888338378,0.491037149,35.png,0.06765514095747148,8.02824615613674
0.111785889,0.457175257,76.56385311,0.344847504,5.172287429,79.33369446,0.005340576,78.34606934,54.37547302,255,51.9697876,2583.995357,120.6368967,0.972435792,0.574536767,350_img_.png,0.1509416577521583,8.560030770292904
0.213546753,0.254043279,65.74169513,0.402553511,6.519984623,91.71298218,0.01499939,86.6530304,71.80186462,255,74.59014893,4188.042598,119.521868,0.930973339,0.337358128,351_img_.png,0.10280211233386281,10.90713847496158
0.2162323,0.293056227,72.16545027,0.384378006,6.185401445,103.0954437,0.015792847,102.2161255,78.91725159,255,62.91526794,2345.895384,121.7415767,0.960481611,0.352588652,353_img_.png,0.05732981101842588,8.78297157364403
0.040222168,0.500165058,65.41928668,0.355620916,4.820206217,62.42703247,0.002319336,57.41937256,42.61988831,255,55.579422,565.66965,119.9113868,0.98955006,0.682290476,355_img_.png,0.2604743277534218,8.988726843112165
0.104400635,0.255844071,78.64814238,0.250139357,6.302161736,138.5716705,0.006530762,128.6755371,66.8490448,255,111.4701538,2799.348076,121.060915,0.973456592,0.532836523,356_img_.png,0.3333694076665495,8.801344386998897
0.092514038,0.33928789,69.6459435,0.262701335,5.75200468,103.6241302,0.00642395,76.82241821,47.40354919,255,93.96759033,2652.951476,117.4133131,0.961031462,0.526591715,359_img_.png,0.21242490038643472,9.822290169086024
0.067886353,0.255451839,63.25056704,0.261536183,6.259003541,118.9203796,0.005020142,97.16873169,56.51512146,255,99.7469635,910.335845,113.1160229,0.982515065,0.569612148,360_img_.png,0.31122403962176687,10.055680506824816
0.060394287,0.390856653,57.86472339,0.298051812,5.505860539,61.10180664,0.003952026,63.88209534,37.25167847,254,77.42262268,645.5133359,109.4171074,0.985361049,0.570169476,361_img_.png,0.2817991970017785,10.936225422085052
0.110031128,0.336946025,58.24377855,0.280806979,5.777436974,96.41403198,0.005905151,69.42504883,46.56877136,247,95.40411377,1944.893904,116.1458829,0.9670347,0.569879413,362_img_.png,0.23566753643270122,8.730488147411355
0.106124878,0.051662532,38.23727391,0.252094984,7.000231042,111.243515,0.007858276,76.65045166,47.36712646,252,160.5548859,1337.556599,72.07223403,0.912929506,0.506171343,363_img_.png,0.65822831484151,19.08836419428224
0.034683228,0.442410221,62.42678647,0.270318434,4.933113296,84.33335876,0.002151489,58.28160095,38.55145264,255,90.84375,515.2305293,117.2396523,0.99085389,0.75010074,364_img_.png,0.3229558547165658,10.741446704813796
0.124771118,0.437615551,59.86516614,0.528092665,5.120192906,54.34867859,0.008834839,58.47471619,59.58120728,254,42.23519897,1710.476624,102.5472721,0.9735693,0.560561707,3650.png,0.08517392494657185,8.208346791363809
0.169036865,0.375154879,55.44425924,0.229956375,5.540089364,74.82415771,0.00453186,65.1053772,32.1776886,254,99.36425781,12926.86632,107.0880521,0.793405667,0.460596525,365_img_.png,0.08031631696307334,8.247685962005521
0.164093018,0.293105216,73.8507083,0.414845878,6.424663974,76.54425049,0.011535645,80.39254761,65.10458374,254,73.24786377,2831.190301,119.3147166,0.958221784,0.400334662,366_img_.png,0.15690364947887134,10.020669700800372
0.176422119,0.254511675,85.70478189,0.290611705,6.574945997,122.1657867,0.009658813,126.5206146,72.2711792,255,90.65234375,3952.827247,119.7709589,0.968428629,0.408400776,367_img_.png,0.1643189752591,8.340108656146098
0.083221436,0.437779435,52.14750337,0.354889697,4.985965967,57.72819519,0.005386353,51.47549438,38.75526428,250,72.59030151,3127.569008,101.516596,0.930700412,0.609154778,369_img_.png,0.15328660386620652,9.158481383567723
0.13861084,0.437608648,51.8980363,0.419945495,5.026819915,49.51274109,0.007324219,48.30831909,41.07951355,252,26.53201294,3896.38591,125.6703181,0.915374176,0.512444326,370_img_.png,0.08588769366573729,12.844665917313256
0.039016724,0.438266677,42.54873564,0.339145175,4.613991299,55.08885193,0.002304077,44.54055786,33.78883362,226,52.37217712,458.2171475,119.843034,0.982574467,0.654847201,371_img_.png,0.2402532165725018,12.672850790697591
0.106216431,0.437899673,61.30604565,0.46931316,4.958656378,61.90655518,0.007492065,64.32879639,59.24391174,253,34.57872009,2161.027151,111.5404404,0.967028103,0.584587319,3728.png,0.07612361721933791,8.878251524073399
0.032058716,0.439199948,58.83797471,0.387305111,4.200061083,74.75660706,0.001037598,68.94194031,55.65518188,224,41.71611023,841.6669005,115.823564,0.989414038,0.672477583,372_img_.png,0.2289064066177697,9.902402944260661
0.059112549,0.445066836,41.11731765,0.203100773,4.021446654,63.16291809,0.002655029,47.59909058,22.49584961,244,95.22091675,2942.017028,108.9790808,0.904417605,0.729223899,373_img_.png,0.25836884967401025,12.114987897289119
0.027130127,0.440496865,38.57995838,0.191346417,4.059415425,65.64407349,0.000595093,47.9679718,21.73925781,241,93.72375488,667.0028532,108.8188455,0.974559359,0.717253519,374_img_.png,0.29691693788494894,10.561818086004154
0.08946228,0.438295861,60.99445342,0.445745165,5.063240462,63.22564697,0.005325317,56.78535461,53.49432373,253,50.20973206,2691.133521,117.6736982,0.952848333,0.643035044,375_img_.png,0.13472157405125998,9.402842333495345
0.12071228,0.437865551,61.41512497,0.440859503,4.95983368,65.74214172,0.006454468,63.51914978,56.98606873,253,46.43467712,4254.438191,115.1706385,0.941588046,0.581004167,376_img_.png,0.09452047817629093,8.831674911596746
0.077529907,0.438016098,55.92581287,0.373231901,4.523003432,72.41893005,0.002929688,63.13114929,50.59161377,253,43.68434143,2001.571487,121.1513476,0.968052451,0.582070311,377_img_.png,0.14221920059820703,10.18604800726746
0.17414856,0.437549438,69.49281175,0.495043637,5.226971779,64.22319031,0.009094238,64.08932495,63.52029419,253,25.9899292,8077.108936,119.977313,0.913351859,0.491464165,378_img_.png,0.03135495159237765,7.293972876875142
0.100067139,0.43858491,61.41556515,0.44205583,4.815197672,72.53649902,0.00617981,63.34832764,60.06867981,250,34.90180969,2156.402493,117.894948,0.974876419,0.629802241,379_img_.png,0.14755197067733264,9.304258524164212
0.251525879,0.250072068,67.35605562,0.463336762,6.570552621,74.98490906,0.015411377,90.15109253,76.51358032,254,51.99407959,8194.265632,121.3313069,0.875493008,0.291116586,37_img_.png,0.06124303635680128,9.483215217601515
0.022247314,0.25147448,60.24987733,0.244279166,5.514683296,101.1384888,0.000747681,122.2948456,54.58010864,220,108.303009,521.1766075,92.8735213,0.996891134,0.5044824,380_img_.png,0.3383340230746352,11.871869700217971
0.177108765,0.2559129,63.68029491,0.159782475,6.1957211,123.103302,0.010238647,106.8334808,36.73986816,251,142.8220673,8434.753356,92.68756045,0.88504892,0.422334015,381_img_.png,0.18502343748776715,9.50236750451129
0.105072021,0.16551213,59.93586909,0.272096139,6.302410381,145.1701813,0.006317139,140.4498596,77.71611023,247,102.7159729,1186.618436,98.34600322,0.985314934,0.37539293,382_img_.png,0.24470268269551987,11.024183244829132
0.08984375,0.250815047,54.1281681,0.451435751,5.774744185,69.50028992,0.00604248,94.75141907,74.14909363,245,65.48442078,1107.421927,113.8368953,0.981872517,0.435280506,383_img_.png,0.12492927006599686,9.016029341350272
0.106277466,0.336849736,67.72096556,0.222884627,5.50302037,111.1531525,0.006454468,97.33818054,46.46951294,250,106.8584442,2560.312667,98.22857261,0.972601106,0.533229491,384_img_.png,0.18422866370038363,8.511940616157183
0.065811157,0.439220026,43.23586175,0.368826997,4.498134621,43.18304443,0.002044678,42.90034485,31.74987793,250,62.50453186,3755.606723,114.3760712,0.885672215,0.636621221,385_img_.png,0.1695033702783594,8.147179968956149
0.190719604,0.437524353,72.8053398,0.433577649,5.270955837,69.38540649,0.009124756,75.31112671,62.73718262,253,37.37310791,8286.805891,121.1717101,0.915892378,0.469034656,386_img_.png,0.03077418461525128,7.5748972214739485
0.092071533,0.43894675,38.64653762,0.419497006,4.568794338,41.55369568,0.001937866,40.55041504,34.44242859,203,36.94314575,3469.902972,121.0904107,0.88266113,0.593203537,387_img_.png,0.05659509041170439,8.163702395651246
0.151535034,0.437610257,54.7666144,0.271272576,4.941690303,64.84017944,0.008209229,55.91775513,32.75831604,245,75.31530762,4835.488753,116.3977918,0.892266025,0.510076363,389_img_.png,0.04559108627792832,8.1604665336581
0.098999023,0.250407942,54.34082726,0.140844924,6.051858269,116.9564362,0.005279541,95.01956177,29.85574341,245,157.9933929,2913.526932,81.85694996,0.946116262,0.375558257,391_img_.png,0.17724048586025573,11.048073622898475
0.058853149,0.437716523,75.41308454,0.476850124,5.082692036,74.76060486,0.004104614,77.28530884,72.50311279,236,15.66983032,753.9874594,134.9629445,0.991847338,0.597595471,3925.png,0.11446600375675099,6.881925932014931
0.114471436,0.332198522,49.41913004,0.204755505,5.746157425,65.62490845,0.005554199,57.41687012,25.19348145,237,103.7537689,4689.82738,109.0848304,0.904816581,0.446479718,392_img_.png,0.12618638601691076,8.526422838332783
0.158950806,0.250224882,66.14737348,0.220247037,6.373118255,119.729187,0.012619019,108.4427643,50.25419617,252,122.9973297,2655.141074,97.96362787,0.957045909,0.356813482,393_img_.png,0.1197678045541789,10.627130716762416
0.057373047,0.437847644,68.66915002,0.435797163,5.13874642,65.77787781,0.003463745,68.94224548,58.71064758,238,41.59649658,823.4528402,117.7816765,0.987836989,0.657869292,3947.png,0.17433185144023708,8.08196798113341
0.089096069,0.250244778,56.77180869,0.303393822,6.102978343,96.06016541,0.004806519,95.00840759,57.96902466,255,82.74182129,3297.677459,104.5713735,0.950151969,0.316155413,394_img_.png,0.1617799165278287,10.989122370381834
0.137893677,0.224524614,55.368856,0.374870715,6.414011651,84.74357605,0.006561279,79.36915588,61.52105713,250,87.28102112,3566.385191,109.2774787,0.9125458,0.397470375,395_img_.png,0.23275643123798676,10.96772354676591
0.174484253,0.375125464,63.86896116,0.315122917,5.705731206,77.78573608,0.00718689,69.25054932,46.33450317,255,93.86141968,14069.22811,112.0691577,0.815531703,0.456248634,39_img_.png,0.09549677858061045,7.72549863184322
0.136276245,0.375100552,64.74081152,0.420353884,5.597768272,84.78640747,0.004562378,70.32200623,65.20042419,255,53.63130188,9308.095327,120.1434535,0.889220841,0.449621759,3_img_.png,0.1286141771126014,8.5097383583353
0.0859375,0.437761475,63.80171578,0.399226727,5.230977802,67.45892334,0.004333496,60.84724426,51.22325134,253,59.53929138,3517.894505,114.9194024,0.954676492,0.639483613,4.png,0.24728790166371584,8.205666652579302
0.10508728,0.329091934,43.97235303,0.283100411,5.365838881,40.81736755,0.004699707,38.91607666,22.5725708,255,99.73939514,3297.051034,114.3063412,0.895245028,0.459079493,400_img_.png,0.184802170194311,13.562050727917615
0.077316284,0.383877581,37.22106444,0.245172976,4.941321073,48.85102844,0.00352478,45.75804138,23.19558716,248,90.35140991,2277.7623,107.818273,0.911727683,0.604531829,401_img_.png,0.2569345061217523,10.237063951448821
0.080307007,0.500170157,63.057472,0.247669972,4.639139812,70.96908569,0.0052948,62.82531738,33.13685608,245,67.57197571,1607.355622,117.9465258,0.979794784,0.642438394,402_img_.png,0.17307949517991947,8.271380743061986
0.168060303,0.301062704,62.00319891,0.155077167,6.038282857,109.9455872,0.011642456,85.32246399,30.28161621,252,149.5572662,7654.802501,96.84609395,0.883352113,0.424517319,403_img_.png,0.07952864814987361,8.109926519724093
0.10647583,0.250301208,51.6768051,0.26416931,5.800190829,93.36404419,0.004989624,92.90509033,49.20658875,255,94.96957397,3109.377684,97.90077249,0.957006501,0.313719782,404_img_.png,0.140476351889425,11.729641872758023
0.124923706,0.250360331,56.46226291,0.160961037,5.996444076,111.7367096,0.008377075,102.6878052,34.51399231,220,138.7352142,2499.019933,91.78727134,0.953513206,0.3821356,405_img_.png,0.16965146993619507,8.668228104758583
0.053985596,0.336476911,67.78796693,0.196993878,5.411569986,112.6491241,0.002670288,109.0105743,43.66560364,244,105.0400543,1041.730369,105.9878495,0.991095977,0.516039617,406_img_.png,0.25070349063896424,8.62061853212168
0.041488647,0.438621186,49.8879694,0.400914118,4.774390256,51.66513062,0.002655029,52.50857544,41.76470947,223,45.93450928,521.8194028,118.0253926,0.987591586,0.717102732,4070.png,0.23631688258542285,8.18393585177506
0.109588623,0.250266475,57.0657352,0.169509387,6.229106212,103.5581055,0.005187988,94.99833679,33.65718079,230,132.7107239,2301.080277,99.85217769,0.960914243,0.377548491,407_img_.png,0.2310070139017996,8.242049148585735
0.130493164,0.36370328,61.85202792,0.322215057,5.532214438,71.1721344,0.009063721,81.74362183,49.27175903,255,81.95707703,3629.747268,108.0608468,0.939188924,0.511222798,408_img_.png,0.1554918602361206,7.869530307541864
0.235839844,0.250089772,59.49220459,0.280691417,6.424237603,94.81530762,0.010284424,87.77633667,51.25190735,255,100.2149963,9842.210553,107.6643394,0.861010372,0.288263669,409_img_.png,0.05930079568210737,11.305814037844852
0.156829834,0.250216437,44.73606046,0.359795665,6.111016897,60.27935791,0.00630188,53.80665588,41.0476532,255,81.72329712,4724.239471,114.9953756,0.887877963,0.321009658,410_img_.png,0.08107004100528563,11.071400904810094
0.137237549,0.375190427,60.79163928,0.236792005,5.533350396,83.69462585,0.00642395,70.07862854,36.41227722,255,122.7913055,7997.619155,101.4528903,0.887655433,0.465779201,411_img_.png,0.15072956737699542,8.873049163299797
0.149032593,0.336086511,68.79854886,0.297233386,5.829226919,95.89448547,0.007354736,94.14224243,56.48526001,254,78.3837738,4177.521543,113.7515488,0.944520381,0.423218693,412_img_.png,0.1264581415173566,8.334983984379729
0.188537598,0.250257835,59.21735665,0.34910667,6.426331079,67.57086182,0.010635376,66.90960693,46.94802856,255,117.3780518,14588.29143,108.7114929,0.735768753,0.332973441,413_img_.png,0.12574244925161848,9.093076366626162
0.101379395,0.379168255,74.92966202,0.401627982,5.310022059,95.35656738,0.001754761,95.48916626,76.64898682,249,45.12837219,5410.810989,127.2570503,0.954758754,0.526092546,415_img_.png,0.2366195229788016,9.099296282437209
0.119064331,0.386811633,53.8645832,0.251264351,5.234398407,80.28736877,0.005523682,67.2467041,37.0700531,255,83.25227356,3266.042446,111.4262753,0.942627915,0.445589503,416_img_.png,0.11545077212738437,10.283910320664575
0.070388794,0.363522921,57.30071192,0.215238404,5.455301214,91.53605652,0.003860474,76.33660889,36.13264465,236,104.8365173,1223.185264,106.2602545,0.978243947,0.514214526,417_img_.png,0.21381350798651907,8.938749116694552
0.195770264,0.250144268,49.95269283,0.213007862,6.170256147,85.61351013,0.007873535,78.09715271,34.87165833,255,124.7826843,7223.217163,97.20781997,0.865023136,0.295019366,418_img_.png,0.07611196959531243,11.467123924941912
0.13722229,0.394608957,53.12926704,0.21369205,5.321101969,92.30439758,0.006271362,60.04846191,32.55659485,237,106.5357361,4021.056053,112.7393891,0.922683816,0.452645471,419_img_.png,0.12636197776933075,8.613153346035324
0.244476318,0.250082989,67.27250154,0.320451832,6.529279111,93.496521,0.014297485,99.61126709,61.88174438,254,85.63354492,5055.059301,108.3798284,0.92042177,0.294435717,41_img_.png,0.0708510580733055,9.126301449902986
0.131011963,0.336062366,56.01532724,0.200294839,5.766034392,102.194458,0.005020142,72.15110779,34.92051697,250,120.806076,7997.987468,105.7172566,0.872989788,0.411443294,420_img_.png,0.13100195273541437,7.871723767298055
0.14213562,0.254196202,68.47924355,0.336211098,6.577489466,102.8896637,0.009033203,84.4390564,62.98199463,255,78.9752655,2781.092896,135.3005003,0.960866987,0.412867369,421_img_.png,0.1661249450406255,9.651794524141833
0.110336304,0.336302687,63.50115215,0.295372935,5.961580313,81.16265869,0.005950928,71.65261841,45.13749695,252,93.76296997,4526.33763,109.644923,0.939889944,0.489253715,422_img_.png,0.21562615178572866,8.36421528049975
0.18409729,0.25018888,57.13573373,0.171835291,6.334338218,114.4233246,0.010192871,82.38279724,33.8182373,253,147.7110443,7378.374624,100.2599897,0.87969802,0.32782398,423_img_.png,0.08886314468641754,9.507201275235298
0.118179321,0.375178497,70.58614697,0.354491913,5.524917685,100.8317108,0.005661011,82.9375,65.1446991,255,62.72915649,8263.514285,132.57133,0.91737289,0.471629144,424_img_.png,0.1944085500981124,8.31075655593707
0.123413086,0.250272224,70.77377725,0.238323414,6.497536346,129.6830292,0.009140015,101.2161102,55.02867126,241,129.4071198,2835.079925,105.402495,0.970027565,0.38723969,425_img_.png,0.18445395018056157,8.617788553984498
0.099060059,0.336051225,70.17742988,0.304759326,6.046344352,95.28483582,0.005859375,81.46871948,53.86729431,254,86.48129272,2602.685484,117.6025835,0.96937122,0.456334672,428_img_.png,0.20928926293173566,7.505992630991161
0.136352539,0.250330444,59.36241417,0.245846612,6.191472985,111.9764099,0.008377075,98.70323181,51.7948761,236,106.9986877,2495.306365,99.39866047,0.961410127,0.364817385,429_img_.png,0.16577125670633844,9.02539190094256
0.158172607,0.375114024,52.92593108,0.376845698,5.523870474,44.19728088,0.008026123,47.58227539,34.58673096,252,77.84437561,7081.834361,118.7187813,0.865888863,0.438777672,42_img_.png,0.05581689534964431,8.603418253633254
0.063552856,0.25070911,56.71762458,0.36602029,5.793785438,97.32028198,0.00491333,98.39381409,71.6353302,247,55.80253601,524.069266,108.0925995,0.991525759,0.39676965,432_img_.png,0.30759824372943184,12.335569699729696
0.140838623,0.39067711,69.42713684,0.29326846,5.548443734,71.70631409,0.007293701,85.25868225,46.03288269,251,80.90110779,3880.978318,110.1866372,0.963186471,0.442012536,433_img_.png,0.06665523502121068,9.405244593756914
0.112884521,0.438401433,43.14416613,0.263874958,4.716545249,65.47280884,0.006469727,42.1121521,28.38897705,251,86.24557495,2656.574432,120.5700796,0.934466422,0.64022331,435_img_.png,0.10146762462317038,9.264746333488695
0.147354126,0.390680545,70.60165549,0.439890368,5.59762004,62.36647034,0.010467529,82.11009216,63.55384827,251,64.41696167,2379.037251,120.7282077,0.973980708,0.445327121,436_img_.png,0.060447947784512616,8.343225288138681
0.062576294,0.250446158,63.50448861,0.287985201,6.138208594,108.8381653,0.004013062,111.4678955,63.44488525,240,88.70880127,999.2287968,106.6990541,0.988359774,0.418633413,437_img_.png,0.27774201340048216,9.541774196495664
0.155380249,0.250178029,74.73320547,0.242436452,6.556084355,121.7838745,0.00881958,119.9539642,58.60606384,247,110.7763824,2150.551572,107.7893397,0.969400416,0.349183736,438_img_.png,0.12680775651463327,8.256744488897182
0.033447266,0.325426797,41.9859701,0.243117746,5.516852306,61.38861084,0.001724243,53.75367737,27.99313354,248,113.8967438,699.4329998,104.7898959,0.980658461,0.568204938,439_img_.png,0.32928445794524475,10.62887121296721
0.156448364,0.33993959,69.49677264,0.28328627,6.056933199,87.21257019,0.007629395,80.62942505,47.54733276,254,107.7525482,7965.617583,111.0058643,0.908740651,0.412666668,43_img_.png,0.10671177861878889,7.528035679570467
0.090682983,0.437615212,69.47473885,0.196657144,5.115067473,82.84243774,0.006011963,85.46795654,33.09944153,245,95.9306488,1237.437714,98.02089302,0.980405596,0.557925998,440_img_.png,0.12220981166857446,8.163183031952258
0.12059021,0.25032425,53.63067299,0.241611276,5.97046137,77.14811707,0.006759644,102.2281342,43.33932495,206,116.3942871,1800.520802,88.0449792,0.966743002,0.362314678,441_img_.png,0.13798079651651288,10.246000384989793
0.139587402,0.45317183,71.48239343,0.311917773,5.057161158,70.95399475,0.006454468,80.8520813,47.35101318,249,70.26998901,6196.465345,111.8472736,0.932751153,0.498793569,442_img_.png,0.05926418679685925,8.095876075386274
0.217910767,0.250077154,66.42928035,0.332235474,6.520877762,86.85855103,0.010421753,98.81387329,61.68696594,251,86.92245483,7862.39246,107.2196258,0.899202022,0.289908604,443_img_.png,0.0717186670984243,8.220706610687941
0.117889404,0.250287778,65.81732182,0.426494433,6.08720379,93.34207153,0.00769043,112.8666077,87.94685364,247,71.24856567,1371.717112,120.6169719,0.982446492,0.347125017,444_img_.png,0.1419523233856326,9.170719492952351
0.133682251,0.351642243,66.64325336,0.275769294,5.576951216,106.3677826,0.006225586,89.88475037,54.12042236,253,83.35653687,4325.290508,116.5481415,0.950057372,0.388837043,445_img_.png,0.08145999015900357,8.69787062234879
0.140411377,0.251376373,57.95994285,0.191181434,6.187414482,115.2230835,0.006027222,93.37356567,39.87980652,251,128.3101044,5326.400625,101.0192118,0.924458126,0.429131697,446_img_.png,0.23110744995829938,9.113246599949797
0.088592529,0.250501292,56.32442327,0.310177769,6.010898417,96.65840149,0.006256104,97.57983398,60.24838257,247,79.3625946,967.2685105,104.2088399,0.979409196,0.398329167,447_img_.png,0.19933053574863735,10.960757025037548
0.122817993,0.375240315,60.37183476,0.293269468,5.558803286,74.2719574,0.005981445,62.54141235,40.1231842,253,93.72244263,7365.67287,110.2369478,0.890865869,0.482591889,448_img_.png,0.1314873443809285,8.020718360371387
0.080886841,0.332361723,72.94195766,0.286395054,5.68455051,112.042572,0.002685547,88.03509521,57.30125427,253,85.19577026,3100.526275,121.421121,0.974949041,0.468893753,449_img_.png,0.14867757023270942,6.880474650424846
0.193115234,0.250188228,66.34758376,0.265889485,6.51268926,101.5901337,0.011795044,85.93844604,49.86187744,254,106.2899323,10650.56046,115.283111,0.865380276,0.34171018,44_img_.png,0.08111006413355744,8.411092984110176
0.114547729,0.289817846,63.83079355,0.348360007,6.111176532,89.69761658,0.005752563,84.53106689,60.69430542,255,89.04646301,3321.95252,113.9406276,0.953284788,0.460789778,450_img_.png,0.2093523627094678,10.098994792205666
0.066452026,0.500044245,73.91372355,0.383969412,4.804441154,68.94833374,0.002807617,61.77613831,50.19419861,255,56.11599731,2295.85111,117.80355,0.983252772,0.564770548,451_img_.png,0.11700028878316666,6.797773685538143
0.172668457,0.336045028,57.98561098,0.375193789,5.834411268,76.64889526,0.005264282,67.75906372,54.18096924,252,104.4301147,14201.65676,105.0242565,0.77398325,0.411462874,452_img_.png,0.09481218675199916,8.588962971799011
0.085708618,0.336335803,71.28781173,0.426292848,5.879563126,94.91125488,0.004730225,87.50280762,77.7618103,254,32.29977417,1920.519256,134.870173,0.982900885,0.5733982,453_img_.png,0.3085726005355811,8.063509862295962
0.006912231,0.254242029,26.02155606,0.364221026,5.485034837,32.76695251,0.000747681,35.87440491,25.00062561,123,88.6449585,152.399977,111.4258772,0.9874761,0.624562091,454_img_.png,0.2700815770373819,8.398923369660627
0.061004639,0.201464728,33.95760038,0.363283865,5.972255066,58.32214355,0.004089355,48.4131012,38.77519226,200,69.99632263,711.3196211,106.6207937,0.961764386,0.431578258,455_img_.png,0.25319857573599197,10.084423625201929
0.182388306,0.38677164,76.05587448,0.43113149,5.614861205,85.63233948,0.013702393,83.5743866,72.9503479,251,26.587677,2354.552111,133.583987,0.967496645,0.439985005,457_img_.png,0.05261651240862214,7.5344620211361075
0.12361145,0.250400562,56.08182996,0.306471602,6.063993261,94.35714722,0.008361816,95.04338074,58.04588318,248,82.43545532,1467.248934,104.3461832,0.96810188,0.372383292,458_img_.png,0.1935139291598799,11.574750672698467
0.143753052,0.44145243,65.19653789,0.298960992,5.260955062,51.18130493,0.007217407,70.55174255,36.39343262,253,95.65861511,12745.30775,104.2050403,0.841703583,0.507082542,459_img_.png,0.07377399805431893,7.1928208522752834
0.087722778,0.336174367,59.15808239,0.243184619,5.628783928,86.2364502,0.007568359,84.32443237,41.4777832,219,89.22454834,879.3321176,105.1846618,0.982610031,0.458839505,45_img_.png,0.10776139717467335,7.946257995155754
0.134063721,0.379058175,76.96312369,0.376791223,5.717154873,85.24679565,0.0078125,90.19894409,66.10641479,255,70.40544128,2868.927119,116.2337277,0.971940449,0.500212856,460_img_.png,0.1252622239287273,8.357635390569996
0.120101929,0.375102114,57.34785953,0.239863287,5.582260402,79.76661682,0.007415771,64.6676178,34.64447021,253,104.6489563,6143.224504,107.2501705,0.896010922,0.449343527,461_img_.png,0.11447586903026981,8.514213868279128
0.133346558,0.29308644,70.23416729,0.348327734,6.336886281,89.94036865,0.010406494,82.69555664,60.13388062,245,85.4322052,1567.922759,118.7198039,0.983102756,0.3750009,462_img_.png,0.12815281380763244,9.212209562898947
0.161819458,0.324309952,66.12996126,0.453918087,6.026107035,80.77386475,0.007614136,78.22303772,72.17156982,254,71.21908569,6108.716036,114.2856897,0.925697003,0.403841009,463_img_.png,0.08160889734781772,9.478057280773605
0.180435181,0.375052395,60.62331333,0.409710581,5.618968034,60.02307129,0.009735107,60.16090393,49.24064636,255,63.83164978,8658.262603,120.8226484,0.862143291,0.407712049,464_img_.png,0.0399936294400697,9.323013619020191
0.102783203,0.336235221,57.82339903,0.34277512,5.425846965,89.60479736,0.006744385,72.6098175,55.60313416,255,78.45469666,5641.091361,111.9462301,0.895852093,0.407338846,465_img_.png,0.08859347242626914,10.105429429461147
0.155883789,0.250506587,74.43799979,0.228155324,6.439316329,141.7653046,0.009140015,123.1059113,60.43177795,255,117.0000305,4591.72196,105.1811317,0.956253882,0.427383838,466_img_.png,0.21483029108264282,8.142491294920323
0.145904541,0.250337151,58.33707368,0.294677816,6.148209681,98.19969177,0.008377075,98.31480408,57.90846252,250,86.21723938,1810.714942,104.1791407,0.964985576,0.358564477,467_img_.png,0.1569387442659229,10.900406539844
0.192443848,0.375050396,59.85927134,0.297205159,5.662051869,78.50090027,0.007965088,64.9906311,42.64642334,254,101.9225922,11078.41906,107.8603787,0.82852793,0.419841291,468_img_.png,0.06433590744135013,9.234991081754329
0.092712402,0.336519529,87.8004407,0.398761345,5.465380766,127.8756104,0.004821777,124.4585876,100.6211243,252,43.873703,2005.23373,128.8848104,0.988762942,0.498140578,469_img_.png,0.1896338582914733,7.388492768421456
0.081436157,0.445488881,53.71253265,0.223375067,5.035523089,59.3293457,0.005783081,51.72755432,24.80734253,252,102.5670013,2038.375814,104.5816949,0.941377445,0.575405898,46_img_.png,0.22892667287492285,9.97095664955014
0.103713989,0.437587694,58.59140629,0.176341736,4.867639559,65.8006897,0.006622314,77.8372345,25.32936096,200,102.0170441,1223.801977,89.65563321,0.982584759,0.507861387,470_img_.png,0.08952149181206955,6.644731920430548
0.036911011,0.558808421,78.82329876,0.630718184,3.696387339,48.28636169,0.001464844,70.4614563,74.89640808,223,40.42333984,803.9119565,78.13605294,0.995929864,0.675367042,471_img_.png,0.06729638395579442,8.674926602993022
0.071258545,0.500047014,55.03755037,0.346671668,4.438196418,64.76496887,0.002578735,53.20378113,40.89642334,233,49.63450623,1681.019727,121.9991466,0.972246047,0.539952313,472_img_.png,0.07295987148824774,9.257310353326059
0.04888916,0.41819066,56.38434209,0.227533295,5.206314936,62.78175354,0.003112793,60.9178009,28.14576721,248,101.2378693,961.0015901,102.1430894,0.981949714,0.55160568,473_img_.png,0.22944362403874163,9.493787266378229
0.079376221,0.437647306,66.70254281,0.489379558,4.945405948,63.56680298,0.00579834,72.54110718,66.60842896,254,26.77488708,752.6772031,126.6453612,0.990292986,0.558069139,476_img_.png,0.16891352205037857,8.692228654818946
0.161026001,0.254166257,51.45822285,0.309817404,5.927720773,80.10688782,0.009124756,84.7888031,51.08755493,225,83.31167603,2962.067945,100.3064323,0.938395605,0.321264511,477_img_.png,0.07397634577933267,9.753513010355295
0.1743927,0.152811219,59.06945382,0.265616379,6.89522655,100.2754517,0.0105896,104.2749023,54.33192444,250,126.0309143,3480.833775,111.5610747,0.940714513,0.257543281,478_img_.png,0.19299445543767027,10.9277643494805
0.074432373,0.25168632,86.17571956,0.452185597,5.757374005,145.6300659,0.004333496,147.1888428,132.408493,251,26.86419678,926.411706,128.444331,0.997177826,0.494540966,479_img_.png,0.2786459884763424,8.737193872918906
0.078140259,0.250701904,53.62553057,0.228074353,5.95552891,99.58770752,0.005722046,97.4553833,44.94047546,246,109.857666,852.3544686,94.25904086,0.986665155,0.452088543,480_img_.png,0.32857665794421453,9.543805655718323
0.081222534,0.410257036,69.81026385,0.245351542,4.875643058,93.14376831,0.003555298,95.64790344,46.32032776,238,80.170578,2350.550307,109.8571917,0.979571374,0.451509859,481_img_.png,0.09889494480933715,8.438027677054333
0.219543457,0.335982359,70.64292803,0.335340519,6.04643547,73.94073486,0.011703491,85.60668945,53.50271606,255,89.91888428,12145.16702,112.1554697,0.867274281,0.37887579,482_img_.png,0.031981444874442315,7.935270060751412
0.201446533,0.250102163,61.69398739,0.343457565,6.47317894,93.75418091,0.01109314,78.07106018,59.01467896,255,104.1126251,13423.87338,113.1626121,0.810578596,0.29359942,483_img_.png,0.09519558894224807,9.274094480138336
0.241317749,0.253979281,67.30506311,0.352113917,6.422101356,94.97885132,0.010437012,104.138092,70.11184692,252,71.95452881,8532.607004,109.0618852,0.892675338,0.28834361,484_img_.png,0.0723451186559586,9.853688859144617
0.041900635,0.438209044,56.71346409,0.351643615,4.790478885,76.14300537,0.001800537,62.1234436,48.62051392,229,50.96914673,1141.027542,122.9329648,0.986476223,0.712787941,485_img_.png,0.3022488621212573,8.49245080727244
0.087081909,0.251056214,54.38350993,0.266652203,5.949541489,90.04023743,0.004119873,94.44252014,49.19273376,185,92.55111694,1661.921893,100.8836724,0.972621373,0.416245126,486_img_.png,0.1632035723275828,8.576874592444259
0.099914551,0.4344572,48.97857145,0.245899558,4.86952523,53.2558136,0.005310059,47.58554077,24.79684448,244,87.7663269,3511.42987,112.9758496,0.8997992,0.59865808,487_img_.png,0.13807234350599923,10.574765870829212
0.114578247,0.367358061,49.56170072,0.293412099,5.354596678,63.98735046,0.007034302,57.7565918,35.72114563,253,78.59555054,3827.44581,99.08425678,0.915057175,0.44378453,488_img_.png,0.10857639082409631,11.3434540451657
0.190353394,0.250176912,58.78483286,0.261257882,6.395650247,89.37393188,0.014892578,90.80751038,47.07382202,249,104.9082489,5986.515767,103.490506,0.900469131,0.339812802,489_img_.png,0.07050275614521925,9.537705153791624
0.041519165,0.355582164,74.78224165,0.388518864,5.772180946,105.0728912,0.001312256,90.85211182,76.12055969,254,52.35955811,2401.861728,129.0103438,0.983073019,0.441871092,48_img_.png,0.27442742152291477,8.326766796333704
0.109359741,0.410355095,62.23224965,0.151210709,5.002949692,93.00273132,0.005218506,84.22453308,26.79866028,254,114.8716583,5993.672164,91.4244948,0.916800767,0.491323213,490_img_.png,0.15708849574343595,7.730327616970666
0.162521362,0.254188698,59.21699866,0.390852019,6.208395426,84.6879425,0.007293701,75.34686279,62.54992676,250,70.64645386,4392.151707,119.1131751,0.929759347,0.327491834,491_img_.png,0.12888602216825398,9.430528179797113
0.162155151,0.254280152,53.24288882,0.312550299,6.083795691,81.03533936,0.010726929,85.83360291,52.15493774,240,85.82398987,3511.021682,105.057393,0.931271027,0.367421798,492_img_.png,0.11811430743013983,9.368049046498468
0.131057739,0.438057418,61.07479939,0.400893621,4.855778359,73.47381592,0.005752563,65.97961426,55.9059906,253,34.16995239,4498.236515,126.9071829,0.945968732,0.587732811,493_img_.png,0.08362761130661474,8.676966267003003
0.082366943,0.437713587,66.61857083,0.443152997,5.160279505,71.85745239,0.004669189,64.07318115,60.23806763,247,33.32069397,2614.555541,128.4342751,0.970610586,0.612504657,494_img_.png,0.1696194806364489,7.939123600890586
0.070770264,0.488388238,69.36316021,0.399057324,4.698630991,55.18661499,0.004211426,73.90530396,51.51507568,248,48.29447937,797.0267953,115.7415115,0.99249367,0.598531525,495_img_.png,0.13077225462271244,7.547773577758394
0.149810791,0.324358634,64.53007081,0.204744834,5.958209929,85.03915405,0.00819397,87.71310425,35.37013245,254,119.5244293,6449.622691,103.3941522,0.919615678,0.432104266,496_img_.png,0.1353400621147426,8.439571344322639
0.263320923,0.253971328,68.24770749,0.356434023,6.549557683,80.58708191,0.015609741,90.22038269,60.8815918,255,86.88612366,15741.2062,110.3201664,0.81317838,0.290748077,497_img_.png,0.03817062300220649,8.636933606200692
0.099517822,0.390823543,55.35605578,0.171077018,5.310272837,88.23168945,0.00440979,69.33071899,26.95530701,252,117.0971832,6013.364387,99.62578576,0.90010833,0.500843427,498_img_.png,0.19238711675203854,8.32701771087359
0.097488403,0.402465785,56.17659477,0.169134443,5.351271379,81.90260315,0.004516602,66.22555542,25.05357361,252,113.4875031,7204.14385,102.3306381,0.884495331,0.499238521,499_img_.png,0.20707646533936527,9.163723414351628
0.211883545,0.355520558,57.39460559,0.257347144,5.71050865,82.62950134,0.007400513,66.70515442,38.43084717,254,104.3002319,12179.53528,109.158588,0.82604463,0.394271565,49_img_.png,0.03471799056526038,9.01341193300603
0.21697998,0.250109623,65.53485562,0.44331397,6.525633828,78.9390564,0.013412476,80.13412476,70.5193634,255,57.45552063,7126.332242,122.8221482,0.887696003,0.302536382,4_img_.png,0.08254507600861197,9.835268210336675
0.108047485,0.250554223,67.327613,0.307504244,6.115321416,112.4798737,0.006744385,118.1161499,70.90925598,253,80.49053955,1897.63065,109.9840232,0.978027438,0.415666511,501_img_.png,0.18004743059199046,9.024272377756681
0.093658447,0.437637456,72.35046394,0.462120994,5.192980056,74.94804382,0.005523682,68.29618835,66.19616699,254,27.87156677,2582.118293,132.8561547,0.976658786,0.583139855,502_img_.png,0.11596833865081886,7.253752125473487
0.115844727,0.437640929,62.42321842,0.389372804,5.08054272,75.41427612,0.009140015,62.68161011,53.77078247,253,41.64625549,2647.345395,132.0681675,0.965547688,0.585198247,503_img_.png,0.06045608796732446,8.232393073408609
0.061386108,0.438473058,55.18065131,0.328059293,4.466668746,71.44110107,0.002029419,65.09614563,44.79231262,248,52.9440155,2165.188095,114.1299927,0.96108949,0.618443336,504_img_.png,0.10323696232103922,8.52602076161474
0.07409668,0.43808813,57.0254837,0.344595973,4.764022004,76.03100586,0.004180908,63.29270935,48.01039124,245,51.63453674,1420.530165,120.8181658,0.982183919,0.6570373,505_img_.png,0.14589345620853986,7.2833209142490745
0.132537842,0.375100001,62.56447192,0.295744435,5.614687418,69.92710876,0.008026123,63.94335938,39.59144592,255,98.55055237,7506.63803,106.4323543,0.894588907,0.432562814,506_img_.png,0.09717862935643488,9.158783596718795
0.130722046,0.21649502,69.48588195,0.375059114,6.302029789,125.3534851,0.005706787,106.0562439,86.79232788,252,71.44743347,7655.046611,118.4761732,0.904131457,0.31230557,507_img_.png,0.31047555966992285,9.198006662246524
0.160217285,0.437581019,63.94791706,0.507876246,5.125134322,61.92190552,0.00881958,63.2665863,63.58026123,246,49.89233398,4568.013671,110.7621649,0.938014381,0.511667426,508_img_.png,0.039205009494148686,8.981834562369214
0.166412354,0.437646835,66.35650714,0.448113993,5.126634567,71.19662476,0.009552002,67.21894836,62.0259552,254,31.57867432,6809.846114,120.8613058,0.917471247,0.523327232,509_img_.png,0.04016316015810491,7.573801782823088
0.152587891,0.2506245,50.91658414,0.303448007,6.153870245,64.98083496,0.008331299,70.47737122,41.10452271,250,106.1951599,3156.38739,104.0951149,0.921147078,0.380769895,50_img_.png,0.20084053451168762,11.112978115917201
0.158401489,0.437549344,58.38467673,0.202982638,5.122247383,62.54684448,0.007522583,67.23664856,26.34379578,246,100.7433929,7746.317123,100.236251,0.855145617,0.494823685,510_img_.png,0.056512848190539366,8.02046379163429
0.149139404,0.250431284,65.98659618,0.293093122,6.378085134,115.2726898,0.005081177,90.38240051,60.27609253,255,114.772644,8564.231597,110.3516534,0.904846262,0.365087964,511_img_.png,0.168293149376837,9.602526499336477
0.210906982,0.254003445,64.40509088,0.413689528,6.475948054,90.80314636,0.007446289,85.8500061,73.07955933,255,66.87731934,9747.031296,123.52996,0.885460329,0.312383927,512_img_.png,0.058151842384459224,7.970309616766419
0.233886719,0.328158793,81.77659985,0.442209354,6.18253416,91.06983948,0.010742188,92.54779053,81.19743347,255,64.98843384,15178.71649,126.0164842,0.872453868,0.356494983,513_img_.png,0.0384506137178432,7.551711807220399
0.088348389,0.250423136,50.7135469,0.307628673,5.973168995,62.640625,0.007537842,87.31954956,46.13204956,205,98.75984192,873.4668604,95.8648935,0.979824036,0.367135565,515_img_.png,0.12836130275258426,10.62436967261208
0.180664063,0.254070666,62.14241456,0.363348462,6.237506167,86.92419434,0.008911133,100.435379,68.07681274,253,73.06114197,5876.62135,109.9283993,0.915134178,0.309310259,516_img_.png,0.07265947751882577,9.1531402436189
0.156692505,0.367261894,70.28371909,0.394962215,5.81568352,71.99760437,0.007247925,72.42855835,57.0428772,255,86.97059631,9293.2034,112.6262515,0.90357986,0.424421535,517_img_.png,0.09213627525501585,7.498738141166585
0.14730835,0.437592719,69.95078283,0.156907896,4.98921146,99.61535645,0.00819397,89.91455078,29.73873901,246,104.1725159,3347.488776,99.00592424,0.964615356,0.51759606,518_img_.png,0.05055580265838099,9.02985906860453
0.141357422,0.250255129,56.32712096,0.173221243,6.279007062,110.7440491,0.005111694,86.93310547,34.24188232,250,139.8182068,5845.01852,98.83417993,0.91016476,0.351479573,519_img_.png,0.19989367700959906,8.182650124081485
0.203735352,0.250326483,53.77658261,0.347301939,6.197911377,67.26716614,0.01083374,78.66416931,50.68223572,249,92.9848938,4800.459645,106.9678736,0.905698687,0.339420915,51_img_.png,0.10663432662499212,11.467990665888577
0.093948364,0.375376951,68.40094298,0.205562142,5.564916281,94.81221008,0.004089355,79.91595459,35.91749573,255,115.9573364,5544.987118,100.0349414,0.942119277,0.499946857,524_img_.png,0.1806657809271398,7.609022932125674
0.14225769,0.250496296,66.79414298,0.159143328,6.292534234,126.0649261,0.007003784,121.0018616,39.31903076,249,136.3574524,5535.96276,103.5882147,0.935761407,0.401127323,526_img_.png,0.21087344222849,8.201325425252907
0.195053101,0.339919359,72.67192131,0.278894561,5.784316702,93.60424805,0.010055542,104.8143768,55.33787537,249,87.02827454,6864.497171,107.1690328,0.902271439,0.391216311,527_img_.png,0.06493235079115008,7.82458735373562
0.195678711,0.339901405,67.68373232,0.172546046,5.884722041,99.09672546,0.00994873,96.2381134,33.70425415,251,122.2931366,9255.140515,98.37129554,0.882582405,0.393199373,528_img_.png,0.06440278392689835,8.108717632420978
0.257659912,0.250091023,61.63417135,0.43042193,6.456508332,71.15278625,0.015869141,87.94445801,68.47894287,254,64.12535095,5750.321887,114.4386061,0.898476242,0.294637204,52_img_.png,0.045132530288526936,9.146509466052068
0.092102051,0.33225754,56.52714529,0.321047224,5.785418435,77.57743835,0.004806519,68.34931946,46.84938049,231,79.12477112,2173.07745,121.0527592,0.959644492,0.479646186,530_img_.png,0.2381754680715066,9.29880807958613
0.046005249,0.332221763,76.84625496,0.455398334,5.891541279,98.62290955,0.002349854,90.24339294,86.00939941,254,37.10787964,1108.432789,123.1972475,0.993185338,0.451084779,531_img_.png,0.24707995618971612,8.391292635005913
0.132415771,0.246366981,48.50456887,0.383856524,6.102759393,50.79650879,0.008056641,74.45306396,48.0778656,248,92.17616272,2200.630622,101.7263893,0.939217649,0.324325103,532_img_.png,0.11592959774605015,11.29682500643738
0.092651367,0.425859781,49.47629629,0.476582207,5.128288367,33.67196655,0.005615234,50.67434692,40.19795227,227,72.27453613,1918.712537,117.9588625,0.954035128,0.489855224,533_img_.png,0.08365706238452016,9.175245094229796
0.072799683,0.438529725,70.50584108,0.609476249,4.770771579,52.95492554,0.003036499,76.38551331,78.82992554,222,52.6530304,1450.796753,108.3109608,0.988686953,0.637051699,534_img_.png,0.1981970741768031,8.513558850276471
0.053665161,0.242710698,52.81628989,0.289180527,5.832739761,70.59033203,0.003112793,94.32670593,47.6907959,249,102.5382385,1435.592829,91.05575453,0.971410232,0.364936908,535_img_.png,0.2111659767614654,12.58765049031709
0.211242676,0.336017021,59.93242295,0.345817404,5.836888508,71.0004425,0.013473511,73.17457581,49.85823059,253,76.7870636,4695.345851,111.1262485,0.921346392,0.3862817,536_img_.png,0.05114235084313379,10.564124435616977
0.189224243,0.336140587,60.10294909,0.317361326,5.767371036,70.96025085,0.013122559,73.48356628,45.84088135,253,84.09855652,3924.840373,111.1119146,0.930493129,0.41415077,537_img_.png,0.06786844287883902,10.297189369705432
0.198547363,0.336041251,57.8847916,0.235749932,5.784238114,74.03993225,0.013717651,78.33628845,35.92268372,242,106.8358765,2610.387437,100.7259021,0.949864458,0.398346592,538_img_.png,0.07336068478581823,9.539245922495702
0.142959595,0.437599891,56.67212485,0.265442738,5.139050298,52.28607178,0.008987427,61.06939697,30.08938599,244,82.82017517,5242.373009,107.9732499,0.902627052,0.541032971,539.png,0.05579023202037255,7.75224096527499
0.208618164,0.336003873,59.34712469,0.288503671,5.876207139,67.33369446,0.011962891,73.97755432,40.76881409,249,94.78152466,6852.54184,110.8248141,0.877937965,0.388094065,539_img_.png,0.05089317073831673,11.148679667409064
0.185134888,0.250266059,56.21453567,0.494662918,6.328770021,46.43557739,0.012039185,53.76712036,49.56655884,255,42.96577454,4126.689208,126.7697141,0.900238945,0.319672378,53_img_.png,0.0856312137986757,8.838545214018087
0.173919678,0.336047571,53.0119685,0.252391578,5.64817016,66.83372498,0.01020813,75.50892639,35.92608643,238,97.07315063,1729.97384,100.6042875,0.961197012,0.395580773,540_img_.png,0.0753721617743378,9.48826116782997
0.181564331,0.336052161,56.64301955,0.224567788,5.751384207,71.98002625,0.014770508,77.47740173,33.56332397,244,109.7072906,1848.469855,99.18204085,0.956047067,0.404271595,541_img_.png,0.0693082079148047,10.994044925585548
0.189102173,0.336136527,53.36670027,0.261493198,5.619607403,58.04508972,0.015518188,64.47584534,32.03839111,247,107.7575989,3533.255401,104.026654,0.906245175,0.402968529,542_img_.png,0.06492575576020572,9.05623121987187
0.196609497,0.336073127,61.72710373,0.210085338,5.791013199,77.36882019,0.01663208,83.60578918,33.81840515,248,116.5060425,2746.619421,99.00459364,0.947613173,0.40413366,543_img_.png,0.06429153321803877,9.622032554239134
0.111450195,0.336450311,48.66292731,0.151330236,5.188172755,80.41011047,0.007278442,79.74945068,24.23698425,215,127.5792236,1772.560846,86.57629076,0.952015448,0.490298321,544_img_.png,0.22265588867892858,8.49667946412889
0.117507935,0.336421967,47.80975797,0.156969629,5.130642827,79.2865448,0.007217407,77.853302,24.66618347,209,125.9841309,1581.539994,87.65316637,0.953144384,0.491881186,545_img_.png,0.20804596044966153,9.409433119214865
0.169067383,0.336060505,57.1394427,0.20264673,5.640648566,77.90457153,0.008575439,79.27297974,31.85151672,249,118.8864136,4560.031411,95.36254225,0.921307103,0.396451686,546_img_.png,0.04475023284441474,8.85550058542907
0.157119751,0.37118313,60.08183585,0.309592135,5.645846335,74.02920532,0.010070801,65.63972473,43.24040222,251,76.24856567,5264.606381,116.1298922,0.917316977,0.44027864,547_img_.png,0.04671440029967827,8.946454178969068
0.08102417,0.336574323,54.55018359,0.1711468,5.366580055,92.2618866,0.00453186,85.55960083,30.43357849,245,126.525177,1169.97611,83.89463655,0.976797503,0.546135881,549_img_.png,0.20044354530229294,8.679672297613754
0.152374268,0.336135521,54.03199509,0.187359427,5.664222333,79.20393372,0.00869751,75.08174133,28.90687561,243,125.104599,2664.949672,93.91023809,0.952408245,0.442150843,550_img_.png,0.07912204485360519,9.413109424643263
0.209320068,0.33602477,57.94675389,0.275581842,5.79604731,69.12408447,0.013656616,75.79772949,39.93782043,246,94.71025085,3419.092132,105.7949157,0.933760776,0.391036326,551_img_.png,0.04427850069887523,8.224252607392215
0.17779541,0.336134292,61.22397409,0.236552014,5.703750045,83.03485107,0.013885498,83.49636841,39.39329529,247,105.4300842,1667.033034,101.1478899,0.968569183,0.417787302,552_img_.png,0.06188432032481294,10.110870218144516
0.173843384,0.336042343,67.49242334,0.328494648,5.903228804,83.1700592,0.011428833,86.50500488,55.73735046,252,79.98248291,2545.760431,109.1884649,0.964663267,0.409979034,554_img_.png,0.08372685996971348,8.268315103668169
0.058197021,0.252709137,64.70995458,0.384602352,5.988945443,89.11940002,0.003952026,113.8856049,78.07620239,240,72.02326965,692.3817501,103.3300707,0.993526823,0.565283552,5554.png,0.341392249998637,10.35278875416066
0.1277771,0.336183186,58.8048334,0.275337315,5.645649257,67.99160767,0.009490967,68.98980713,37.71609497,254,104.3503113,1980.779369,104.4959866,0.95481521,0.423370569,555_img_.png,0.08337134306625756,8.07018468766142
0.17036438,0.336045107,62.51479131,0.262945695,5.881093753,81.29200745,0.013534546,78.99771118,42.14749146,248,109.0180359,1849.958952,99.64626401,0.95399739,0.413399243,556_img_.png,0.0645336056218702,8.436261728007606
0.158004761,0.437590219,50.38279421,0.524337745,5.120611024,38.42614746,0.01121521,43.36013794,42.88363647,232,46.59075928,3621.566053,113.0489155,0.91268325,0.519199928,557.png,0.04615573943726681,7.595991389760738
0.147827148,0.33610851,55.58872401,0.211029188,5.700910883,78.7141571,0.0103302,75.1007843,32.45944214,251,118.88414,2516.898852,95.86150517,0.942230037,0.43537931,557_img_.png,0.06735935891087474,9.378901554037174
0.152374268,0.336135521,54.03199509,0.187359427,5.664222333,79.20393372,0.00869751,75.08174133,28.90687561,243,125.104599,2664.949672,93.91023809,0.952408245,0.442150843,558_img_.png,0.07065509633921213,8.943949768387023
0.153366089,0.437601968,51.47022195,0.499173852,5.13587635,39.56556702,0.011657715,43.51164246,41.4699707,247,37.80645752,3688.205491,114.3032864,0.917602066,0.523092137,559.png,0.05168248566359438,7.364526897753027
0.259307861,0.250061671,69.33544719,0.483314827,6.62325979,75.34265137,0.016891479,91.93849182,80.84945679,254,51.45591736,8501.193301,124.5159042,0.871930815,0.285564698,55_img_.png,0.043646836917130526,8.743693605518775
0.130691528,0.337039865,57.61071345,0.269891031,5.597919853,78.78681946,0.00819397,79.43992615,42.70397949,245,104.441925,2613.634808,97.38019206,0.9555585,0.516213485,560_img_.png,0.17021456857674863,9.612621763991772
0.128692627,0.336415546,52.20890441,0.203879731,5.368622432,80.09950256,0.005233765,78.48651123,32.33247375,251,118.0412445,4011.454486,91.61674026,0.91578515,0.462811256,561_img_.png,0.1504772295799922,10.603941890132923
0.088165283,0.336482758,60.886776,0.222097325,5.648281589,86.93234253,0.00553894,85.13858032,38.2164917,249,119.5381012,1101.989656,91.60464312,0.982306219,0.524485556,562_img_.png,0.23005534945964537,8.975134639984589
0.057113647,0.43818629,58.37774737,0.441681513,5.06772181,54.36413574,0.003417969,54.50878906,48.0871582,227,42.58088684,1061.982681,112.0929454,0.985706936,0.692062651,563.png,0.17002027441712195,7.717315044155818
0.094985962,0.336394497,47.13967498,0.142836721,5.258187685,76.42323303,0.005508423,76.2171936,21.80265808,222,130.9783478,1154.408752,86.27682974,0.968037666,0.487911627,563_img_.png,0.18421586530190615,8.329493928264219
0.03994751,0.336741635,47.8955775,0.146994404,5.234444363,82.34513855,0.002441406,75.53930664,23.20812988,228,129.6148376,1012.811004,88.23607251,0.973786067,0.566567434,564_img_.png,0.31834590328812223,9.234733818506959
0.128326416,0.250409311,64.61280709,0.471638807,6.057630771,103.2816315,0.008560181,102.2377014,96.93089294,255,42.85040283,1401.288679,119.1676372,0.975008334,0.365710395,566_img_.png,0.17319209272624234,9.564711406389579
0.066741943,0.437858272,53.21574348,0.485736181,5.06221686,46.5337677,0.00428772,49.14082336,46.47261047,228,35.52139282,747.4821443,109.3077013,0.986141441,0.641507679,567.png,0.1331608264105055,8.172501790766004
0.009658813,0.34874169,55.1157712,0.418474089,4.181649379,69.89651489,0.000137329,84.40962219,64.57312012,146,44.47689819,239.6003975,109.5298698,0.999152213,0.756937731,567_img_.png,0.5136523175755648,10.658914092011191
0.010009766,0.344304,56.1033381,0.419793092,4.201547038,71.58802795,0.000320435,85.79177856,66.06695557,140,42.1590271,244.7757109,108.8817978,0.999325089,0.746479873,568_img_.png,0.5050074663183511,10.5905438496542
0.023498535,0.336926062,49.42400106,0.237500891,5.120319533,66.87083435,0.001434326,79.75735474,34.82432556,219,98.01307678,364.108068,92.56149258,0.993736993,0.595070483,569_img_.png,0.3169467733917996,12.356356209288013
0.157333374,0.2505452,49.1473117,0.304288266,6.00988166,66.86705017,0.008163452,75.68632507,43.37731934,247,106.387146,3759.129454,103.839662,0.917019238,0.368793488,56_img_.png,0.1942672419575099,11.860974331965949
0.120376587,0.336153962,51.25748323,0.443900991,5.267322629,48.89555359,0.010177612,76.23620605,55.54611206,169,69.75624084,835.3128628,112.9383062,0.981626172,0.42174524,570_img_.png,0.10114310634791851,10.397465075074717
0.111190796,0.336127736,51.34427377,0.430382177,5.463515929,47.87806702,0.009643555,73.90707397,52.41415405,193,72.70606995,818.8001013,113.3372357,0.981303235,0.428480904,571_img_.png,0.1050793489873797,9.338705551930357
0.209823608,0.250178323,63.72856682,0.50141745,6.263150279,91.68470764,0.013061523,94.33375549,93.27290344,255,32.26515198,3349.947368,122.404551,0.938146024,0.316578849,572_img_.png,0.08937345545707254,10.32922371170773
0.013397217,0.337897211,54.41687367,0.434891187,4.736914086,69.97991943,0.001159668,80.64706421,65.50634766,165,36.40509033,241.5344847,113.8933374,0.998128879,0.603414055,573_img_.png,0.37450707150807716,11.110772415782622
0.017105103,0.340720521,53.22606659,0.269514616,5.028771973,69.02081299,0.00088501,85.73754883,41.7096405,164,95.78704834,320.3939667,94.73854177,0.997624415,0.72179032,574_img_.png,0.39336457254428997,6.592426213849935
0.067626953,0.33654472,49.40489281,0.336653913,5.058519429,57.73907471,0.006118774,78.07875061,45.72360229,153,78.35572815,567.7764485,102.4537124,0.988615636,0.515004778,575_img_.png,0.19314190846830004,9.695380452860642
0.117630005,0.336349352,55.9323192,0.425453047,5.21552252,60.71162415,0.009536743,81.25617981,60.40063477,161,52.95697021,774.6622869,116.0176715,0.984888201,0.451404641,576_img_.png,0.1195271211550466,10.047450220453902
0.02154541,0.342083863,49.54303809,0.271470464,4.775972851,61.69444275,0.001266479,82.50190735,39.14505005,162,101.7770691,337.9762264,95.0501537,0.996543389,0.692194204,577_img_.png,0.421448872942135,10.524326385838702
0.047851563,0.336801486,51.06137089,0.301415361,5.153675363,67.37039185,0.002792358,79.48629761,44.26486206,237,89.05967712,636.3667601,98.16510898,0.98946072,0.537803035,578_img_.png,0.21995205471814874,9.229713971312725
0.039505005,0.33673792,54.21374468,0.308773734,5.252315602,66.53016663,0.003143311,83.55763245,46.34317017,159,81.52069092,381.5540539,104.325211,0.995729533,0.580955545,579_img_.png,0.2702761207034387,9.337463425438624
0.179580688,0.250161314,62.45412303,0.416269709,6.436637063,63.47686768,0.012008667,96.97531128,66.79138184,237,84.18725586,1727.362887,112.1966464,0.958846374,0.344191374,57_img_.png,0.16639960359697994,9.422351620935412
0.016830444,0.340687496,50.42092676,0.278074439,4.841544588,66.9059906,0.000930786,81.06414795,41.14671326,166,87.7976532,336.7572784,98.57760108,0.997464783,0.674608995,580_img_.png,0.395511211201551,10.215833370164837
0.030212402,0.253258802,68.97455738,0.353809241,5.705183598,109.3253632,0.001327515,130.0654144,84.69866943,231,72.65744019,508.624669,107.964529,0.998293025,0.652652026,5818.png,0.49307705328267987,10.094318129570585
0.058624268,0.250786186,61.13512858,0.373842205,6.061032397,89.09970093,0.004470825,103.2075806,71.89257813,244,60.03356934,674.2864707,106.3276458,0.991400565,0.470062658,581_img_.png,0.3106930461934296,10.925847230255707
0.179626465,0.250222195,56.39919741,0.371568857,6.229091074,88.29837036,0.011459351,85.07357788,64.4196167,254,58.90263367,2642.916379,112.5579562,0.933925788,0.330122779,582_img_.png,0.10967564357117272,10.01795248446047
0.023849487,0.258786016,68.22687685,0.334334404,5.351361806,112.5127869,0.000839233,130.9958038,81.41329956,229,75.16072083,523.1007678,106.481399,0.998717519,0.730519482,5830.png,0.5235540061601996,9.378765149237482
0.124633789,0.429759556,61.74944091,0.325652163,5.150565931,70.96043396,0.004241943,69.37123108,45.6993103,250,56.90756226,6491.75343,117.2399854,0.921015389,0.503922567,583_img_.png,0.11598521378047645,7.293138005564908
0.119934082,0.250576637,60.49328728,0.40464719,6.175318333,75.63182068,0.010452271,94.50642395,68.84596252,247,61.37879944,842.7662029,107.0777942,0.981136993,0.402539294,584_img_.png,0.14371158906338652,9.67660677541185
0.208297729,0.250133471,62.08836786,0.45711653,6.318001485,76.1073761,0.012451172,96.0138855,78.67947388,249,46.34039307,2659.851294,114.9530363,0.954553829,0.307621529,585_img_.png,0.07357156650172196,10.511942225105464
0.1590271,0.250341633,35.79341871,0.421464607,5.777317323,43.83731079,0.00958252,53.62950134,41.07881165,180,47.47268677,1354.130066,104.9868043,0.928735166,0.338386148,586_img_.png,0.08550883621819277,9.68089815615307
0.206802368,0.250165151,62.31555735,0.378546505,6.276003029,85.59358215,0.012191772,100.6309052,70.49462891,245,61.81933594,3024.52153,109.3119285,0.95460965,0.328469596,587_img_.png,0.07901758441594049,10.126300428338029
0.19342041,0.250177707,64.98564706,0.399569331,6.285622222,86.30349731,0.014358521,104.6310272,76.2915802,251,59.22808838,2886.185907,109.5504176,0.960702978,0.33329228,588_img_.png,0.07004598752546291,9.149451526437884
0.08404541,0.250590943,64.34857207,0.370977352,5.711778692,107.0045319,0.005569458,116.6787872,82.98144531,236,55.9811554,995.1638183,111.7062869,0.989048659,0.392043771,589_img_.png,0.18262150025828605,10.73182611205951
0.233291626,0.250112231,60.96973671,0.379192398,6.408340413,77.15283203,0.011672974,91.10375977,63.80162048,252,74.42729187,5822.201141,110.3143121,0.910113436,0.307300444,58_img_.png,0.05996627228202492,9.412302207925709
0.161437988,0.250318315,64.28155459,0.378781529,5.995186266,97.44921875,0.0103302,111.4183807,79.1151886,243,58.65853882,1672.234814,108.0028718,0.977474869,0.34689896,590_img_.png,0.08789773490742174,8.87579344914691
0.182296753,0.250254977,60.61372778,0.398257357,6.255760138,76.9214325,0.013015747,94.6879425,68.34469604,250,61.84251404,2112.163726,107.7095427,0.960189004,0.349875143,591_img_.png,0.09877515560140265,9.284426790573008
0.076980591,0.250653182,63.52362783,0.34257034,5.88839592,103.51297,0.005645752,115.7457275,75.11152649,230,67.44963074,796.0700559,109.6717619,0.990113871,0.434706178,592_img_.png,0.22506807601892262,9.823019455813247
0.18006897,0.250202293,66.80905777,0.361032531,6.257073498,92.55058289,0.012313843,109.0414886,72.78129578,250,68.00721741,2618.469769,106.9545114,0.965828653,0.337612428,593_img_.png,0.0867188830047572,9.268357321061139
0.225921631,0.250118521,65.16966645,0.398854441,6.384462756,82.5763855,0.01473999,100.7514954,73.12113953,251,59.3674469,3466.953636,109.6078615,0.940035825,0.304485665,594_img_.png,0.08028093450041868,9.36384216901217
0.226272583,0.250120802,67.8625845,0.385987568,6.357050574,89.25444031,0.015319824,109.8232727,76.84152222,249,62.95648193,2811.410904,108.7227474,0.95691956,0.307049431,595_img_.png,0.08157646592151348,9.701054985781587
0.185455322,0.250245875,61.84927458,0.37336873,6.106608619,87.6105957,0.013671875,103.9766846,71.53269958,252,64.61851501,2338.407278,105.1893871,0.960344932,0.332162498,596_img_.png,0.07901919470305512,8.848851427444636
0.182067871,0.250170918,66.01632023,0.338500138,6.28907852,90.46694946,0.012420654,109.6324463,67.7336731,239,78.43806458,1801.615356,104.7117733,0.970959098,0.322831371,597_img_.png,0.10633580224793308,9.876001962105514
0.123352051,0.437626071,53.17730641,0.406581335,5.115074333,48.68765259,0.007171631,53.25793457,41.44917297,231,80.66926575,3145.199123,96.88931978,0.941964662,0.565981858,598.png,0.14398862516893396,8.84605444757561
0.168411255,0.250247627,64.87552145,0.372218614,6.130998564,92.27722168,0.011291504,109.4574127,75.08938599,250,63.70713806,1776.787629,106.5257486,0.976825247,0.336816562,598_img_.png,0.08210343454756634,9.022988026113042
0.123214722,0.250667891,61.02232902,0.405968834,5.952062251,89.34234619,0.007675171,104.2648315,78.59848022,252,52.40937805,1690.74733,107.5567267,0.976328801,0.395593541,599_img_.png,0.1548590740414605,10.938684659989185
0.225509644,0.253987094,71.22180226,0.450622227,6.608092436,88.95417786,0.012481689,94.54304504,82.68792725,255,92.33680725,6514.646169,109.9618158,0.915768342,0.305823563,59_img_.png,0.08710817319457455,9.460365077074126
0.208724976,0.250170589,63.53146702,0.432720162,6.107767565,87.74668884,0.011474609,107.1993256,84.35707092,244,47.63505554,2687.658776,113.0858929,0.960812054,0.315596995,600_img_.png,0.061874333939901084,9.358758366402043
0.18536377,0.250230152,61.66325444,0.433603743,6.059644965,88.02684021,0.011917114,103.3748932,82.99250793,252,44.31904602,2465.662134,114.2714021,0.960528733,0.334925572,601_img_.png,0.06153097814113897,9.50549821889039
0.197265625,0.250195457,64.61792334,0.382226992,6.185075537,89.99212646,0.013336182,107.8534851,75.62193298,242,61.10420227,2494.688066,107.792693,0.965296465,0.326484398,602_img_.png,0.069843329103592,9.492724255456027
0.217544556,0.250116523,66.66821771,0.406632679,6.384628841,86.90101624,0.015106201,104.6553955,77.89309692,240,54.01452637,2920.573299,111.7611985,0.954999919,0.307189347,603_img_.png,0.08722736941031745,10.055606421649584
0.187393188,0.250146849,65.53203782,0.381549127,6.376192143,84.75294495,0.012939453,102.0747681,71.28395081,234,60.96598816,2102.305519,110.2690199,0.968308333,0.325642438,604_img_.png,0.1227207356186033,10.885881086341904
0.177581787,0.250183123,65.52110583,0.377343419,6.308208106,90.51467896,0.01184082,106.408493,74.30766296,246,61.96316528,3216.803462,110.8376049,0.956678634,0.34885418,605_img_.png,0.0856442440235388,10.247367327135963
0.03843689,0.252036192,71.37639267,0.499166099,6.014029514,85.7895813,0.002182007,121.362915,103.4035034,245,99.87503052,744.4042211,105.4188718,0.994777925,0.611871345,6062.png,0.36701125767460163,8.327257315251718
0.165359497,0.250357657,63.03900601,0.38213694,6.048889344,94.72375488,0.010940552,108.9895782,77.84638977,252,61.07992554,3336.148762,109.1801172,0.952491857,0.36178192,606_img_.png,0.12500353013780632,10.893620735675839
0.038314819,0.250866117,61.03981921,0.312747557,5.967007657,92.82215881,0.002822876,109.5377502,63.28756714,201,82.72831726,444.8658122,102.1128334,0.99537998,0.500734039,607_img_.png,0.3120742586024101,11.818645607091682
0.03944397,0.252791926,70.0857281,0.358873902,5.947940563,101.8011475,0.002258301,125.2683563,81.48931885,247,75.44410706,781.6463118,103.6263899,0.993853038,0.655268312,6082.png,0.4926554644268539,9.930824014117531
0.073425293,0.251187498,61.0882788,0.329657708,5.548866147,106.353302,0.005355835,115.0863342,72.99928284,237,70.31962585,891.4691464,108.5805232,0.989231141,0.450833523,608_img_.png,0.10758218090180448,9.286405631105307
0.195220947,0.250192088,64.21479813,0.377580517,6.256308574,87.5941925,0.013076782,105.4713745,72.89779663,250,64.16952515,2398.234941,107.4945958,0.963263657,0.3358254,609_img_.png,0.06692779962836834,9.096701015752517
0.15473938,0.336008757,66.13607693,0.512785766,5.976842418,64.3943634,0.008773804,73.06674194,70.48809814,255,51.07429504,4831.487817,128.9937825,0.932619681,0.393587912,60_img_.png,0.10273092500574933,11.282249696746952
0.074325562,0.379072893,58.65658761,0.387837809,5.493481205,70.39237976,0.003631592,66.48918152,53.08784485,254,64.35704041,3126.130092,113.3121264,0.953309105,0.49814252,610_img_.png,0.22713579790895633,8.816846712630275
0.142868042,0.379062433,63.22519486,0.344543407,5.498410172,73.76982117,0.005569458,68.233078,48.92616272,252,78.73149109,6609.987088,116.6065575,0.913405922,0.44426128,611_img_.png,0.14093004586509414,7.938224421687066
0.152114868,0.250411629,60.79025494,0.391266388,5.995286247,88.55189514,0.00994873,105.8272247,76.05401611,248,59.52046204,1654.37574,108.9232404,0.970718904,0.376068168,612_img_.png,0.14707012577070652,11.216900563952034
0.072174072,0.251496584,62.27271213,0.367181983,5.711199427,100.0294037,0.004379272,114.3489838,78.71588135,227,60.2772522,860.4091466,114.0036841,0.989724125,0.496076813,613_img_.png,0.3160855153310346,11.063157173329486
0.098373413,0.250699633,66.02938186,0.371763512,6.005925728,97.84596252,0.00630188,113.2897491,78.49255371,246,61.44413757,1553.886758,106.6867923,0.982696508,0.406911408,614_img_.png,0.19842532656656678,10.533037433543125
0.09967041,0.250840156,66.0780192,0.384805211,5.897398928,99.56016541,0.006118774,114.8521423,82.50697327,240,56.19473267,1145.689688,107.8020554,0.987447232,0.415784241,615_img_.png,0.1855243873961049,11.259488043522145
0.143493652,0.250215201,61.81118105,0.378304606,6.227507157,82.43344116,0.010314941,100.6557617,69.26348877,210,61.24755859,1236.515456,111.0209486,0.979840931,0.34299204,616_img_.png,0.12012905796798785,9.21279506648212
0.081481934,0.251162064,60.88806454,0.369962897,5.560054141,102.9402313,0.006835938,111.8700867,79.47184753,235,57.35066223,1003.414198,112.7381339,0.987971022,0.458311644,617_img_.png,0.2868988873746554,11.090524166705151
0.204467773,0.250194651,62.40032398,0.397787469,6.182830074,84.13529968,0.014144897,102.7979279,74.35969543,237,56.65142822,2098.632012,109.3438102,0.967877409,0.326027944,618_img_.png,0.07930342195611186,10.249299080207521
0.021652222,0.251437486,68.58016564,0.413559979,5.859329666,109.800705,0.001083374,119.6472778,94.89050293,213,39.53013611,381.5146907,117.0550001,0.998211883,0.557373754,619_img_.png,0.37835017725148834,10.689501582715131
0.110687256,0.250483204,63.1267189,0.131425096,6.367106709,116.4922943,0.00604248,105.1611786,29.13082886,254,158.4806213,6427.335306,91.29578356,0.920266331,0.430552723,61_img_.png,0.2506286245816385,8.497005859778895
0.055923462,0.251113378,57.15369397,0.428064804,5.95280979,77.7973938,0.004211426,92.0196228,72.69268799,223,44.70484924,425.0164254,109.3544314,0.993671331,0.490913481,620_img_.png,0.21465238115873841,12.759096952125727
0.111495972,0.250823418,57.72567351,0.426888599,5.741960452,83.00791931,0.008483887,96.15106201,76.48092651,251,43.73410034,968.7032759,108.6542269,0.980645966,0.394495133,621_img_.png,0.10857032096223125,11.964083586359596
0.136932373,0.375084525,81.14445276,0.320397726,5.766305747,97.28395081,0.006286621,97.58135986,62.43440247,255,77.04415894,9485.379708,116.9163453,0.927611168,0.451627502,622_img_.png,0.11845009618611013,7.029805087902174
0.135025024,0.250414139,61.62628987,0.455154093,6.011205131,81.49790955,0.011459351,96.48565674,81.00994873,252,40.81980896,1526.996501,111.5126212,0.970383856,0.342664764,623_img_.png,0.08267284361113447,10.363747767604526
0.118591309,0.250674939,69.98204786,0.47601635,6.076387666,88.51823425,0.008743286,108.1333618,93.609375,252,41.16838074,1279.13365,118.7262694,0.982743184,0.35276053,625_img_.png,0.15013265563952796,10.7669442189204
0.172576904,0.250215502,64.21803985,0.477003861,6.226748896,78.43972778,0.012481689,99.68811035,84.96766663,251,45.95831299,1731.825026,114.5241831,0.970830515,0.326492244,626_img_.png,0.0851072041060778,10.777751556550005
0.051040649,0.252873831,61.39335979,0.35830291,5.458114339,101.4814606,0.003433228,114.3952637,77.34925842,237,64.07038879,638.821502,103.2461714,0.992158901,0.532883199,627_img_.png,0.3331372362784594,10.922019683107253
0.195800781,0.250225143,60.24226111,0.389090347,6.084551577,84.51196289,0.012268066,101.1222229,72.22846985,249,58.86560059,2494.853991,107.2623174,0.962790483,0.328547051,628_img_.png,0.08481282741095882,11.268835034730637
0.208007813,0.250176253,62.44075531,0.458588687,6.156374402,86.16862488,0.012542725,100.4326019,85.57321167,253,37.82745361,3037.770293,115.1254603,0.956779376,0.313561897,629_img_.png,0.08676767001612408,10.35142294562544
0.114196777,0.251138509,82.00204937,0.472588888,5.74635824,139.0944214,0.006774902,139.3073425,131.5695801,254,38.98294067,1179.303536,122.3502773,0.994894154,0.429356237,62_img_.png,0.18407959076913386,8.468172928247565
0.200668335,0.250183252,65.33326445,0.361107096,6.224255728,90.20327759,0.010910034,106.7792969,71.13180542,240,68.47793579,2394.385275,105.3289202,0.968413644,0.321370878,630_img_.png,0.08101669353606174,9.798972451157221
0.23626709,0.250116535,66.05469289,0.399314009,6.376500053,84.32569885,0.016098022,101.09552,74.04129028,255,58.86384583,6752.104354,109.8881168,0.898147,0.305409655,631_img_.png,0.06979183776806273,10.587387422408721
0.141036987,0.161356965,70.46177254,0.411783344,7.134273399,104.6555634,0.010009766,84.03173828,77.69828796,254,97.10900879,2194.529478,122.1826598,0.956767391,0.354216487,632_img_.png,0.30191554815713917,10.953937210842117
0.196105957,0.250323417,62.82428209,0.376518705,6.095462093,92.01231384,0.014480591,107.4705353,75.10902405,246,61.89556885,2540.045028,107.923876,0.966257263,0.36157427,633_img_.png,0.035682116083106084,9.285064864034448
0.098876953,0.250441826,58.46003648,0.336464464,5.967466375,87.90412903,0.007156372,103.0932312,64.26382446,219,72.48605347,984.1699464,104.1716698,0.983944259,0.376329679,634_img_.png,0.11618446316774951,10.787668059397852
0.079833984,0.251391556,60.46109799,0.32009368,5.9252479,93.76535034,0.005599976,105.7258759,63.85588074,228,77.29190063,837.1419524,101.5351288,0.988811374,0.468796191,635_img_.png,0.2228766317896005,10.449410229812198
0.241271973,0.250122861,64.85137517,0.406814259,6.322308071,83.42750549,0.016235352,102.7857971,75.75422668,253,56.46743774,3266.815914,110.4270372,0.947654455,0.301617751,636_img_.png,0.0607148707677882,9.512094285549859
0.204162598,0.250196925,60.65879786,0.404475625,6.222558959,79.43875122,0.015304565,97.57666016,71.59841919,249,57.41397095,2934.246802,107.915664,0.950157178,0.332112356,637_img_.png,0.0625065901918439,10.455186574933748
0.061889648,0.25141672,63.20357101,0.373144357,5.495578471,106.231369,0.003372192,116.803772,83.2243042,231,56.00215149,884.6424081,114.3171607,0.989843367,0.464375002,638_img_.png,0.30120517347324643,10.308050387649889
0.191101074,0.250209049,63.97880864,0.471267889,6.36539648,72.87736511,0.014282227,92.28012085,77.8334198,238,44.57876587,1699.743264,115.786259,0.969038955,0.334609246,639_img_.png,0.11705218056893398,11.089099003262781
0.189422607,0.277477878,59.35057492,0.334197008,6.273466611,77.59332275,0.010253906,68.70941162,48.89393616,248,102.6565552,8340.088494,116.3506865,0.860535659,0.362449525,63_img_.png,0.0820625984729244,10.86378661449331
0.064147949,0.250957253,63.93987296,0.348606626,5.833760583,102.0728149,0.004455566,116.8474274,76.31704712,242,68.14117432,816.3965588,105.355665,0.991608685,0.459499987,640_img_.png,0.22144694690851904,9.164612563422807
0.075439453,0.251901562,59.25798357,0.360221987,5.526093277,99.02908325,0.005569458,109.418457,75.08738708,222,61.24861145,720.632492,105.6675468,0.991696468,0.473220789,641_img_.png,0.29268945285968795,11.113266817694
0.178222656,0.250183669,65.38957479,0.386491283,6.209035935,90.99061584,0.01234436,111.157959,78.12866211,241,59.71768188,1816.180603,109.6544454,0.973903173,0.331056555,642_img_.png,0.10290989319248241,10.310705617580666
0.190505981,0.250191473,59.73765064,0.322185867,6.291096886,85.56556702,0.011276245,96.17756653,58.55506897,253,87.74673462,3915.501703,102.66644,0.90825766,0.32300577,645_img_.png,0.09871757397922089,10.541101303103385
0.173812866,0.250261788,59.07554577,0.32350657,6.347058499,79.02366638,0.010467529,87.78721619,53.9644165,251,88.38955688,3719.366531,104.6413317,0.935154483,0.350573216,646_img_.png,0.11182390608343651,10.022133919936064
0.094696045,0.250450415,66.03042133,0.387810615,6.459328047,84.86231995,0.006515503,81.12562561,64.37188721,254,54.34170532,846.9157801,119.5321862,0.986661089,0.403359729,647_img_.png,0.25054733629970277,10.171954980289367
0.179626465,0.250222195,56.39919741,0.371568857,6.229091074,88.29837036,0.011459351,85.07357788,64.4196167,254,58.90263367,2642.916379,112.5579562,0.933925788,0.330122779,648_img_.png,0.1355942747477407,11.221694770963587
0.255325317,0.250096818,60.43889982,0.411930359,6.439851793,68.8681488,0.017150879,87.18223572,64.28189087,253,66.89547729,5832.595968,110.97977,0.888261729,0.296568756,649_img_.png,0.06410912909253601,10.863209804815735
0.148330688,0.382892669,71.6833138,0.351119671,5.665441704,81.87635803,0.007995605,80.96847534,57.17802429,251,75.7460022,7264.835268,111.49865,0.919440974,0.447441653,64_img_.png,0.10064618216506084,7.651354543356631
0.124420166,0.3102412,42.69031333,0.190770587,5.521621687,62.35961914,0.007507324,52.78361511,21.96594238,243,122.2073669,2509.506965,106.4521144,0.908339406,0.434180416,650_img_.png,0.1436658138450586,12.867411801190254
0.152130127,0.437553081,64.05149615,0.43849506,5.302120711,55.19662476,0.009033203,58.68818665,49.93792725,248,69.78134155,4866.639861,113.4421288,0.937774532,0.519394191,651.png,0.04130505111405251,7.683196558337993
0.140625,0.375290316,56.93817982,0.321263988,5.64224758,66.046875,0.007263184,53.54747009,38.4213562,252,101.3218842,7925.798993,115.5393213,0.85275378,0.509214657,651_img_.png,0.14546225696859447,9.086575344101146
0.232528687,0.250113044,58.91417338,0.238854572,6.338292501,91.12367249,0.013656616,95.47717285,44.57046509,248,114.4791565,3904.75061,96.38899149,0.924979882,0.299807756,652_img_.png,0.09935909042092432,10.455772763662523
0.244430542,0.250105358,60.7072112,0.304378733,6.41417698,82.81817627,0.01499939,90.94540405,52.88993835,254,97.33035278,7913.787905,107.2707616,0.865513774,0.297582673,653_img_.png,0.0684956532569463,10.538933183805428
0.198669434,0.250169743,57.5778067,0.167952812,6.376989058,93.12327576,0.012664795,92.12467957,31.11291504,246,139.7445831,4695.074148,100.0516685,0.907341881,0.343909731,654_img_.png,0.07332631982295833,8.337095528363687
0.180297852,0.243559746,59.80521338,0.160632543,6.302855179,106.0300293,0.009689331,96.73776245,32.57110596,248,148.2138977,8489.515222,94.18962923,0.855372067,0.377025054,655_img_.png,0.11720709508965521,9.578635470779869
0.02935791,0.250604124,70.95925895,0.344597477,5.77830566,114.0927429,0.002166748,134.1800232,85.5541687,239,86.33610535,988.4580765,106.7797189,0.992462289,0.404863548,656_img_.png,0.280473340505963,9.541360569710433
0.211730957,0.243272645,64.32943112,0.273523999,6.512519055,89.7205658,0.010940552,94.25733948,50.32237244,249,108.8650665,7711.294754,109.3803211,0.888819291,0.330682236,657_img_.png,0.12895872753775137,9.749859829441883
0.134841919,0.250246461,58.41137371,0.26976432,6.176906156,73.62419128,0.009918213,106.1278687,48.49069214,234,108.1267395,1854.332358,97.14041689,0.962819614,0.348879044,658_img_.png,0.12676099421296974,9.459090439254073
0.169906616,0.250387556,57.44789675,0.168520887,6.182739239,111.5622559,0.00668335,97.11154175,35.16589355,247,140.2938995,9681.899297,93.02525583,0.858101027,0.371943808,659_img_.png,0.10980267907204504,9.46591192378363
0.211288452,0.302025642,68.11088606,0.376628913,6.181730825,93.50419617,0.008544922,82.09599304,66.1361084,255,66.97363281,14196.45867,119.0179243,0.817218813,0.339841511,65_img_.png,0.0929836722254619,9.37478538652633
0.052810669,0.468822385,85.70158129,0.388721308,4.937262633,89.62532043,0.002243042,88.35310364,69.18400574,250,39.411026,1234.745667,128.5297037,0.994173735,0.543226109,660_img_.png,0.18562910311792472,6.1644585052392475
0.19821167,0.282890439,75.6603925,0.434525817,6.296355336,95.79379272,0.009735107,81.45075989,77.01733398,255,73.00840759,15382.84324,127.4601766,0.863328686,0.353691116,661_img_.png,0.07265192431674446,7.928419132724585
0.130859375,0.281688288,56.79926615,0.307445454,6.09982943,80.125,0.006149292,81.10231018,49.56860352,244,91.69538879,3799.767857,110.8847978,0.928964815,0.438650778,662_img_.png,0.16656095003717603,9.009303194554082
0.147476196,0.410256101,47.53809161,0.189012484,5.117604219,49.54412842,0.009262085,59.45269775,20.60176086,237,108.336441,3422.201236,97.64185506,0.918182408,0.490108232,663_img_.png,0.059146686128624525,8.703209563301579
0.143157959,0.250332542,42.09906026,0.255872062,5.995917543,74.8735199,0.010604858,63.16287231,35.31965637,186,107.783844,1071.278669,99.82435805,0.967301899,0.361771076,666_img_.png,0.16049470612302907,10.748130801649136
0.075012207,0.250449315,53.66763462,0.193160665,6.054269593,103.5947113,0.004638672,91.48423767,37.68157959,226,124.8430328,964.8806619,93.35683965,0.983046687,0.412868019,668_img_.png,0.28234565166600517,8.305304247055012
0.116714478,0.250456967,45.47568748,0.220770363,5.983801305,76.6650238,0.009063721,70.05804443,32.3921051,214,132.1638641,1322.804887,94.61669541,0.951206512,0.381667249,670_img_.png,0.15655875444855535,11.809878569271913
0.145050049,0.250319764,50.20749502,0.222757272,6.245982613,83.42529297,0.008132935,75.9105835,35.4932251,237,113.8713837,2655.04685,98.33710959,0.944049586,0.394888045,672_img_.png,0.17536310576641848,8.658977838321995
0.170440674,0.250213437,71.4324098,0.318020055,6.56401799,97.3921814,0.013183594,90.5901947,59.78216553,255,87.25378418,3896.310783,115.6388024,0.954791625,0.355305853,673_img_.png,0.1184858480865804,8.812416607536175
0.164794922,0.28529339,67.30570039,0.361617786,6.300563256,96.10041809,0.010635376,89.37294006,67.07046509,254,87.6002655,8394.770681,116.23768,0.892210151,0.369598599,674_img_.png,0.12682753940208494,8.756546631960099
0.135284424,0.285493706,64.26657622,0.361209191,6.133091636,101.6446533,0.007720947,85.75360107,67.68997192,255,87.11149597,8132.729557,113.8734523,0.888893869,0.406626036,675_img_.png,0.20692006066207635,8.956825349342111
0.125732422,0.468781902,62.29158109,0.364788215,5.035476028,60.80950928,0.005859375,53.04042053,41.53111267,255,64.31950378,12748.46464,114.3665717,0.836508927,0.504874568,676_img_.png,0.07448364531958845,8.111782152555397
0.16557312,0.500014401,74.90283305,0.417166143,4.937601229,69.31343079,0.010040283,62.9128418,55.1603241,255,41.15658569,8542.651211,115.5697247,0.912040631,0.527623124,677_img_.png,0.03290507293276516,7.007720764560805
0.108978271,0.43764057,62.09447276,0.156684251,4.876614396,86.27772522,0.005218506,80.20587158,26.08535767,222,113.3798676,4760.24575,81.3362459,0.934631555,0.537381377,6788.png,0.07928748377201475,7.275002704096182
0.077941895,0.500057693,68.03011448,0.314080761,4.738446461,72.88945007,0.004165649,66.19187927,43.68276978,243,71.89569092,1958.451523,111.7587949,0.97834596,0.584547354,678_img_.png,0.1450615765002227,7.5936468719097405
0.110321045,0.500032592,74.72536362,0.435840255,4.894395702,57.31607056,0.0052948,62.62226868,52.2739563,254,43.73521423,6449.542233,119.860483,0.943505819,0.556100714,679_img_.png,0.06432713884797443,7.325036066569459
0.167114258,0.375079897,65.16700635,0.323663979,5.659634651,85.42346191,0.007156372,72.50056458,51.11431885,254,92.27876282,11779.0573,108.8981828,0.850405898,0.438011998,67_img_.png,0.09370693725945482,8.464984310150193
0.144760132,0.500019068,75.66320892,0.490478113,4.909320051,57.03248596,0.007415771,65.39183044,60.04644775,255,29.67967224,8244.082302,124.5914453,0.933432972,0.537728282,680_img_.png,0.029920769563508063,7.161902925355614
0.12677002,0.500046451,81.58759404,0.470329695,4.912259398,62.20742798,0.006622314,68.3739624,61.41630554,254,35.96160889,5536.443278,117.4851079,0.958152429,0.556279974,681_img_.png,0.05226428549745978,7.482389017488712
0.08442688,0.438126753,53.8202499,0.14265213,4.899075059,76.64720154,0.005249023,64.99000549,20.20484924,246,113.8348694,2875.068202,90.3145598,0.944234694,0.621022153,6820.png,0.15993909515054627,8.237152496707921
0.13621521,0.500025464,77.93504702,0.436644171,4.927256341,60.0566864,0.006912231,62.47926331,53.50460815,255,42.41389465,7134.363672,122.6626582,0.936301981,0.545640637,682_img_.png,0.0444101786170629,6.694131344209232
0.13092041,0.31275038,71.69863227,0.28828582,6.167929879,98.1971283,0.007415771,82.83674622,52.1894989,253,100.9752045,5396.33095,112.833906,0.945531791,0.421129334,683_img_.png,0.12789885237231782,8.930333594901827
0.185760498,0.472673582,71.10047055,0.424296318,5.095285643,66.20683289,0.008346558,63.97161865,55.23423767,255,66.739151,12133.79142,101.9690795,0.876870543,0.496189176,684_img_.png,0.028376244439872758,8.167554536525609
0.197570801,0.25025633,62.77088989,0.167208611,6.314128908,119.5786591,0.011154175,106.7504578,37.84417725,244,144.9808197,5151.781521,95.09388064,0.936863055,0.374161003,685_img_.png,0.06630207878295498,8.03746057637967
0.170181274,0.250687201,66.79888386,0.186348059,6.481983496,124.5122375,0.011077881,106.7830353,43.10142517,250,138.4090576,6209.683469,103.3590461,0.921284319,0.450119125,686_img_.png,0.195381132544327,7.95818998607139
0.06968689,0.439066212,48.78256765,0.181954651,4.651713776,70.08139038,0.003433228,58.79585266,23.44981384,230,120.2268524,2456.30969,89.69714097,0.942776831,0.669415566,6872.png,0.18442693653239806,6.485085787676736
0.036087036,0.254695992,63.02210575,0.167785969,5.785673577,142.9422913,0.000427246,116.3642273,43.50799561,246,142.8787384,2508.729795,93.31620566,0.966763201,0.680885331,687_img_.png,0.4380982820877268,9.274017996316022
0.20602417,0.251115781,68.27554555,0.239770082,6.463611566,107.9981079,0.009674072,96.02494812,48.91862488,255,124.874054,14193.92312,106.2238688,0.837716417,0.386399386,688_img_.png,0.1051777664914112,8.751865018744835
0.223190308,0.250238002,53.80501887,0.155464816,6.109123566,120.8249512,0.008789063,89.28656006,32.66494751,233,148.6959991,9584.626983,94.01719594,0.823960574,0.324946282,689_img_.png,0.07789459790573508,8.808398336769619
0.151855469,0.25023054,35.04983019,0.28612143,5.786372051,68.85269165,0.003189087,50.80250549,34.23591614,183,104.3830719,5106.233134,110.6838607,0.814540207,0.316899972,690_img_.png,0.046059880317574055,9.03830085238243
0.095748901,0.500042739,72.59953594,0.39004547,4.782180685,74.12889099,0.005722046,67.37573242,55.1932373,254,73.89315796,3569.848621,109.8781727,0.964733291,0.569544431,691_img_.png,0.10611218907600661,6.711479413667312
0.110687256,0.250750007,64.83838616,0.406146703,6.238536595,91.86799622,0.007385254,95.31304932,76.02296448,252,56.46212769,2412.153263,126.8486216,0.966883178,0.407088005,692_img_.png,0.23404330336040832,10.164735695091867
0.188140869,0.056164661,68.27876688,0.388087167,7.769856258,123.1335449,0.010848999,115.7901917,92.72323608,255,82.80935669,5709.343414,116.5369027,0.928765527,0.232155867,694_img_.png,0.30196296515867277,13.442733950902536
0.085098267,0.250264266,55.08396571,0.284876272,6.101711214,95.84684753,0.003753662,91.27957153,53.30787659,255,85.45965576,1853.570839,110.0013644,0.973560209,0.347733612,695_img_.png,0.2057324453829443,9.941231433553545
0.072067261,0.250357687,49.92945007,0.298947801,5.809568089,87.8684082,0.003479004,86.72904968,52.19552612,214,87.04627991,1857.435608,103.2496195,0.965658951,0.332818021,696_img_.png,0.2112562607337538,12.244132971163587
0.042327881,0.250511711,49.79359179,0.274199545,5.652852272,98.15768433,0.00213623,88.16540527,51.08970642,209,94.99266052,1347.823617,101.3406438,0.977129988,0.344949188,697_img_.png,0.2305906632299134,11.33982847074824
0.159133911,0.312581028,65.25797227,0.36997172,6.118552606,88.55831909,0.008773804,80.64608765,62.60084534,254,79.26193237,7441.87072,115.9735243,0.908711321,0.37474103,698_img_.png,0.1399043831938435,8.466749321127772
0.127426147,0.300935527,72.95058101,0.376119004,6.222085995,98.83914185,0.004989624,91.57110596,71.61691284,255,67.13345337,4292.902084,121.532634,0.962573612,0.40122042,699_img_.png,0.18731143143821696,8.076710054948721
0.123397827,0.250167767,63.64024493,0.242546606,6.41345091,108.542511,0.006637573,101.0449066,50.8347168,255,111.5823669,3757.78508,103.7419739,0.950493024,0.331781764,6_img_.png,0.13991144635553002,8.626028500169316
0.183364868,0.301049067,64.88487106,0.406571018,6.262340018,69.40774536,0.009017944,68.53448486,56.08331299,255,72.06036377,9487.026515,115.341378,0.853895266,0.385869309,700_img_.png,0.10403915568084175,9.174832548851954
0.176361084,0.076136527,44.57344481,0.130511239,7.02487028,118.8332977,0.008880615,123.7628937,31.66152954,243,187.414978,5680.859504,68.31965841,0.848263722,0.273364637,701_img_.png,0.29128887938388437,9.65414717986649
0.088638306,0.438367502,54.22256402,0.134139452,4.794577804,78.93977356,0.00440979,69.01341248,19.84635925,233,120.8179016,3122.321154,84.53899862,0.943496684,0.626621186,7027.png,0.15343389276203012,7.199240961428925
0.05015564,0.243726217,59.62149607,0.303240104,5.711565775,110.508728,0.003112793,108.2335663,66.33143616,229,76.21446228,1244.431558,112.589001,0.96636351,0.369741247,702_img_.png,0.2749696333622034,9.294256978161318
0.057846069,0.232055652,60.3324978,0.262705185,6.092518864,118.2740936,0.0025177,110.0306396,59.97683716,226,96.22798157,1311.512828,109.0142111,0.965038008,0.398913496,703_img_.png,0.27586552935601455,10.309857152108162
0.031677246,0.263909766,58.23177867,0.23263576,5.413463363,115.7154083,0.001190186,110.8490753,52.70700073,239,100.2592773,1163.339427,104.5029792,0.987172134,0.483488367,704_img_.png,0.31141554912721214,9.263734622145366
0.162948608,0.289270123,75.36443237,0.407515474,6.284085677,109.09198,0.007797241,101.1253357,85.66680908,254,58.44987488,8772.910394,135.9359463,0.916268735,0.402266594,705_img_.png,0.15666065559872844,8.368966854666729
0.095687866,0.430062848,68.85218825,0.138887014,5.122030542,110.3513641,0.00617981,80.26916504,26.47471619,253,116.1565247,4092.110758,102.9526518,0.952025494,0.576958989,706_img_.png,0.16201068445534358,6.77561343665907
0.142837524,0.437582995,58.40191502,0.410497297,5.20069679,58.94567871,0.006790161,50.87234497,45.08000183,254,50.58399963,9251.416147,115.4109174,0.863729213,0.512655611,707_img_.png,0.06405052373015167,8.15206378342515
0.127746582,0.472708478,84.97604198,0.345113711,4.961981714,90.7648468,0.005249023,84.75956726,60.57588196,255,55.98136902,16119.69157,125.2219155,0.890264947,0.508761698,708_img_.png,0.09962640713817596,5.597207541151999
0.117553711,0.152015889,61.90487225,0.266997617,6.750696871,142.437149,0.007095337,70.78135681,56.92883301,255,155.1579437,7892.63594,127.4738298,0.869344441,0.389046602,709_img_.png,0.29369723327909375,10.535359002799805
0.113922119,0.33611035,51.30188167,0.272699288,5.717278679,68.24220276,0.006072998,64.59947205,36.22583008,246,90.37731934,3042.201902,108.4772852,0.921702989,0.432474705,70_img_.png,0.152860063153516,9.489218516767545
0.09362793,0.500154895,94.33772425,0.37487533,4.709786294,87.43052673,0.005157471,88.73892212,66.0415802,255,52.32479858,5843.191829,117.9440418,0.966761751,0.595407506,710_img_.png,0.1419258574281627,5.259186296563378
0.101837158,0.250696529,49.2502315,0.203241035,5.878145097,100.326828,0.006011963,88.98840332,38.47662354,199,119.8924866,1209.21487,89.94673606,0.976666917,0.452663545,711_img_.png,0.28346167609344436,9.533225715563912
0.136566162,0.250398703,47.89778964,0.206344467,6.082549252,85.07566833,0.008956909,75.04371643,33.03974915,236,123.6353912,1472.331504,94.63952733,0.96225244,0.392126223,712_img_.png,0.15776718554266234,9.92078996113203
0.095474243,0.25052187,48.03787156,0.205104372,6.039194584,87.44552612,0.006729126,76.14045715,33.55220032,227,124.5210571,832.2045084,93.76113173,0.982095627,0.414493477,713_img_.png,0.20045331087081478,9.049452297249685
0.101608276,0.250478121,40.79210868,0.217604103,5.851955504,73.98628235,0.007247925,64.86650085,30.2149353,224,119.4216461,697.0457729,95.87423699,0.969461988,0.3719374,714_img_.png,0.1848799536892393,11.340145618000115
0.09312439,0.250439546,59.94278057,0.207774587,6.271019029,102.3921509,0.006210327,90.51274109,40.08073425,236,120.6632538,1104.565581,106.2115334,0.983802703,0.436591328,715_img_.png,0.24374666557892835,9.075103037072674
0.078048706,0.253402201,45.00664659,0.21665716,5.765273358,77.02719116,0.00453186,68.75939941,31.58570862,214,113.7096558,974.3870369,99.30302327,0.981662472,0.549699556,716_img_.png,0.25812200512696853,7.716024313975714
0.115524292,0.250374703,51.3549403,0.199543928,6.097342146,93.79544067,0.008071899,86.0091095,35.87890625,229,134.2962799,1627.10324,91.04113873,0.959229008,0.388660439,718_img_.png,0.20110186564906793,11.167460109411962
0.110305786,0.251063804,53.46576224,0.152305931,6.040498934,108.0165405,0.003082275,96.82096863,31.19796753,212,138.8727875,4706.297378,91.90169777,0.922333115,0.489193078,719_img_.png,0.25784298796868216,8.332974028761313
0.140441895,0.28176155,65.79634061,0.327640962,6.239437214,104.572464,0.00692749,88.36141968,63.21304321,254,88.80352783,10769.84573,115.0128884,0.876725497,0.443814281,720_img_.png,0.1909445722683117,8.541349134758118
0.117828369,0.289640966,68.82810948,0.311659723,6.110110564,109.4196777,0.005996704,97.91673279,64.6184082,251,125.7104797,8055.279394,98.77560968,0.90671795,0.46103312,721_img_.png,0.20797138580205318,9.606756488327633
0.196777344,0.293031447,74.8011614,0.351539368,6.38975406,98.44297791,0.011108398,92.8742981,67.2555542,253,86.6031189,13433.47069,113.5641572,0.867209528,0.34533788,722_img_.png,0.06117173975945516,8.372285294266355
0.226196289,0.285214286,72.19479239,0.503732684,6.442603366,67.35246277,0.012924194,90.06388855,79.29576111,255,82.33152771,6539.171561,131.1703398,0.917755864,0.329456389,723_img_.png,0.06768712063178607,9.95019973939601
0.112854004,0.289885511,73.29046608,0.421346535,5.996291303,119.1035461,0.005783081,103.3579559,93.73338318,253,45.65287781,2897.798932,143.1299928,0.974306733,0.506549454,724_img_.png,0.23111360495414726,10.418370332325157
0.088546753,0.476671638,76.60878867,0.376576006,4.895671601,87.76072693,0.00378418,72.50923157,60.3538208,253,60.28070068,3854.346598,108.220762,0.968646569,0.571145133,725_img_.png,0.13016245349543834,6.6564720005627995
0.160385132,0.312599695,75.5644496,0.305165062,6.214248081,113.0632019,0.006851196,98.52713013,64.56997681,254,87.89326477,9914.303586,119.7026769,0.917937187,0.386913855,726_img_.png,0.12989094047379582,7.879358614676643
0.20552063,0.38285308,77.08155039,0.436493465,5.836720584,68.97216797,0.009567261,74.27113342,62.52476501,255,69.07910156,27306.20403,113.1079877,0.767954764,0.41339984,727_img_.png,0.035982667977157184,7.37659596128978
0.210144043,0.28132723,67.84345237,0.459212454,6.349588261,81.09231567,0.012069702,88.8813324,78.05401611,253,58.78775024,7446.864106,127.2799578,0.910126854,0.337756826,728_img_.png,0.0784292343121085,9.351618849659745
0.154342651,0.281398921,71.00957011,0.44791785,6.288803826,89.91923523,0.009140015,98.42088318,84.36090088,253,50.85470581,3539.58203,125.4304654,0.955922537,0.368133577,729_img_.png,0.13142610640073973,8.962724443580164
0.089248657,0.336121695,51.71037161,0.267235448,5.675006808,70.07461548,0.004699707,67.84739685,36.85765076,245,96.31834412,2609.60693,104.1408729,0.940727681,0.44042968,72_img_.png,0.24353546117626487,10.368070815743549
0.168716431,0.28133756,68.92971863,0.468760791,6.343133105,75.65551758,0.009292603,91.91455078,78.55027771,251,86.50238037,7638.394685,125.2248108,0.916169015,0.348252091,730_img_.png,0.13186918472949646,9.392781064941792
0.206695557,0.281314461,71.45299602,0.439147736,6.406843203,87.47340393,0.009384155,92.99211121,79.25102234,252,70.28718567,12876.48735,127.4162136,0.870096278,0.332755005,731_img_.png,0.07133199095956576,8.953273786436196
0.192993164,0.281335337,68.9833806,0.403133793,6.346940605,89.88996887,0.007949829,93.00457764,73.73097229,250,75.71479797,12322.03759,121.660756,0.868681218,0.342434036,732_img_.png,0.09343426027873077,9.0734432318884
0.10774231,0.25052527,52.71214231,0.271837429,5.592641786,80.11741638,0.006317139,103.1292725,49.81330872,185,96.93070984,1483.84293,91.55217257,0.970516018,0.342752456,733_img_.png,0.11429381800137817,6.68114209203456
0.182144165,0.25045921,53.33858606,0.26240544,6.120085937,75.18588257,0.00831604,93.0619812,44.14915466,238,96.61355591,4558.40562,110.517153,0.917168995,0.360177299,734_img_.png,0.09420510125298621,8.124355413523372
0.125793457,0.47269121,70.92146215,0.300650169,4.903276673,79.77391052,0.005813599,74.70823669,46.44508362,255,82.43269348,9287.604388,93.39298818,0.906715333,0.503474866,735_img_.png,0.0754320134394043,6.428989269688966
0.18862915,0.300898317,59.93651703,0.428910692,6.135006104,69.90812683,0.011459351,73.99015808,61.71951294,254,59.53303528,4315.781096,122.7671647,0.926071729,0.39292378,736_img_.png,0.0902627492103253,9.966078882984032
0.221496582,0.312580375,78.88379199,0.395677389,6.351077894,88.26586914,0.011245728,85.16555786,68.62289429,255,70.18099976,14878.36344,123.8199224,0.878284205,0.357964004,737_img_.png,0.033467358150561545,8.363547299592899
0.121536255,0.46880304,76.3316058,0.407156452,5.134908465,72.16955566,0.006072998,70.1473999,57.94526672,253,55.16093445,7453.53396,121.2061926,0.933774542,0.551699516,738_img_.png,0.07862541665162888,7.563013776330082
0.142578125,0.26598704,65.4554219,0.318180244,6.371812661,89.4176178,0.00630188,85.94380188,55.79653931,255,91.87284851,6259.483103,107.800495,0.924036082,0.392140345,73_img_.png,0.21582312688972796,9.449728609977846
0.072128296,0.468832757,70.42791834,0.304743672,4.747943321,77.69250488,0.003768921,79.49516296,47.90194702,233,73.78390503,2571.812414,109.506951,0.974706742,0.534278382,740_img_.png,0.1360463787706248,6.8275120121952835
0.187026978,0.468768955,68.5668032,0.44720524,5.094732358,59.728302,0.010437012,63.4785614,55.09875488,255,47.31370544,6523.83888,119.412735,0.916546547,0.493324227,741_img_.png,0.03763291519674277,8.155461644767813
0.111984253,0.250353949,50.53041404,0.213045871,6.022706253,105.0260468,0.0050354,83.39367676,40.14204407,244,123.233429,3247.780538,96.51074118,0.938806523,0.365698085,743_img_.png,0.15111653029508415,9.704129031934663
0.153564453,0.312679781,82.51684431,0.453656673,6.201270448,93.66473389,0.007644653,96.00035095,86.04283142,255,50.10958862,10610.4637,128.0328322,0.918338078,0.410615449,744_img_.png,0.17976669629133699,8.041090849078728
0.139938354,0.250423737,55.84219944,0.308932263,5.999142442,110.6558228,0.005493164,89.1194458,61.71702576,250,100.6234131,5841.230251,106.634914,0.899547966,0.350340817,745_img_.png,0.117173112048879,9.101251293815043
0.14881897,0.50003866,76.48415392,0.448253902,4.913236275,67.45603943,0.008789063,65.3321228,59.52281189,255,28.11888123,3586.863177,124.2737963,0.966430114,0.553172823,746_img_.png,0.03597809181474066,6.985858223419422
0.110931396,0.289463348,70.10174924,0.537026103,5.947953754,63.73370361,0.006896973,108.6166534,92.55664063,237,81.12976074,1747.335641,120.9362409,0.98134175,0.444290255,747_img_.png,0.16074022775616226,8.93998262352114
0.132522583,0.289300555,59.96979422,0.527330292,5.848008258,61.26513672,0.008789063,88.67752075,79.06930542,237,62.76379395,1344.246898,122.8886755,0.979231788,0.382567818,748_img_.png,0.10409127279954533,10.196263487228086
0.192840576,0.281382184,70.32812459,0.450661606,6.393121857,85.43911743,0.014755249,85.00283813,76.81164551,254,53.33662415,5957.894073,123.0183474,0.92986936,0.359424532,749_img_.png,0.05884617026111671,8.45539216218097
0.11138916,0.250590827,62.2764032,0.317591522,5.723950922,126.5481262,0.006561279,108.9633484,74.79644775,250,79.56970215,2293.583021,110.499321,0.970416362,0.36518891,74_img_.png,0.2251576029104414,10.173938929711426
0.16796875,0.281381758,58.69816756,0.336516659,6.282812558,79.11323547,0.011123657,69.85446167,50.13011169,253,98.28878784,3421.358618,108.3659598,0.946292433,0.35271282,750_img_.png,0.08952922897978034,9.569828403285463
0.164611816,0.300935305,69.698693,0.416565222,6.31002998,72.81484985,0.011962891,77.96299744,62.80880737,254,59.08129883,2744.893757,125.1352229,0.955484448,0.394674209,751_img_.png,0.10884803523783443,9.529991439011528
0.167251587,0.312618438,68.33894935,0.398746913,6.135517385,89.29510498,0.00604248,85.90699768,69.86129761,255,86.01074219,15641.63344,114.4603411,0.825403027,0.402052646,752_img_.png,0.12379647444367066,8.143263052837533
0.096359253,0.476602255,62.26045049,0.38761635,4.823583118,62.51968384,0.004058838,61.61328125,48.1159668,252,60.75898743,3570.179591,111.6962361,0.958333635,0.516768687,753_img_.png,0.08708284745684702,9.534167746873129
0.142974854,0.289358112,77.37814183,0.392589235,6.266289067,113.7941132,0.004272461,104.6949615,85.77645874,254,55.22184753,7783.307537,124.8899985,0.933901709,0.422754395,754_img_.png,0.14041394738771434,7.325697805764358
0.117858887,0.437678588,65.30952601,0.314335435,5.205270764,52.93029785,0.009475708,61.40039063,35.93818665,240,72.5823822,1516.706618,128.5839464,0.979030188,0.587718464,756.png,0.07323616598419336,6.864849777010972
0.201843262,0.094498308,75.95494867,0.451322982,7.392489524,145.3431091,0.00869751,149.313446,132.9852753,255,68.06077576,14324.43781,127.4250042,0.875742015,0.226402579,756_img_.png,0.2392746483827334,11.454737625724043
0.207290649,0.285265069,67.814913,0.52920118,6.395736257,62.23745728,0.0105896,65.2565918,67.47000122,255,52.46768188,6277.790057,112.8741033,0.913802413,0.33649429,757_img_.png,0.07674036273292435,10.30942427210897
0.093612671,0.438177201,69.79062579,0.31370651,5.184420824,63.3625946,0.007354736,74.81593323,43.34750366,246,101.6091614,2087.286914,118.7791349,0.969645834,0.605507036,758.png,0.12095882688679023,7.17815319291995
0.098144531,0.281504371,76.40810302,0.381379289,6.311890146,114.9376678,0.003417969,106.538559,84.46644592,253,56.12809753,2587.269925,124.7009055,0.981033296,0.434565959,758_img_.png,0.2270959748372575,8.412394581175526
0.163787842,0.281372238,66.7335001,0.400804359,6.263945633,101.6119843,0.008300781,89.17063904,76.46650696,253,74.99177551,5348.829125,127.4085559,0.941029867,0.353521382,759_img_.png,0.10180546341422907,8.610394934623658
0.17829895,0.507823337,77.28479197,0.336671399,4.884603517,76.14463806,0.00718689,66.1262207,47.89852905,255,58.75086975,18148.73029,124.6754592,0.825947666,0.526759584,760_img_.png,0.03356363346226366,7.2420925787516754
0.28604126,0.203988323,70.07629526,0.529794946,6.897574561,77.4473114,0.01361084,97.98683167,92.94412231,255,76.84396362,21278.45249,131.8298533,0.750450649,0.233534175,762_img_.png,0.0631551704373995,10.051159098797251
0.255279541,0.281293354,82.73736649,0.491025629,6.552457944,92.58331299,0.01071167,95.64938354,92.42707825,255,38.33581543,16529.64147,134.1133644,0.870070048,0.311416326,763_img_.png,0.040030303004738595,8.41673184077478
0.119430542,0.437573366,57.3728989,0.214872023,5.012883293,70.98287964,0.004425049,69.02880859,30.08459473,220,92.76927185,6572.601346,94.24584754,0.903392249,0.512396578,7643.png,0.0683119359390237,6.34944417935646
0.234069824,0.300830694,82.83547359,0.481818747,6.387606144,94.99305725,0.012252808,95.94099426,91.99560547,255,23.94367981,7987.472241,137.079184,0.938961506,0.340064204,764_img_.png,0.0517957857579169,8.351675860726044
0.149734497,0.437567175,64.18531168,0.193778207,5.075286531,82.22314453,0.006118774,77.7620697,31.00164795,234,101.3818512,10835.32654,90.85399082,0.869838792,0.496574598,7654.png,0.05400848103898961,5.932579755493618
0.187011719,0.468766131,81.37674464,0.457587187,5.164514598,71.47157288,0.009887695,72.82019043,66.02606201,255,35.07409668,12771.67577,124.8434165,0.894382207,0.491604039,765_img_.png,0.026861143671299954,8.17314733240996
0.195129395,0.46876583,74.82244773,0.521606748,5.112683157,63.07421875,0.009552002,68.11532593,68.42935181,252,37.64831543,8802.601545,113.5168564,0.912076903,0.48751601,766_img_.png,0.031384470354995524,8.346510953849508
0.11289978,0.281390919,66.82194001,0.357960001,6.182918984,91.03952026,0.005493164,90.56918335,65.00865173,230,110.3652649,3740.636431,104.2855744,0.957693996,0.352421933,767_img_.png,0.14203227195009763,9.629504059162691
0.032104492,0.488493924,75.59910961,0.471683307,4.011159621,77.94021606,0.000762939,77.87199402,73.49401855,194,23.8165741,890.2525386,122.2000049,0.994730474,0.573438333,768_img_.png,0.1455237710074112,9.656157707327639
0.28503418,0.101844464,64.2689587,0.551572563,7.277124019,102.6075287,0.010742188,139.0038452,133.2662048,255,89.75395203,10695.62823,124.5321114,0.858215926,0.147216855,769_img_.png,0.10236335414099258,10.510346928460157
0.131134033,0.250553113,64.72994484,0.316172065,5.907964152,107.4020081,0.007827759,117.6330872,71.14981079,250,84.3637085,1959.500122,107.7443616,0.972582749,0.365946781,76_img_.png,0.16896168940576992,10.619304189456695
0.276931763,0.253950224,72.11249841,0.473066901,6.65610343,87.43740845,0.011886597,85.41973877,81.772995,255,69.94213867,27984.51603,123.7832239,0.720271905,0.275913103,770_img_.png,0.03214791672930114,8.511395029308037
0.162963867,0.300978219,76.28950498,0.481963478,6.109783945,97.0831604,0.012115479,102.9673462,96.41703796,251,45.91308594,2335.340743,131.6982691,0.979538195,0.417833516,771_img_.png,0.1171313033538202,7.818810697228232
0.060638428,0.281464581,61.12823943,0.419576152,6.021061845,91.68840027,0.001342773,86.06903076,74.58277893,244,62.43399048,2023.2097,124.4415097,0.978220369,0.378276567,772_img_.png,0.20996079132609824,8.822107027534413
0.16708374,0.300888943,73.54243266,0.470942912,6.207220889,84.71260071,0.010787964,94.91567993,84.59466553,255,71.15953064,4498.74348,124.8032933,0.955383966,0.389456209,773_img_.png,0.08997496642398274,7.761831638980823
0.237930298,0.250085972,63.26822503,0.390385449,6.480529295,92.32113647,0.012985229,86.93031311,69.97715759,252,53.87290955,10931.42028,121.3717685,0.850076606,0.295350457,775_img_.png,0.05717755970671665,9.528007518260058
0.146408081,0.251029114,50.48458566,0.364811954,5.788128989,86.74632263,0.00831604,82.25733948,61.65455627,246,57.62187195,4053.367859,114.9126342,0.915373699,0.393331844,776_img_.png,0.13077200005842082,9.62647024573416
0.235610962,0.250091713,64.09982895,0.412723537,6.510610077,83.58831787,0.014053345,83.40148926,68.92062378,255,48.24998474,9487.938323,119.9975925,0.868469148,0.29507834,777_img_.png,0.04905159915642467,8.179177982854123
0.229278564,0.250102321,63.63189221,0.401490809,6.491976028,82.95924377,0.013931274,84.08396912,67.0663147,253,52.6505127,7380.050619,115.4257655,0.89655858,0.302436024,778_img_.png,0.05177076156926524,8.31833631542294
0.216537476,0.250169495,59.66620832,0.425347252,6.335414994,79.93435669,0.010009766,82.2922821,69.00265503,254,48.7441864,9632.518033,123.357065,0.856780047,0.314857321,779_img_.png,0.059084113226255654,9.294830921034244
0.25328064,0.293029584,68.4643599,0.343853829,6.236861199,83.66227722,0.013336182,90.67471313,59.94644165,255,93.47607422,9579.474975,110.0829352,0.892807298,0.324992432,77_img_.png,0.038407487049374404,9.311062203296629
0.193450928,0.250137823,63.32535352,0.388857017,6.444236441,88.32139587,0.009124756,89.08616638,68.98617554,252,55.82038879,9347.088668,126.0486149,0.870680388,0.325604023,780_img_.png,0.08368871330502732,9.04462372130456
0.194625854,0.250205193,56.4946042,0.378316717,6.212844835,85.73051453,0.011810303,84.21455383,64.2930603,250,54.2796936,4706.623889,115.3875104,0.913039814,0.32138322,781_img_.png,0.09408706743672372,10.240045907641068
0.217437744,0.28130844,72.87786044,0.50420888,6.478782611,78.30187988,0.009170532,78.03900146,78.82846069,254,56.68992615,7298.010605,113.1671658,0.917984984,0.323065029,782_img_.png,0.08738632168453668,9.506361444666087
0.207763672,0.281309742,72.91248304,0.473359337,6.484682177,74.28608704,0.009963989,81.40925598,73.69984436,255,60.28852844,14198.28184,126.2169871,0.865479331,0.322729084,783_img_.png,0.050477420057569534,8.05333272454996
0.191268921,0.301064642,73.67933794,0.453055886,6.255029578,76.58503723,0.009887695,73.50469971,67.9990387,255,78.6265564,17782.41371,124.6944048,0.826503882,0.398778594,784_img_.png,0.12847737411785068,9.514357216865076
0.244155884,0.300838626,74.65657516,0.448991386,6.24140053,100.615448,0.014541626,94.92835999,87.79748535,255,36.12606812,6022.105015,134.1464445,0.936202123,0.340265381,785_img_.png,0.03642894755387711,7.661696246552097
0.176361084,0.076136527,44.57344481,0.130511239,7.02487028,118.8332977,0.008880615,123.7628937,31.66152954,243,187.414978,5680.859504,68.31965841,0.848263722,0.273364637,786_img_.png,0.29128887938388437,9.65414717986649
0.096252441,0.500032642,74.89190409,0.324577137,4.863929975,80.23126221,0.004699707,68.33296204,48.22055054,255,58.9543457,5355.855595,119.534903,0.953652694,0.553420156,787_img_.png,0.09699682462912158,6.4144470709783175
0.143829346,0.300957078,71.24119633,0.467977062,5.990277735,92.70271301,0.007659912,99.7197876,90.04931641,244,53.65873718,3419.752487,135.8266644,0.966829013,0.407043719,788_img_.png,0.1525267123742928,7.438862557445642
0.15461731,0.457070674,64.02812405,0.291870566,4.953557142,58.25462341,0.007156372,74.03140259,38.61039734,238,73.92610168,4248.213562,106.1259331,0.950841088,0.498054247,789_img_.png,0.03475093990481471,8.327489344925961
0.114013672,0.290562401,56.10146772,0.22723883,5.888457291,91.32704163,0.004745483,63.15354919,35.10398865,218,105.2837982,4910.929077,109.8039905,0.90314896,0.399334079,78_img_.png,0.1810724678869212,9.546411170961061
0.249755859,0.281319546,59.18474948,0.539656089,6.274863681,66.10777283,0.013320923,66.04075623,71.3147583,253,45.42079163,9633.546007,115.0522599,0.837070964,0.315313837,790_img_.png,0.044493175840457366,9.295254675338775
0.139053345,0.437909861,52.54994746,0.148244502,4.888487956,76.28761292,0.006347656,60.91905212,20.34013367,240,117.8844147,8084.943623,94.204195,0.846035755,0.563954036,7916.png,0.08586613610077291,8.391219283034102
0.143539429,0.301064023,58.12277496,0.388681422,5.788184689,93.53715515,0.005706787,75.93783569,65.8717804,253,81.42845154,7373.226955,109.5556191,0.887253842,0.385904314,791_img_.png,0.15053924196464089,9.084712357955576
0.232269287,0.281319459,70.08620816,0.456696757,6.316317205,87.66853333,0.01083374,95.52593994,83.6643219,254,95.58934021,10232.87259,106.1139269,0.884662723,0.319459014,792_img_.png,0.061367368717165284,8.525689691183013
0.119262695,0.300936742,55.14252231,0.432910664,5.877587303,71.60595703,0.006072998,56.84513855,55.60784912,251,70.63494873,4997.432286,127.7765623,0.9136322,0.34613493,793_img_.png,0.11057897533822474,10.40508560066462
0.159957886,0.300872349,73.06620741,0.451135254,6.197632106,92.68977356,0.009292603,93.37677002,83.94117737,251,58.22438049,4873.216533,133.0413487,0.951374389,0.362150293,794_img_.png,0.13185950379296216,8.318923996004811
0.151626587,0.281615933,68.30693899,0.380315589,6.284437641,96.32781982,0.009109497,89.44134521,70.65090942,255,99.36885071,6972.765612,99.57689483,0.916379762,0.397701771,795_img_.png,0.14544383293854016,8.19781490497389
0.10774231,0.282260639,71.53846051,0.418222439,6.354898445,86.48971558,0.005569458,75.3440094,67.68249512,254,49.33288574,2703.554177,134.3982091,0.969449557,0.406715143,796_img_.png,0.18594574507334774,10.121458194103237
0.158889771,0.281398324,73.28252404,0.367377375,6.206693787,117.7222595,0.007446289,102.6828003,80.97183228,255,90.63441467,11587.34405,123.3252207,0.875050899,0.349099248,797_img_.png,0.12381879793580956,8.294577007258578
0.095611572,0.282237793,75.5325414,0.366005783,6.358637286,91.44926453,0.005142212,78.71185303,62.279953,253,70.89906311,2474.192436,125.9591895,0.975690754,0.453695656,798_img_.png,0.23118172523863204,9.947711899603668
0.192871094,0.247438875,66.96027062,0.410449696,6.440700232,101.786087,0.010940552,84.54039001,76.47764587,254,83.54486084,14339.6088,116.8854436,0.806435652,0.356219373,799_img_.png,0.17021505886014074,9.787475293333426
0.175415039,0.382855391,66.18172015,0.431278431,5.633908804,71.18266296,0.006484985,71.26771545,61.43577576,255,61.67607117,14159.06143,107.4471389,0.830498637,0.416407007,79_img_.png,0.0549294527930459,8.686819974273808
0.072555542,0.30159218,47.51530654,0.216339474,5.323367217,72.90284729,0.003768921,68.95690918,30.68986511,249,118.0043182,3347.726381,97.92383665,0.923623577,0.433173565,7_img_.png,0.2614134826924688,11.214651472008976
0.162567139,0.281440705,66.21305485,0.391142812,6.191235563,96.10354614,0.008300781,94.49411011,74.55090332,248,77.22174072,7430.950147,119.9377577,0.909743743,0.386691967,800_img_.png,0.17851433272386874,8.986026078526434
0.150009155,0.437612139,58.5167175,0.149518891,5.069342789,80.92163086,0.007614136,67.69734192,22.22134399,229,118.0320892,7736.98176,94.52422802,0.869752738,0.527703719,8010.png,0.06882416891187615,8.40968338091076
0.094177246,0.013509879,50.60163712,0.432105136,7.48193997,143.2081604,0.004165649,153.5640259,128.2367859,240,80.93414307,2835.444922,117.4769422,0.913206095,0.101922716,802_img_.png,0.5332493853721384,18.50430344981001
0.219558716,0.281322646,64.73875369,0.43814023,6.301299498,83.01280212,0.011428833,78.88365173,70.93334961,253,46.1415863,8731.087526,127.8743308,0.8982558,0.318398933,803_img_.png,0.0448159493700842,9.191308053833017
0.129943848,0.437662435,54.77101372,0.138168124,4.934793583,81.74530029,0.006149292,66.6436615,20.50262451,244,124.6206818,5835.355879,90.64009358,0.898340697,0.550878853,8046.png,0.06829956087382744,6.872436671511737
0.131469727,0.300937295,79.81792098,0.514770513,5.995129874,99.40415955,0.005996704,110.2951508,107.9470215,253,40.29515076,2722.863806,121.6779337,0.97970162,0.389824709,804_img_.png,0.140601192867822,8.634538659041368
0.173492432,0.437552922,57.98891392,0.136422559,5.011972533,82.08180237,0.006225586,70.83474731,20.86126709,237,121.0959167,11860.56333,87.06664958,0.82084278,0.485937893,8056.png,0.042707025795249404,6.924185362928219
0.173217773,0.488298175,69.7644898,0.46132993,5.013152414,57.00740051,0.007415771,55.76301575,52.02436829,255,32.25228882,12761.06667,128.6955028,0.861642899,0.513872817,806_img_.png,0.033244133902330324,7.625490297985494
0.252166748,0.009683093,45.17041686,0.331148328,7.493620675,169.087677,0.010421753,164.9428864,110.6136627,254,105.4731598,9832.69101,86.9945697,0.740388105,0.067191295,807_img_.png,0.8790179404064135,21.509071380262
0.101150513,0.301173922,69.26910931,0.237958278,6.089862396,96.19036865,0.005340576,80.33706665,42.00616455,251,115.6416473,2991.476638,109.0592539,0.966147849,0.434281085,808_img_.png,0.274333250853169,8.355393985769448
0.088607788,0.469449944,87.13342986,0.398548308,5.065868617,91.95982361,0.005050659,82.54441833,69.54837036,254,44.05947876,4788.698069,131.2921298,0.969326551,0.610963432,809_img_.png,0.214658423137384,6.112457497820067
0.236343384,0.250082725,75.62332646,0.486324981,6.554433549,97.11985779,0.018569946,110.8830872,101.1570282,255,37.39176941,4897.552795,129.642404,0.928133558,0.298041901,80_img_.png,0.08473453239940808,9.054317888049896
0.080612183,0.488642579,62.72421997,0.270307936,4.369679134,84.38024902,0.004180908,65.90667725,40.62374878,254,71.4438324,3692.25913,111.2469162,0.951215918,0.613976623,810_img_.png,0.17095838828628082,7.63123949376601
0.106155396,0.441482283,63.49500684,0.31721465,4.958922536,87.82850647,0.004226685,68.35429382,49.54347229,250,66.91360474,3811.632243,122.8742319,0.955361847,0.49254842,811_img_.png,0.09128249358511607,9.12932606886311
0.262130737,0.250065568,67.93290634,0.325236589,6.555686047,93.55305481,0.011245728,99.54823303,62.80360413,251,81.95220947,11597.0282,110.0302812,0.855828565,0.283646106,812_img_.png,0.06463500174194674,9.335590302041156
0.132034302,0.251538651,56.65775426,0.174024664,6.045398331,107.2794952,0.007781982,100.9190063,36.23167419,244,137.9069977,4994.394554,89.7109971,0.918288981,0.458341256,813_img_.png,0.24072800513598125,10.057611898434402
0.118026733,0.25033653,50.50618412,0.42548816,5.85299106,90.26315308,0.005706787,77.77607727,71.498703,252,42.7578125,2474.148747,123.0375552,0.949320411,0.341857612,814_img_.png,0.12645164830145816,12.056346267373712
0.185760498,0.472673582,71.10047055,0.424296318,5.095285643,66.20683289,0.008346558,63.97161865,55.23423767,255,66.739151,12133.79142,101.9690795,0.876870543,0.496189176,815_img_.png,0.02652468844859841,7.385478521770449
0.185653687,0.250149694,80.3062534,0.380082932,6.672686704,110.1546936,0.010314941,108.6323242,83.1572113,255,83.35713196,7165.455876,126.130211,0.939987909,0.340773218,816_img_.png,0.12572967206664085,8.611563435067767
0.178665161,0.437523332,76.6922398,0.334150237,5.325462712,74.72531128,0.007247925,84.4617157,53.19238281,254,80.83189392,10722.38044,107.9878693,0.904098819,0.466764208,817_img_.png,0.03342318203566939,5.512083682222515
0.130569458,0.2507046,54.02297607,0.263524596,6.105719879,86.8205719,0.007263184,83.63957214,44.92044067,241,116.4260101,3432.669515,103.030781,0.928366158,0.396566472,818_img_.png,0.15195598821057157,8.769363401656225
0.169845581,0.30478832,65.13261259,0.572103352,6.196009404,55.22264099,0.012420654,63.55357361,67.95227051,254,52.18017578,2563.293257,109.2065886,0.957573343,0.36999275,819_img_.png,0.09435960801330227,8.286889391744243
0.209762573,0.316450281,77.11990361,0.503809139,6.295406242,82.27668762,0.011795044,82.68566895,83.10954285,255,39.27479553,12405.6126,125.0899318,0.877461532,0.358898658,820_img_.png,0.05914963679909494,7.888862498827916
0.109649658,0.500022926,68.6265019,0.449818577,4.834660804,66.72659302,0.004943848,56.71177673,55.52487183,255,35.2519989,5304.458387,130.4414174,0.944393835,0.534204294,821_img_.png,0.05475196683865454,7.652907763846386
0.167129517,0.250284815,54.25970186,0.218357473,6.305737955,81.76457214,0.010406494,84.51545715,36.30848694,254,122.5078125,3075.079561,97.68320093,0.926454333,0.36610926,822_img_.png,0.08808510126492623,8.605485145023502
0.189025879,0.281537328,63.88796137,0.378506749,6.25166182,82.39292908,0.010131836,75.40892029,59.72906494,255,91.61103821,15337.30904,111.9104818,0.804521158,0.379744003,823_img_.png,0.12901302108228285,9.536641650926722
0.092926025,0.438366889,53.97269702,0.144181125,4.81229163,86.59902954,0.004364014,65.84765625,21.97993469,240,120.9571228,4501.406565,92.62712049,0.918304083,0.644066397,8262.png,0.18132136994741418,7.5045463387816715
0.130752563,0.476600741,71.02703208,0.414809446,4.968947539,67.3692627,0.005950928,66.91186523,55.70108032,253,40.4269104,4956.398245,122.3708089,0.945118356,0.531026401,827_img_.png,0.0650470676441693,6.296058736685415
0.11076355,0.437617328,57.99465583,0.140005157,4.959561888,85.89970398,0.00668335,71.3352356,22.01370239,231,120.6940765,3222.904998,86.14696269,0.938361619,0.541335214,8288.png,0.10582740090488851,6.108785957429859
0.163833618,0.28931339,75.4349471,0.406229829,6.286504873,109.0763702,0.008361816,101.3610992,85.48597717,254,58.86138916,8296.480064,135.9924576,0.920357049,0.423538838,828_img_.png,0.157229480385941,8.330843396675224
0.127746582,0.472708478,84.97604198,0.345113711,4.961981714,90.7648468,0.005249023,84.75956726,60.57588196,255,55.98136902,16119.69157,125.2219155,0.890264947,0.508761698,829_img_.png,0.09962640713817596,5.597207541151999
0.258682251,0.250074719,73.91895265,0.492670126,6.507954369,94.29571533,0.017715454,110.0236206,100.6620331,253,36.29429626,5811.437256,128.8654464,0.921757573,0.290094162,82_img_.png,0.06790082874928739,9.201892121814542
0.140441895,0.28176155,65.79634061,0.327640962,6.239437214,104.572464,0.00692749,88.36141968,63.21304321,254,88.80352783,10769.84573,115.0128884,0.876725497,0.443814281,831_img_.png,0.24472169528653342,8.558089850850592
0.194381714,0.410193841,76.48232447,0.431665431,5.633071946,65.92124939,0.008743286,70.84835815,59.03871155,255,66.52574158,25996.16532,112.1926925,0.776805527,0.439872687,832_img_.png,0.0340357027738411,7.331448473667496
0.111190796,0.500051053,70.20284693,0.328742149,4.819494443,75.98493958,0.005325317,64.44944763,46.16670227,255,58.98147583,8775.803741,107.4581449,0.904926687,0.57454162,833_img_.png,0.10767835985004526,7.035198464296678
0.021987915,0.071788247,30.62728761,0.207954059,6.677541503,133.6478119,0.001113892,135.6235046,55.99606323,214,127.5010223,248.4031503,100.0277671,0.985639389,0.607868511,834_img_.png,0.7718439261621141,15.523797317024622
0.108291626,0.285388618,87.63726237,0.401311876,6.225099198,117.848938,0.00630188,120.7062531,95.73503113,250,55.4306488,4849.118368,123.0147296,0.964148997,0.379522352,835_img_.png,0.20520570059746776,8.119344444116395
0.126098633,0.437630646,70.25036558,0.406724483,5.334922872,62.25137329,0.009536743,58.27578735,49.02134705,250,36.81680298,3150.760442,123.5939352,0.964474831,0.557449051,837.png,0.06471149528430455,7.497318412814861
0.028305054,0.293309385,62.83424134,0.409404716,6.005860752,92.99452209,0.001159668,83.5620575,72.28309631,248,56.42481995,959.7549572,125.0547334,0.992519374,0.44891297,837_img_.png,0.40673580362718137,10.48403207365783
0.168777466,0.500013856,76.32016312,0.499992748,4.932692414,63.85925293,0.009933472,62.38220215,63.11981201,254,31.18707275,7965.618772,104.6619391,0.926015399,0.523644925,838_img_.png,0.02634976054592457,7.260322239514638
0.022781372,0.438894686,56.1771814,0.344365959,4.784707818,56.0838623,0.001342773,56.13674927,38.6449585,203,65.89878845,384.3776291,120.4725808,0.995873065,0.742820216,841.png,0.3113760533162209,7.551438894204326
0.154312134,0.339952296,55.96910815,0.302890835,5.836301653,85.06204224,0.006958008,57.44923401,43.1653595,254,91.34873962,13717.1348,123.1496061,0.769956338,0.413021391,841_img_.png,0.08582906158595403,8.20881173232263
0.090942383,0.347865962,74.48052793,0.289703786,5.914130088,92.58328247,0.006027222,90.88606262,53.15176392,254,92.28492737,1246.039093,109.4411441,0.981875479,0.472468199,842_img_.png,0.1909821360145596,8.158410911862015
0.161743164,0.238441529,65.18581093,0.338518996,6.343988258,107.4758606,0.006103516,111.187851,74.02182007,255,78.12617493,4958.67291,113.2344887,0.94328524,0.290143083,843_img_.png,0.1473967394761829,9.969162378384452
0.149108887,0.215151117,58.88479141,0.266368615,6.66725557,89.39854431,0.00819397,80.17687988,45.16957092,248,127.9769287,6931.683193,101.6970721,0.879820144,0.333269853,844_img_.png,0.206390861262834,9.754943916390625
0.099487305,0.488386404,52.6125974,0.373049117,4.598796066,51.03829956,0.006790161,49.89299011,37.65232849,239,40.49435425,2045.651087,120.6153764,0.958509706,0.57667428,845_img_.png,0.08710055766256027,8.96259402384665
0.195297241,0.250166233,65.82364358,0.430055882,6.571612292,89.81837463,0.012283325,79.59962463,72.85920715,255,74.83654785,12342.24237,110.5327661,0.838327358,0.347945855,846_img_.png,0.08932824104528675,8.86744549214219
0.066833496,0.410350771,60.42524066,0.386283326,5.446012932,62.29023743,0.003341675,55.59513855,45.53715515,254,73.0690918,2378.471914,119.3932967,0.962001132,0.5726606,847_img_.png,0.20221737446260388,8.67723217077781
0.189910889,0.336000734,72.73187407,0.497112951,5.854131645,88.83720398,0.010910034,88.69447327,88.2532959,255,11.89717102,4249.939841,134.2251281,0.957217985,0.380113938,848_img_.png,0.04589370510815133,9.525588999383656
0.073928833,0.457110141,94.02903254,0.360109502,5.145067837,97.6590271,0.003616333,97.95153809,70.44122314,255,45.68322754,2696.747449,127.1955295,0.983787667,0.550180203,849_img_.png,0.1386628880274854,6.257226421831312
0.101608276,0.25042103,59.62984958,0.095692479,6.067457573,120.9983063,0.004776001,113.218277,22.4127655,247,157.2923126,2889.786261,90.04430112,0.959376246,0.378740518,850_img_.png,0.18192871511133477,9.304614186769928
0.192810059,0.243271883,69.77795383,0.505760647,6.518853873,90.64846802,0.013015747,90.06311035,91.39680481,255,34.63146973,5423.936712,125.6207413,0.92320265,0.310174534,851_img_.png,0.1016859945457818,9.596916824191517
0.146591187,0.254133128,60.16630496,0.243739752,6.439899157,102.2606354,0.008117676,76.84632874,43.65548706,254,124.5666504,7152.608526,107.335408,0.884156711,0.369201375,852_img_.png,0.17925453525140167,9.26626691172958
0.084823608,0.433953927,71.68811403,0.217355325,5.154550285,90.31254578,0.005126953,85.0778656,38.12203979,253,98.18910217,2041.731346,90.3889134,0.974367115,0.587792081,854_img_.png,0.1643308057996645,7.659332295764876
0.079574585,0.375178715,64.24826075,0.222336135,5.381705401,103.3842468,0.004592896,85.85884094,42.07557678,242,96.59358215,1583.002186,110.3938416,0.981589547,0.486111545,855_img_.png,0.15414389105316273,7.709312411298697
0.133300781,0.398548933,77.58450687,0.39957253,5.640827554,88.13986206,0.006561279,80.5004425,67.3840332,255,49.89497375,2592.087851,125.158634,0.972018296,0.503446793,856_img_.png,0.09393376793691943,8.406136906078991
0.188140869,0.390665044,61.35597743,0.271137817,5.489226615,69.98272705,0.00982666,72.43603516,38.6151123,254,88.88040161,10570.79687,107.7035955,0.85185401,0.426284381,857_img_.png,0.0401871991200432,8.650286700258041
0.030334473,0.087852345,43.98872917,0.412933262,6.752031813,94.12217712,0.001251221,107.6755524,83.32899475,246,55.99407959,947.7273867,84.37096608,0.972401257,0.250308008,858_img_.png,0.4330803819596032,15.061189325410576
0.068954468,0.406492601,49.40098179,0.182521866,5.129330866,66.65390015,0.003616333,60.72868347,23.25010681,251,108.037735,2751.628962,98.27605168,0.933264522,0.554554483,859_img_.png,0.21159036451268823,11.853759657379143
0.133468628,0.351651944,78.21171598,0.367270223,5.845076589,82.02734375,0.005737305,104.7689209,68.60470581,254,73.74934387,3141.146785,112.2586363,0.967574387,0.435173016,860_img_.png,0.10372036149713255,9.25514425336552
0.090011597,0.324463291,49.73139966,0.170887493,5.38372525,84.89814758,0.002471924,78.40820313,27.90701294,243,121.4060669,4184.333562,94.35665247,0.919094039,0.394770861,861_img_.png,0.21963887612496405,10.583325470891257
0.113769531,0.35561693,73.10488916,0.195253451,5.900911203,97.23329163,0.006881714,89.45213318,36.45097351,255,116.7934723,4160.985303,103.6072167,0.950199529,0.489433527,862_img_.png,0.15509519954261067,7.261835979579604
0.151351929,0.332116134,74.19196512,0.396979811,6.005301331,96.84991455,0.009185791,93.2020874,75.44680786,255,71.43797302,5346.195478,120.38302,0.938225767,0.402261104,863_img_.png,0.12187771993393144,7.800449947888216
0.153213501,0.336095416,67.6273846,0.175425228,5.938686377,94.34622192,0.009262085,91.09942627,32.53184509,250,128.0539246,6934.696337,98.5902569,0.922276188,0.436810931,865_img_.png,0.10934408767683597,7.192277003292603
0.223480225,0.253985596,71.69240411,0.42171083,6.679650966,84.42385864,0.012039185,87.55615234,72.52583313,255,73.53410339,13014.40297,118.2725514,0.864263351,0.299449765,866_img_.png,0.06094649061796568,8.774990630476362
0.135848999,0.254705357,52.04700762,0.157409995,5.98526106,108.1334686,0.005065918,92.16700745,31.52929688,247,144.7420654,5706.052421,89.31371661,0.877193305,0.445807982,867_img_.png,0.2440509869172598,9.058207466022308
0.168014526,0.379023419,62.58753125,0.280487827,5.601897657,79.47003174,0.009719849,71.45910645,42.33378601,254,91.47889709,5651.618494,111.4712572,0.922190457,0.466822128,868_img_.png,0.0830469312149288,9.22556248735521
0.219238281,0.250115914,55.08374394,0.404015824,6.351022553,80.58459473,0.010421753,66.82951355,59.55763245,253,66.53790283,11866.15679,115.1168624,0.781239222,0.300300147,869_img_.png,0.05854398586481432,10.867366581267158
0.053482056,0.293209973,73.11849994,0.284319314,5.942160425,107.5857086,0.00352478,117.4363556,63.9781189,251,89.24391174,1456.517978,115.2094174,0.987652533,0.38729406,86_img_.png,0.20406960593908355,9.009848001564066
0.150726318,0.461040354,64.69835597,0.216171897,5.034653967,77.37872314,0.009109497,67.85809326,31.39611816,253,86.17044067,6225.087028,109.1754032,0.925209608,0.545353692,871_img_.png,0.07606526308324844,7.363548827844507
0.0753479,0.375363642,68.41615776,0.125653464,5.309357931,123.7750702,0.003204346,97.79611206,27.84118652,251,127.8331604,3427.312911,93.63772503,0.964693629,0.509867347,872_img_.png,0.21539835723946396,7.045859526148371
0.044921875,0.25074478,61.46997951,0.244698318,6.312574629,109.4894409,0.00213623,92.66134644,49.46595764,216,101.1100311,1067.43165,114.3668628,0.988452185,0.47003925,873_img_.png,0.366562794191599,9.02997943582168
0.081878662,0.336086266,51.73883053,0.386888636,5.807903585,64.13870239,0.004165649,54.75505066,45.99864197,253,54.7612915,2561.146117,124.0339768,0.950148585,0.427983224,874_img_.png,0.1559038371038439,8.844504664118386
0.257446289,0.253984372,74.84389182,0.38493713,6.389165828,111.9878693,0.012542725,120.3583984,89.43870544,255,55.9528656,9235.774714,115.8214428,0.914152013,0.29159125,875_img_.png,0.049750399915665065,8.383410565276648
0.126876831,0.250163489,70.76010923,0.370161354,6.561162626,100.1926575,0.007278442,97.00985718,72.99674988,251,57.16731262,5378.981749,119.8091346,0.937319589,0.348679451,876_img_.png,0.23166754928380748,8.521537782215066
0.152496338,0.336142531,62.48035871,0.243092328,5.894164716,80.4019928,0.010864258,79.46394348,38.86218262,249,113.3835297,3054.938521,99.86122607,0.951805409,0.447495278,877_img_.png,0.1450586757373076,8.504077006715336
0.244064331,0.254013064,63.46147639,0.215864775,6.528144693,101.0788116,0.014663696,83.80935669,39.9108429,254,130.0552673,7979.580248,106.0869452,0.899112138,0.310607872,878_img_.png,0.04430332690887386,8.877138198867549
0.123275757,0.250393437,42.3405987,0.179699742,5.744303973,91.41574097,0.003173828,72.61265564,29.4758606,225,134.7101898,4002.649097,96.30508094,0.896916194,0.324772341,879_img_.png,0.2150936822878842,9.47459059102954
0.170135498,0.250228644,63.75769532,0.440530784,6.15743211,103.2116089,0.009506226,96.16928101,87.8334198,254,38.33558655,3928.709846,128.3846862,0.944472495,0.323267319,87_img_.png,0.0964209778249119,10.152659557383288
0.151885986,0.250289731,61.36625993,0.337520386,6.397519154,97.61782837,0.007751465,80.72833252,60.19546509,250,86.02459717,4789.087642,113.639142,0.932368385,0.351041572,880_img_.png,0.19443520179439688,11.211966892690068
0.078262329,0.243764989,50.41736155,0.239346392,5.605982334,97.81072998,0.002838135,98.40597534,46.96376038,203,104.4979553,1544.035368,86.75398899,0.97916042,0.482460253,881_img_.png,0.29845520147642873,8.273474154207232
0.188552856,0.254053313,75.04139473,0.296556892,6.625220195,111.5230103,0.011169434,102.8237,63.56599426,255,106.2168579,8059.249655,109.3236639,0.916010597,0.347102933,887_img_.png,0.09448511251754325,8.25751109857298
0.115493774,0.437600509,62.27465185,0.448219511,5.046252345,60.34394836,0.007827759,66.67926025,56.9342804,240,31.91940308,1421.505209,125.0460734,0.980003041,0.537125389,889_img_.png,0.092131039524103,8.209621768174426
0.067230225,0.437751595,50.37941552,0.309294795,4.786772081,54.86138916,0.005615234,59.75639343,35.45068359,185,63.04119873,518.9352837,107.5039532,0.98697656,0.604272168,890.png,0.12121865892811778,7.275016563799319
0.155151367,0.250205804,58.38179365,0.478927348,6.198784131,75.87561035,0.008026123,88.34065247,78.6476593,254,47.45935059,2782.912945,125.9193599,0.957311538,0.335518191,890_img_.png,0.12374163374169848,10.22623889870765
0.227966309,0.250135315,56.24500136,0.338275485,6.340808263,70.29161072,0.014358521,82.63739014,51.73213196,251,80.26948547,4536.424867,104.669812,0.911811075,0.307815643,891_img_.png,0.05843500626984155,11.574710129739486
0.095321655,0.250374937,65.82149244,0.373127333,5.914270949,107.185257,0.011611938,117.2334137,83.73674011,225,56.46563721,537.6250454,110.9332076,0.99112878,0.359910641,892_img_.png,0.11312199880099615,10.074579964273845
0.142944336,0.250851829,56.62576784,0.156544845,6.148982183,113.697403,0.00453186,97.28396606,33.02804565,250,144.8423462,7837.08606,96.58976654,0.885598066,0.429067278,893_img_.png,0.19532012864240386,7.9492963355322965
0.114776611,0.437570645,65.87251528,0.268165215,5.222100426,68.21011353,0.006530762,73.34739685,37.96080017,246,80.20437622,2605.94641,108.0660648,0.967146211,0.53153415,895_img_.png,0.07889493982345148,9.64096115759505
0.063079834,0.437742936,59.82663709,0.273186209,4.774387378,74.42333984,0.00378418,73.53707886,40.42074585,230,71.12316895,783.8599485,101.1286927,0.989243821,0.583198732,896_img_.png,0.18210616509981759,8.507959086652853
0.110565186,0.391105791,76.02306648,0.359562523,5.067059827,97.49119568,0.005249023,98.95457458,70.63453674,255,51.51081848,3646.37086,126.2728575,0.969317764,0.512619488,89_img_.png,0.16749423017801288,9.181123165976297
0.061599731,0.172226494,43.63901231,0.265625929,5.378704984,85.44190979,0.002548218,113.4727783,52.8368988,176,114.5359497,1422.367064,77.97894075,0.964448873,0.364709272,8_img_.png,0.3324144353812286,9.852882719454705
0.181762695,0.254077673,88.88644412,0.544068694,6.574908254,107.9169922,0.017715454,120.506958,124.2783203,255,30.57347107,1060.087327,128.9479679,0.989473757,0.35401033,901_img_.png,0.10384983335809443,9.761645392810173
0.058074951,0.441518769,71.84344075,0.589964356,5.079507678,46.51872253,0.005081177,76.84709167,72.78143311,248,60.14323425,659.9533348,128.2127639,0.993293508,0.558691315,904_img_.png,0.17108181191314184,8.802082280695393
0.033966064,0.108182323,55.03881407,0.478620892,6.826995705,123.0931702,0.003936768,121.5668793,117.099411,231,58.27326965,319.2531383,118.6465759,0.975838956,0.398541178,905_img_.png,0.3505254807591289,11.896381995626886
0.035949707,0.250467282,58.19739854,0.350318262,6.044471205,53.25137329,0.00213623,109.6052551,57.051651,227,108.8019714,606.9208878,95.66880762,0.992669648,0.401738176,906_img_.png,0.24177915885163004,9.3457123187073
0.02571106,0.25119431,55.73700753,0.449034355,5.4178415,77.66343689,0.00163269,101.9294739,80.64338684,196,52.73692322,498.2439945,112.5683154,0.995819284,0.445276763,907_img_.png,0.14069176166589678,9.243859147621228
0.067810059,0.169043251,53.81421275,0.361626757,5.99786603,104.324295,0.002944946,127.1970673,83.72431946,225,73.63996887,1353.515778,98.36360288,0.978247162,0.317606962,908_img_.png,0.1463289301604507,10.48582403505449
0.07723999,0.099940734,34.96458414,0.261108239,6.067932797,30.49436951,0.006317139,128.4893646,41.51196289,201,184.8210754,857.9770562,61.34939308,0.954064192,0.243253397,909_img_.png,0.09946530458831038,8.572715236840171
0.174819946,0.250253096,62.78469987,0.457282322,6.101528376,100.927948,0.009063721,94.0059967,89.1398468,254,38.3447113,4668.234976,127.2980786,0.933568991,0.322821051,90_img_.png,0.07744027964666012,8.970496511402956
0.047454834,0.250715119,55.22077844,0.297580054,5.76933341,41.09776306,0.002166748,115.9312897,46.72871399,234,140.6470795,546.6527563,88.21029559,0.993706538,0.419534592,910_img_.png,0.18371202305531517,8.76498610217907
0.131561279,0.191783278,58.0682774,0.284984227,6.644193521,110.7117767,0.007980347,90.18049622,57.25112915,250,113.3886719,2940.884964,107.2683909,0.949227393,0.314969665,911_img_.png,0.1433312509209909,9.817924266730849
0.018005371,0.391683497,58.86096289,0.362428956,4.601431721,92.05877686,0.000869751,73.44725037,59.98417664,238,61.85505676,367.1932518,117.7003517,0.995892623,0.609286278,912_img_.png,0.37823382612949313,8.61342648963269
0.134292603,0.250247528,67.86339553,0.306806582,6.418697014,92.38328552,0.005401611,88.89584351,55.61763,255,100.2882538,6184.097705,116.1924748,0.940083639,0.325147796,913_img_.png,0.11678880272428438,8.59880578450041
0.062866211,0.25026445,56.62999249,0.238454366,5.959918213,116.5845184,0.002838135,100.0496521,51.65736389,250,110.9777985,5288.297826,101.6214234,0.926613732,0.318058403,914_img_.png,0.16200645845385073,8.908134803733207
0.123001099,0.329528251,65.64619451,0.404871287,6.023487394,66.23587036,0.005722046,74.73812866,57.07632446,255,88.4349823,4216.144025,104.9341588,0.929723493,0.443261552,915_img_.png,0.1847638626438772,10.358016299193856
0.255142212,0.250061981,67.37010389,0.410868306,6.611141226,78.4805603,0.012680054,89.06796265,68.84037781,255,51.74235535,12809.18809,121.4813547,0.84981624,0.284266868,916_img_.png,0.0504493768124859,10.247681999295732
0.131622314,0.250404906,55.25547303,0.455976767,6.122010342,71.52116394,0.008728027,76.99206543,67.71858215,243,64.90875244,3276.678849,102.728804,0.930977023,0.342991706,917_img_.png,0.19681614297374495,10.966540438177558
0.184692383,0.250174611,75.11797569,0.470681106,6.392719921,84.3031311,0.01020813,81.65026855,78.11112976,255,47.04234314,4323.432443,122.1606463,0.954227233,0.308735027,918_img_.png,0.09244578971766526,8.064904563253261
0.211410522,0.144783183,61.3776601,0.564573453,6.947558454,88.76780701,0.009689331,118.3849945,116.9529724,255,82.82888794,5343.367716,130.1907632,0.915078638,0.200879564,919_img_.png,0.10681086586952356,11.010528851386246
0.108215332,0.216114555,54.51678462,0.3665702,6.30428786,42.84976196,0.005645752,73.34129333,42.59217834,255,128.7980194,5302.507659,106.2103413,0.894372917,0.310502261,91_img_.png,0.18718123170007314,11.71079371718548
0.201370239,0.335993726,69.01359969,0.468392134,5.960987671,79.89613342,0.010009766,81.96656799,75.81521606,254,42.88002014,6190.844007,123.0900807,0.947507438,0.379955259,920_img_.png,0.03643479192250448,10.06809974537568
0.139892578,0.363375168,65.6484255,0.454600215,5.69036639,63.14878845,0.010818481,75.66651917,63.10546875,251,46.76985168,1744.432711,124.4434529,0.968210159,0.428277316,921_img_.png,0.07677123010963065,10.02811040002907
0.065383911,0.250907806,56.89129942,0.486330013,5.842697583,85.79840088,0.004562378,91.50343323,86.22720337,241,43.99049377,1130.153172,120.1564135,0.980435487,0.429942707,922_img_.png,0.3752919856019543,11.493253879513558
0.183456421,0.340059676,76.07165097,0.483727815,5.905162293,57.16174316,0.006256104,71.60720825,62.28912354,255,54.57389832,10469.27233,128.344799,0.900133344,0.43530479,923_img_.png,0.1356943234008803,8.902434429746261
0.344772339,0.006670009,58.71023568,0.282201347,7.815791509,110.9593964,0.015380859,127.4184113,67.27053833,255,176.3887024,28510.90131,85.03155827,0.613022078,0.037376979,924_img_.png,0.7452830364557664,14.6164709808148
0.198059082,0.335971725,76.23333841,0.433218327,6.127953839,83.58589172,0.00769043,85.5422821,73.26942444,255,63.45101929,19581.78966,116.4710116,0.838946114,0.36994129,925_img_.png,0.061869963467499754,7.981883721777873
0.203536987,0.250143392,68.53097341,0.320793783,6.54472411,89.96697998,0.009124756,96.81629944,59.91891479,255,136.4807587,11315.64945,105.076026,0.873575263,0.317791436,926_img_.png,0.0945377805560438,9.023692210276856
0.203475952,0.332089161,59.72337423,0.362388792,5.969310013,61.32362366,0.011169434,67.79347229,46.79058838,248,82.83175659,5764.906626,116.5626103,0.898381716,0.381345295,927_img_.png,0.07629416293910231,9.154078604222805
0.13394165,0.336183104,58.40332286,0.381751428,5.691262987,77.23675537,0.006576538,61.76655579,53.06471252,255,92.29364014,9552.130397,113.7741631,0.861115174,0.407735442,928_img_.png,0.14537041615232638,8.854657775130528
0.152267456,0.250140041,68.95582903,0.453909639,6.623036691,85.36158752,0.00881958,84.89225769,77.27986145,255,97.03588867,7443.587584,114.6668692,0.913601304,0.340054865,929_img_.png,0.13942667045678434,9.951258684592199
0.185211182,0.250206862,62.59958776,0.469464308,6.163075635,97.35269165,0.009460449,91.8092804,88.80479431,255,39.41217041,5425.356653,124.8992846,0.923062657,0.315959689,92_img_.png,0.08609667852777202,9.491659072094249
0.160858154,0.375117653,62.6317604,0.279720554,5.507756984,70.10351563,0.006729126,75.1815033,40.63920593,253,126.5000763,11067.51173,96.74620893,0.832837361,0.439157393,94_img_.png,0.08354509174906084,8.633730272215104
0.107467651,0.437724574,90.54537332,0.478037859,5.32556282,86.37409973,0.005783081,81.98529053,80.48216248,254,36.05383301,8616.497049,122.3792643,0.950294443,0.609636802,9547.png,0.18343247933205462,6.599685453542358
0.100830078,0.437728326,83.9452092,0.413454882,5.231504865,91.2318573,0.006103516,84.58813477,72.69363403,254,35.79362488,3835.830713,134.0735732,0.974715035,0.610393622,9554.png,0.16042852481663494,6.670411961468584
0.094558716,0.437707659,67.40714418,0.388920669,4.994494183,82.70043945,0.005615234,71.68844604,60.04502869,242,39.18492126,1858.622511,134.7297261,0.980606714,0.600101616,9557.png,0.12091319234184937,8.206628437743786
0.089752197,0.437734367,56.0333033,0.277957257,4.993885596,72.12503052,0.005630493,61.43685913,37.12449646,250,71.52937317,2191.66707,113.7960718,0.959742264,0.600521365,9567.png,0.2264865913199042,9.830379383624612
0.220626831,0.25011669,62.55402917,0.476581219,6.321952558,92.03189087,0.011230469,89.18217468,86.36322021,255,27.42062378,5138.887654,132.6620496,0.924562269,0.302899865,95_img_.png,0.0696192104250125,10.439456474707654
0.190658569,0.464861342,77.43430855,0.432591665,5.160805374,70.46530151,0.009460449,73.13565063,62.12057495,255,34.58135986,7473.164575,129.5383421,0.932528791,0.489131885,96_img_.png,0.024180643455340923,6.902480358391311
0.162796021,0.250365248,60.81178154,0.438447345,5.930677377,104.8731079,0.009155273,96.26376343,88.18792725,254,35.02049255,2934.966474,128.3741878,0.954326097,0.345141823,97_img_.png,0.09459178116121653,10.49620313399412
0.113037109,0.437813151,64.48831893,0.403072465,5.030759888,68.5765686,0.006988525,68.70690918,55.33518982,243,85.23971558,2552.965056,98.28116158,0.966511376,0.595725805,9896.png,0.136844736721125,6.907663392406662
0.131988525,0.269802813,58.0891844,0.33345715,6.177764733,102.6430664,0.006210327,81.02104187,61.24411011,249,78.46290588,5399.553684,118.5887844,0.91309374,0.391805025,98_img_.png,0.28131118246556935,8.878528168823458
0.124267578,0.437728822,65.58326759,0.382753833,4.886700373,75.90058899,0.009643555,74.6282196,57.61547852,233,52.82629395,1542.23531,112.0013455,0.975906437,0.548841416,9900.png,0.0675269086989297,6.932089631237263
0.102554321,0.437651079,67.61533465,0.485095831,5.017254368,67.41435242,0.009597778,71.60296631,67.4367218,251,60.17480469,1874.665322,114.5815315,0.977291469,0.544019708,9907.png,0.0769290716738453,7.044669694640472
0.103317261,0.437616045,56.41907359,0.584829564,5.125656856,46.12931824,0.007278442,50.00271606,56.22085571,232,68.05226135,1697.081363,87.89568034,0.967868573,0.55059781,9947.png,0.07127168262214655,8.267158647096892
0.105453491,0.375079385,73.93167066,0.336186394,5.692982866,89.11851501,0.004608154,81.26142883,57.27941895,255,67.54504395,3925.049277,122.0151983,0.964114951,0.444788666,99_img_.png,0.1348995706481485,6.70717606189687
0.138626099,0.302369062,51.455777,0.169501941,5.661890434,83.33073425,0.00793457,67.4394989,25.55584717,244,138.7918549,4646.662057,100.4077782,0.896039545,0.403321927,9_img_.png,0.17398454589129927,11.41393947597152
