image_name,mean,std,variance,entropy,dynamic_range,rms_contrast,mean_red,mean_green,mean_blue,colorfulness,red_ratio,mean_saturation,mean_value,contrast,correlation,energy,homogeneity,ASM,dissimilarity,glcm_entropy,glcm_variance,edge_density,gradient,laplacian_variance,keypoint_density,ssim,psnr
100_img_.png,64.19889832,65.11121846,4239.47077,5.00464142,255,65.11121846,34.12940979,74.61306763,89.45204163,116.7924629,0.20802357,92.98892212,89.48190308,416.7561121,0.9508746,0.437842164,0.567965966,0.191705761,8.934512868,8.002458154,2.92e-06,0.120803833,61.38516762,4761.515838,0.005203247,0.12306821839796683,7.103306867729433
10139.png,73.94537354,69.60485816,4844.83628,4.789518977,224,69.60485816,50.11123657,83.33773804,88.13639832,110.4636895,0.292237871,67.20785522,91.11398315,104.5312194,0.989215682,0.439018133,0.688017016,0.192736921,3.40502451,7.005078238,2.94e-06,0.06539917,39.73380037,1208.488915,0.003845215,0.18572837980501933,7.0077472899897355
10151.png,57.56977844,61.41142021,3771.362532,5.161056317,227,61.41142021,45.36233521,63.53616333,58.86463928,122.2694168,0.370604884,54.00932312,67.57661438,201.7857843,0.973237117,0.437800231,0.571207995,0.191669042,6.240165441,8.105371727,2.92e-06,0.109817505,54.16788402,1683.228825,0.005020142,0.10253514025822585,7.287798627740005
101_img_.png,88.82695007,73.62863346,5421.175666,5.750994015,237,73.62863346,74.40924072,98.08557129,78.91853333,122.5301716,0.420381442,47.33123779,98.08773804,110.6280331,0.989795581,0.344099626,0.523339872,0.118404553,4.57533701,8.794081808,1.81e-06,0.081863403,46.64861945,1064.646017,0.005447388,0.2790802510934411,7.786763328009617
102_img_.png,67.05488586,65.3024546,4264.410577,6.444960622,243,65.3024546,40.07159424,80.36946106,69.25965881,105.0375699,0.267806121,99.04226685,80.52941895,183.5390778,0.978486554,0.254188525,0.370468002,0.064611806,7.31260723,10.37823201,9.86e-07,0.093597412,50.89978522,1698.053869,0.00567627,0.26415944026899035,12.26273352407459
104_img_.png,80.46122742,51.58804047,2661.32592,5.759791159,250,51.58804047,50.92272949,89.50616455,111.3698883,101.7444902,0.253503236,108.0185394,112.4763336,107.2864583,0.979863062,0.250509359,0.3533604,0.062754939,6.067953431,9.671317585,9.57e-07,0.053726196,44.58815503,1123.846088,0.003601074,0.2798272348724581,11.47906174379828
105_img_.png,78.33674622,57.20835212,3272.795553,6.285027938,245,57.20835212,43.01626587,99.21057129,63.46174622,95.10718777,0.264435071,126.6393127,99.34590149,133.2445006,0.979652785,0.246442882,0.405634472,0.060734094,5.952987132,10.12498018,9.26e-07,0.096755981,57.19462946,1339.210828,0.006729126,0.23013872003232008,8.96515625686354
106_img_.png,59.48614502,59.21690963,3506.642386,5.964348648,253,59.21690963,53.21943665,60.98287964,68.1856842,115.3549328,0.412015393,82.16549683,76.96588135,966.1709559,0.862275007,0.320544044,0.402262353,0.102748484,16.19466912,10.15162946,1.57e-06,0.179458618,115.2054455,7239.769193,0.01083374,0.1153438556002206,10.168017365167701
107_img_.png,64.98318481,54.91843337,3016.034324,5.663978122,232,54.91843337,27.81057739,76.30311584,104.2026215,100.8494833,0.154070324,130.3063202,105.4069061,120.0390012,0.980128158,0.328371871,0.445321165,0.107828086,5.580147059,9.140799709,1.65e-06,0.078063965,51.01761487,1343.642506,0.004653931,0.2343435355515089,8.017552647015918
108_img_.png,108.9701843,74.80759966,5596.176967,5.528548412,253,74.80759966,88.06892395,117.0233154,122.3420868,123.7305768,0.367926706,53.64826965,123.2698669,111.9186275,0.990012981,0.29397352,0.508846895,0.08642043,3.750582108,8.525376507,1.32e-06,0.039413452,42.41121964,1343.766028,0.001846313,0.38290726321839247,7.666215053767514
10909.png,58.86077881,58.1284307,3378.914455,4.985921214,236,58.1284307,54.81268311,60.70582581,60.00028992,125.3698355,0.454100298,42.32791138,67.83331299,116.1134344,0.982813121,0.437637843,0.556859,0.191526882,4.541436887,7.812010502,2.92e-06,0.082702637,48.82793996,926.9162127,0.006500244,0.12001080728465452,8.39314318965899
10945.png,65.35771179,59.9973766,3599.685198,4.549884103,217,59.9973766,49.53192139,70.13928223,82.17193604,109.4740106,0.325202056,60.70146179,84.47964478,31.19742647,0.995664689,0.439332579,0.755515817,0.193013115,1.740012255,6.359291343,2.94e-06,0.03503418,25.12137958,433.9538973,0.00213623,0.2486466743413457,7.082832214640453
109_img_.png,68.45372009,54.37553257,2956.698542,5.749083918,247,54.37553257,26.52891541,87.53379822,80.18701172,80.32350655,0.15817307,148.5518494,92.81652832,503.0022672,0.915025164,0.293304787,0.376752142,0.086027698,11.13841912,9.815877574,1.31e-06,0.148361206,84.80037539,5152.899352,0.007675171,0.1365970249062145,8.650108094282656
10_img_.png,59.83563232,53.75542496,2889.645713,5.270101513,252,53.75542496,18.86849976,73.32478333,97.82804871,97.01098842,0.110243573,131.9362183,98.61157227,281.8196385,0.95129134,0.375341524,0.524210685,0.14088126,7.027941176,8.53507276,2.15e-06,0.080535889,48.4921172,2603.208043,0.003860474,0.1521268486320616,7.540238865936715
11052.png,58.94023132,63.66179379,4052.823988,5.258342225,244,63.66179379,59.91041565,59.19543457,55.07800293,97.33262141,0.524272455,56.69952393,71.31826782,219.2507353,0.972952336,0.437552825,0.509022609,0.191452475,7.131648284,8.465672872,2.92e-06,0.144256592,75.63739704,1476.709944,0.010498047,0.059487525544113,7.596648977021938
11064.png,57.37342834,62.03856863,3848.783998,5.113904478,228,62.03856863,50.66014099,59.69572449,63.01423645,95.40314447,0.412844569,76.31388855,77.90400696,158.6106771,0.9794123,0.437877853,0.617020911,0.191737014,4.777742034,7.720202676,2.93e-06,0.088439941,51.15039529,1283.819877,0.006622314,0.15336985225567487,7.712065924263092
111_img_.png,47.32028198,56.85432038,3232.413746,4.230744144,253,56.85432038,25.41079712,53.83859253,71.24020386,110.1093568,0.203158312,87.09747314,73.47633362,138.1130974,0.978636924,0.509161143,0.688279996,0.25924507,4.042172181,6.320041624,3.96e-06,0.068908691,41.60287892,698.0394641,0.004943848,0.15681512049205495,11.160914590254066
112_img_.png,99.41377258,65.95411182,4349.944866,5.715511697,255,65.95411182,81.61296082,106.7883453,108.0534363,124.9312757,0.379874716,46.90205383,109.4473877,96.88893995,0.98886573,0.277805123,0.402040325,0.077175686,5.238204657,9.360489903,1.18e-06,0.058502197,43.22508964,1189.083554,0.002822876,0.2623886997747195,8.931979096328885
11374.png,68.39834595,67.37939312,4539.982617,4.827824968,250,67.37939312,52.47764587,75.16877747,75.28356934,117.7947435,0.348799118,62.57061768,82.14237976,388.2261183,0.957244001,0.44077748,0.659077119,0.194284786,7.390303309,7.323723496,2.96e-06,0.104598999,62.18454316,2721.779602,0.005905151,0.17136845802714165,8.344535509681602
11398.png,71.2633667,72.59490483,5270.020207,5.093306027,247,72.59490483,55.34159851,78.91853333,73.66966248,124.5237887,0.362685975,74.57821655,90.17184448,267.2973958,0.974637058,0.438436153,0.611886951,0.19222626,6.538664216,7.813044701,2.93e-06,0.104187012,58.97212072,1871.421243,0.006225586,0.19806409659858612,7.661637287296736
113_img_.png,64.24653625,65.86571988,4338.293056,5.960537715,244,65.86571988,35.04403687,75.69857788,81.88700867,105.4318914,0.222380978,110.9581451,83.90592957,133.534375,0.984616857,0.336107058,0.460694642,0.112967954,5.536642157,9.331464965,1.72e-06,0.071517944,46.14455576,1219.34298,0.004058838,0.25647819707067915,9.980256551883574
114_img_.png,67.25761414,71.42446406,5101.454066,5.214517165,255,71.42446406,48.77015686,73.59832764,83.08924866,117.6599803,0.311257331,66.70019531,84.8286438,956.0005668,0.906417689,0.437575792,0.513586479,0.191472573,12.28993566,8.455061678,2.92e-06,0.127319336,85.81210752,9391.375952,0.006072998,0.06766464279865865,8.16543933526564
115_img_.png,55.57969666,54.94890312,3019.381954,5.297777921,253,54.94890312,29.81663513,60.83700562,96.07966614,111.0866134,0.190015725,117.6325836,99.35992432,486.8977175,0.919527971,0.379132694,0.45786212,0.1437416,9.393612132,8.703022102,2.19e-06,0.085662842,56.51420508,4924.719711,0.002853394,0.22316390146027273,8.61618206044773
116_img_.png,78.793396,68.13514615,4642.398141,6.16430669,255,68.13514615,52.0267334,90.43292236,89.05332947,109.5320299,0.289864727,95.04646301,94.05769348,1138.817233,0.877490257,0.3086575,0.356842071,0.095269452,17.71533395,10.64050938,1.45e-06,0.19102478,123.6856436,8151.41238,0.011459351,0.05642963378382973,8.41541755628253
117_img_.png,84.9535675,61.83924621,3824.092372,6.331655074,255,61.83924621,85.90931702,84.77032471,83.39608765,125.1881985,0.510858951,28.70671082,91.36071777,636.835095,0.916713628,0.250130636,0.303651373,0.062565335,15.25366115,11.05181792,9.54e-07,0.226226807,112.5210962,5082.099291,0.0131073,0.0642867204455451,8.983295426912381
118_img_.png,90.67527771,60.12166119,3614.614145,6.008691081,254,60.12166119,85.32485962,92.0567627,97.60092163,123.8652239,0.449888756,45.92703247,104.2881165,328.7956801,0.954529926,0.250377726,0.348187685,0.062689006,9.978278186,10.27463268,9.56e-07,0.157119751,78.92258306,2751.720378,0.00958252,0.14623155259613876,10.946932882419764
11_img_.png,62.80439758,60.13086766,3615.721246,5.581884064,246,60.13086766,34.02255249,75.57733154,72.53215027,95.93621363,0.229712184,119.5157928,89.16824341,624.5931066,0.913592622,0.379003884,0.468663431,0.143643944,11.96651348,9.310229416,2.19e-06,0.151596069,78.90407106,5330.206594,0.00793457,0.1488798791398884,9.401805442421946
120_img_.png,93.7467804,59.4644755,3536.023847,5.791915399,254,59.4644755,84.60690308,96.18045044,105.1859741,122.3515813,0.420163904,45.49055481,108.5324097,230.7255208,0.967393125,0.250610401,0.372767647,0.062805573,8.094761029,9.837507324,9.58e-07,0.130752563,65.46638485,2117.46766,0.00793457,0.12554158697988968,10.462427729270265
121_img_.png,69.78144836,70.75929837,5006.878306,6.07917663,252,70.75929837,54.38272095,74.76525879,84.51647949,119.4169042,0.341424708,85.58731079,89.71284485,726.3632353,0.927546129,0.336130197,0.484246423,0.11298351,11.59307598,9.686943611,1.72e-06,0.130371094,92.57390853,6523.485937,0.008270264,0.2585312632616,9.557510962446997
1225.png,53.57182312,62.23924854,3873.724059,5.257408302,252,62.23924854,45.41944885,57.77606201,53.30728149,114.8550045,0.408877222,66.99996948,65.63908386,960.4168045,0.875832789,0.437624915,0.537494426,0.191515567,13.90166973,8.555045048,2.92e-06,0.146255493,99.91874758,8732.15621,0.008651733,0.06123009015908556,8.399756342685505
12290.png,20.4158783,36.30955049,1318.383457,4.51927926,237,36.30955049,19.71058655,20.59376526,21.09028625,121.6271228,0.472856784,37.54756165,22.22276306,77.11830576,0.970842327,0.441942743,0.735052171,0.195313388,2.657398897,6.323720827,2.98e-06,0.048233032,31.47804889,576.3126349,0.003677368,0.08166105748367343,7.413912642151499
12299.png,30.80537415,43.9999831,1935.998513,4.943678095,253,43.9999831,28.77914429,31.64035034,31.71896362,123.4395543,0.454221211,31.57954407,33.62355042,244.6087163,0.93700598,0.438187168,0.598431911,0.192007994,6.079304534,7.600449113,2.93e-06,0.093994141,52.64888165,1696.061273,0.006378174,0.0905199909350594,8.056393930777316
122_img_.png,92.06155396,58.87597366,3466.380275,5.849041909,248,58.87597366,84.35935974,94.00872803,102.252243,124.9457895,0.429832581,41.75971985,105.4645996,246.5976563,0.964435889,0.250512244,0.365685452,0.062756384,8.470113358,9.964465671,9.57e-07,0.141265869,66.65650004,2193.919901,0.007843018,0.18069011913074842,10.503168457284499
12324.png,29.57804871,45.48494711,2068.880414,4.905113002,251,45.48494711,29.32905579,29.95365906,28.26269531,109.0066114,0.503794099,36.85398865,32.48980713,354.7991268,0.914491463,0.438580473,0.634702068,0.192352831,6.767509191,7.38808913,2.93e-06,0.089538574,53.46575133,2872.434196,0.005737305,0.08564379127926681,7.92481877149981
12336.png,43.96339417,48.80013279,2381.45296,5.052753375,254,48.80013279,44.71897888,44.09089661,41.31924438,121.1799798,0.523579265,19.03945923,47.22032166,266.3166513,0.944132319,0.437576016,0.51238986,0.191472769,7.733379289,8.259853419,2.92e-06,0.12940979,61.033065,2126.058967,0.007629395,0.07958531475931764,7.669282453776036
12348.png,25.44570923,40.27225137,1621.85423,4.683465736,237,40.27225137,23.48937988,26.46011353,25.32579041,118.3038823,0.453586364,31.83995056,27.56851196,90.4475337,0.972191986,0.440953718,0.695621898,0.194440182,3.484175858,6.720707752,2.97e-06,0.072463989,39.09193549,748.3570751,0.005966187,0.08908348726831929,7.816287969690434
123_img_.png,96.08470154,65.99472936,4355.304303,6.25691566,254,65.99472936,95.9566803,95.92730713,97.21960449,131.4141952,0.496806703,25.71160889,103.4623566,635.4443474,0.927093354,0.250159437,0.311001402,0.062579744,14.93466605,10.95022289,9.55e-07,0.214401245,101.7178101,5518.576486,0.011459351,0.07547407911017416,9.444483225823832
12422.png,50.4394989,55.81425162,3115.230684,5.081164494,208,55.81425162,40.45223999,53.94604492,58.67062378,124.7515026,0.359202953,44.88664246,59.2538147,138.9005208,0.97773281,0.437650577,0.555954193,0.191538028,5.126715686,7.953194466,2.92e-06,0.092285156,55.07451194,962.0582569,0.006988525,0.10131113920894465,7.534266047636552
12433.png,49.98910522,58.13949886,3380.201328,5.149112135,252,58.13949886,41.55368042,53.09140015,56.12117004,123.3020122,0.380484411,46.04269409,56.717453,362.9203585,0.946314002,0.437638631,0.544753668,0.191527572,7.908900123,8.17253935,2.92e-06,0.103469849,60.95619473,3443.408369,0.005615234,0.08931531686019749,8.38864347817665
12445.png,44.26893616,54.11092301,2927.991989,4.769039027,252,54.11092301,37.36755371,46.60853577,50.38615417,123.5074019,0.385253602,35.42837524,50.6136322,494.3162684,0.915491881,0.476738679,0.594452121,0.227279768,8.441452206,7.523530855,3.47e-06,0.108322144,63.61693859,4678.037348,0.005523682,0.06316101539392932,8.787869462470812
124_img_.png,92.80239868,58.95432558,3475.612504,5.851590067,254,58.95432558,82.61497498,95.3074646,106.6424408,120.876863,0.409086475,53.07450867,110.8297119,325.0845895,0.953252599,0.25051919,0.365535738,0.062759865,9.307751225,10.01564949,9.57e-07,0.145996094,72.91193151,2815.183721,0.009078979,0.1726418757071285,11.015461863732408
125_img_.png,92.47325134,65.72754,4320.109514,6.340961761,255,65.72754,93.78704834,91.84246826,92.27134705,123.6990562,0.509397126,24.01431274,98.88739014,881.5561121,0.89799894,0.250119002,0.30192412,0.062559515,17.77774203,11.18501791,9.54e-07,0.228286743,116.3423216,7439.162323,0.012649536,0.06272750480126581,9.17695489500089
12900.png,49.58433533,53.04470406,2813.740629,5.086886545,241,53.04470406,41.6335144,52.52626038,55.25740051,123.7661459,0.386269255,35.17802429,55.95309448,277.5124694,0.950774857,0.437572544,0.516916584,0.191469731,7.534773284,8.274186473,2.92e-06,0.11656189,64.20741028,1923.083729,0.008529663,0.07966620654674143,9.270994232782881
129_img_.png,66.16708374,55.34951209,3063.568488,6.047507936,236,55.34951209,31.34413147,80.93023682,81.48667908,100.3654288,0.192985634,123.118988,86.25346375,846.3064645,0.86198981,0.29306327,0.343589081,0.08588608,16.84549632,10.61461139,1.31e-06,0.217788696,103.5562247,7522.825518,0.011550903,0.04635950174141066,9.688819980773879
130_img_.png,88.36100769,59.06170866,3488.28543,6.082660052,251,59.06170866,82.42852783,89.74806213,96.77218628,126.0083415,0.44192804,42.63496399,100.8764191,404.7309589,0.942010969,0.250250343,0.328859716,0.062625234,11.51594669,10.53136664,9.55e-07,0.183868408,86.51416861,3290.062084,0.011459351,0.07747177283852509,10.667328315229712
131_img_.png,89.83282471,56.25625541,3164.766272,5.676940219,253,56.25625541,74.6789856,93.70458984,109.6650848,113.1541279,0.367208069,62.02848816,110.9586334,201.621921,0.968154625,0.250772307,0.392329691,0.06288675,7.097809436,9.553832258,9.59e-07,0.10697937,56.54071175,1920.29711,0.005935669,0.15096054510867649,10.593758831819306
133_img_.png,93.53549194,61.48795647,3780.76879,6.06897363,253,61.48795647,89.45809937,94.5110321,99.19096375,131.8466283,0.461833648,28.57011414,101.7283783,411.5882966,0.945587602,0.250212035,0.316341364,0.062606062,12.17401961,10.59900227,9.55e-07,0.200881958,90.36944335,3482.620924,0.011901855,0.08918862656430464,10.847813469834943
135_img_.png,91.27882385,57.75568287,3335.718903,5.789368637,249,57.75568287,62.21243286,101.161438,116.6465759,104.1249905,0.285629678,89.35722351,118.0592346,270.035769,0.959500546,0.250559669,0.368662595,0.062780148,8.634298407,9.901032324,9.58e-07,0.129776001,63.69511412,2484.83932,0.007095337,0.1916126143159486,10.643282832460173
136_img_.png,39.28234863,40.50192132,1640.405631,4.634448397,241,40.50192132,26.95033264,42.86721802,53.14376831,115.7725596,0.280700508,75.58198547,53.46186829,203.2530484,0.938177194,0.441637456,0.541464312,0.195043642,5.618734681,7.481129683,2.98e-06,0.054168701,34.60480588,1818.686173,0.002349854,0.2487379166187275,11.391391849696493
137_img_.png,93.46296692,61.7151836,3808.763887,6.071020918,254,61.7151836,88.52738953,94.48312378,101.1788788,131.3702503,0.452450595,30.70445251,102.6634827,386.5156403,0.949243664,0.250246092,0.326491979,0.062623106,11.53537071,10.52569309,9.55e-07,0.188842773,84.17285819,3391.671805,0.010147095,0.08545299121987997,9.091397352841703
138_img_.png,93.04997253,57.21933926,3274.052785,5.577948945,251,57.21933926,71.32049561,98.75431824,120.6921539,107.9970266,0.325001787,77.23014832,121.7557678,159.8767004,0.975590597,0.251050854,0.40731491,0.063026531,6.18916973,9.324418352,9.61e-07,0.090377808,49.16250634,1518.151184,0.005081177,0.27086464821902806,10.804519686731604
139_img_.png,76.42332458,56.40526568,3181.553996,5.852764556,224,56.40526568,31.89894104,92.65093994,109.6612549,95.57292368,0.157671865,131.0816345,110.5617676,444.6440411,0.930190525,0.293090094,0.348182965,0.085901803,12.60709252,10.24814952,1.31e-06,0.165756226,72.61968922,4427.496465,0.005599976,0.13005551933043838,7.031244611817713
13_img_.png,71.50172424,61.16367729,3740.995419,5.226974311,245,61.16367729,38.65759277,85.78625488,84.0933075,99.36312003,0.22755882,95.37800598,88.83279419,473.7632659,0.93664885,0.375822677,0.538134665,0.141242684,9.28838848,8.51066891,2.15e-06,0.109848022,64.23556714,4851.298885,0.005203247,0.195701228314369,9.618879181093003
1407.png,53.20329285,59.79938978,3575.967019,5.168586279,251,59.79938978,49.36195374,54.48912048,56.7588501,103.720833,0.443711049,58.5531311,68.19587708,481.3782169,0.932762559,0.437855232,0.580581136,0.191717204,9.046476716,8.12642305,2.93e-06,0.120223999,71.58445611,4072.162542,0.007339478,0.084421372241558,8.33402246996408
140_img_.png,55.49041748,54.13954076,2931.089874,5.436091197,255,54.13954076,36.81039429,62.66000366,67.57571411,113.2223791,0.282644384,76.68496704,69.30111694,265.8545496,0.95471119,0.375159312,0.455660969,0.140744509,7.522012868,8.866816123,2.15e-06,0.120010376,62.85835185,2167.177072,0.009185791,0.1065136819212678,10.184388748709907
141_img_.png,86.83580017,59.42146389,3530.910371,6.036371831,253,59.42146389,78.02005005,89.02565002,98.67053223,124.5084338,0.415672014,47.93249512,101.1088715,408.0442096,0.942280022,0.250338533,0.331772372,0.062669381,11.44059436,10.42894264,9.56e-07,0.174957275,79.55443267,3370.153049,0.009918213,0.13098681515196317,9.873673135868113
142_img_.png,61.50257874,57.02583685,3251.946069,5.232714437,240,57.02583685,23.70550537,80.12408447,64.76210022,87.29716539,0.163614671,115.4988251,81.27449036,306.8314951,0.952808235,0.394727662,0.514679897,0.155809927,7.702512255,8.530661764,2.38e-06,0.097564697,56.34983344,2980.79286,0.003875732,0.14469337321667045,7.024342350975374
143_img_.png,76.07183838,54.85891102,3009.500119,5.537317149,248,54.85891102,32.27516174,96.37466431,86.3835144,82.80505203,0.176600369,125.6547241,97.09605408,343.4622855,0.942958527,0.293416985,0.380029319,0.086093527,9.118964461,9.459065497,1.31e-06,0.098419189,60.63531853,3381.771906,0.00479126,0.23030384259967826,10.625581405731321
144_img_.png,95.89411926,62.85295775,3950.494298,6.130328944,252,62.85295775,84.92570496,98.95895386,108.8813019,124.1949016,0.408610472,45.71463013,109.9680786,377.9091605,0.952191029,0.250187349,0.31464153,0.062593709,11.81246936,10.66042122,9.55e-07,0.191314697,83.25438427,3291.499052,0.011016846,0.11056492641829925,10.62168009295694
145_img_.png,92.06556702,60.47173933,3656.831257,6.088163809,250,60.47173933,82.41999817,94.67727661,103.9150391,123.8817273,0.415021084,43.87693787,105.1864471,360.2121936,0.950778013,0.250201647,0.314177142,0.062600864,11.48765319,10.59466355,9.55e-07,0.185638428,80.51327694,3051.611618,0.011016846,0.1313019954664556,11.198968222570173
146_img_.png,70.25967407,53.85312839,2900.159437,6.048804239,246,53.85312839,22.97039795,90.02825928,92.50523376,82.56886974,0.125842099,159.7984772,95.42779541,689.8843137,0.881151588,0.250336463,0.333330086,0.062668345,14.35695466,10.49734115,9.56e-07,0.193618774,94.94073165,6104.362019,0.010421753,0.0669332678995523,9.723832676097382
148_img_.png,91.72175598,61.00821783,3722.002643,6.08215491,254,61.00821783,85.46488953,93.10121155,101.0257568,128.6392733,0.440252533,35.35507202,102.1454315,402.1181985,0.946026203,0.250223009,0.317937776,0.062611554,12.08777574,10.58038615,9.55e-07,0.202453613,87.25874228,3581.529721,0.011489868,0.07430578469240984,8.933186320404683
1491.png,43.04640198,49.35763915,2436.176543,5.09677224,244,49.35763915,33.24197388,46.98274231,48.46134949,115.0251606,0.348287393,60.29342651,52.39045715,299.5674939,0.938383291,0.437586005,0.533838924,0.191481511,7.642279412,8.248305712,2.92e-06,0.126541138,65.70824385,2332.495891,0.008789063,0.07080179207211605,8.659393248649307
149_img_.png,96.06967163,75.00990839,5626.486357,6.075808514,251,75.00990839,69.16049194,104.917511,121.076416,114.2012637,0.306028099,88.57397461,127.3358002,350.0889093,0.968810097,0.294700734,0.532069868,0.086848522,6.102052696,9.29408236,1.32e-06,0.056442261,52.19213334,1238.736095,0.003829956,0.3156019417358231,8.246218196744335
14_img_.png,57.11790466,60.80477608,3697.220794,5.641082643,251,60.80477608,35.29820251,66.36149597,66.73144531,109.4384974,0.265214685,106.821991,75.95347595,352.4973346,0.952398475,0.375140992,0.487162545,0.140730764,8.057536765,9.030054476,2.15e-06,0.136566162,100.8000636,4157.218712,0.007781982,0.05604265625198093,8.625079557358866
15001.png,53.56712341,50.83837543,2584.540416,4.690211609,240,50.83837543,54.9776001,59.13796997,21.20317078,127.9194912,0.68430196,93.7225647,59.83883667,103.4773131,0.97997048,0.437760304,0.582913022,0.191634084,3.942999387,7.384344451,2.92e-06,0.048065186,34.94524374,958.6821734,0.0027771,0.1818677075109675,11.401890855672107
15003.png,57.3934021,53.47126859,2859.176564,4.574361754,244,53.47126859,59.1559906,63.22605896,22.79229736,126.4849532,0.687713566,91.66818237,64.13943481,87.36752451,0.984723813,0.438104371,0.624307345,0.19193544,3.180177696,7.027994956,2.93e-06,0.035339355,30.74255416,780.1059701,0.002029419,0.2441624568113481,11.739493517521355
15045.png,77.46800232,78.10181383,6099.893324,5.21808026,238,78.10181383,68.42549133,81.68986511,79.4264679,130.5285955,0.424696181,25.4912262,82.40672302,422.3317402,0.965332068,0.437547294,0.495200598,0.191447634,10.44390319,8.653431205,2.92e-06,0.167144775,88.67927452,4287.531358,0.008621216,0.04013676080869879,5.820577235540013
15094.png,71.54963684,74.30930131,5521.872262,5.226549698,254,74.30930131,64.63371277,74.62330627,73.90084839,132.5684344,0.435173073,21.52427673,75.93789673,515.5761336,0.953313847,0.437569683,0.521706409,0.191467228,10.80291054,8.56425025,2.92e-06,0.154571533,94.67783333,5302.896338,0.008453369,0.04891566719377327,7.386950495802207
150_img_.png,92.26597595,59.51418985,3541.938794,5.9366951,252,59.51418985,76.84169006,96.42201233,111.3375397,119.6192103,0.369858759,61.10308838,112.9296417,347.9929075,0.950917276,0.250374709,0.34450703,0.062687495,10.35081189,10.25241758,9.56e-07,0.163299561,76.5626852,3075.719186,0.008880615,0.13508611935586293,10.987417791143631
15113.png,75.78146362,71.35134695,5091.014711,4.950211663,250,71.35134695,65.72189331,80.28474426,79.00750732,130.1888351,0.412586881,29.5322113,82.12536621,222.3151961,0.978173996,0.437577465,0.508091493,0.191474038,7.223897059,8.179609892,2.92e-06,0.141662598,68.04896245,1890.431854,0.009353638,0.04904391146261392,7.946163563604708
15136.png,66.25227356,65.30702824,4265.007937,5.024216856,250,65.30702824,59.64620972,68.86972046,70.07368469,129.0026733,0.429284209,25.37232971,72.16688538,236.755913,0.972246967,0.437569863,0.503448373,0.191467385,7.597457108,8.2838511,2.92e-06,0.139160156,68.32071059,2093.991978,0.009353638,0.07570346141782185,8.469948545617878
151_img_.png,87.912323,54.59963312,2981.119937,5.627407327,253,54.59963312,58.31044006,97.62275696,115.5782471,101.2478319,0.273499838,93.85348511,116.4940796,197.6646752,0.966853204,0.25081005,0.388817108,0.062905681,7.016574755,9.51640344,9.6e-07,0.09967041,53.66213646,1875.22363,0.005981445,0.25711866766621216,10.495131569574191
152_img_.png,99.19308472,65.54986965,4296.785411,6.164018984,252,65.54986965,88.24017334,100.6111755,120.7982788,130.1901476,0.398538417,52.89175415,121.215332,318.1158241,0.962986024,0.242605578,0.345088792,0.058857466,8.883655025,10.3079131,8.98e-07,0.098464966,65.38331939,2751.832042,0.005813599,0.2802500899847176,8.36695163243271
1539.png,56.56761169,60.15179905,3618.238928,5.184526671,236,60.15179905,46.44082642,61.63301086,57.04147339,106.1046236,0.391329499,67.44816589,68.63546753,482.467739,0.933292537,0.43760076,0.548760299,0.191494425,9.564522059,8.397893576,2.92e-06,0.132980347,80.85000892,4396.983329,0.007736206,0.09555296598776963,7.624960185871572
153_img_.png,83.34255981,52.86406557,2794.609429,5.688850161,253,52.86406557,59.14083862,91.28868103,105.894043,102.0306894,0.299929109,90.36422729,108.9403381,244.4152727,0.956284604,0.25079416,0.389095309,0.062897711,7.495297181,9.599718319,9.6e-07,0.102844238,57.73760599,2151.748428,0.00579834,0.2523925787495824,11.443541894760425
15418.png,50.10533142,47.0514874,2213.842467,4.596037246,242,47.0514874,51.90144348,53.74476624,26.60115051,121.9569357,0.645974874,75.19230652,54.72358704,61.61367953,0.986085409,0.437743787,0.570797326,0.191619623,3.418612132,7.294028505,2.92e-06,0.047988892,34.61459772,475.4633787,0.004272461,0.10552918974818327,8.500589574608403
15426.png,51.37722778,54.93785748,3018.168185,4.68089978,243,54.93785748,48.76651001,56.44830322,32.09544373,123.0220073,0.550761761,67.71522522,57.94613647,53.05145527,0.991225474,0.438367581,0.681660395,0.192166136,2.18426777,6.769561118,2.93e-06,0.028747559,26.87735433,387.8087589,0.001937866,0.24271872359428892,10.611592133307106
154_img_.png,93.10063171,62.93029578,3960.222127,6.165419439,254,62.93029578,88.53642273,94.27116394,99.07667542,130.6522171,0.457912656,33.62406921,102.4625092,567.3217678,0.92837231,0.250214271,0.323580694,0.062607182,13.62869179,10.73265837,9.55e-07,0.195953369,93.29544113,4810.459827,0.011627197,0.0834574160021257,8.971288797011777
15544.png,62.62611389,61.06854595,3729.367305,4.74504278,251,61.06854595,61.66011047,65.89181519,48.38142395,125.8156555,0.539584866,39.1647644,66.55995178,160.24375,0.978526565,0.438370218,0.688016928,0.192168448,3.377696078,6.872399518,2.93e-06,0.039215088,32.11186846,1495.188842,0.001800537,0.24914352894554823,11.204547419436203
155_img_.png,83.54827881,72.55927871,5264.848926,6.395442201,253,72.55927871,74.5977478,88.53833008,81.33444214,124.3890473,0.439138932,61.77825928,91.08088684,689.410815,0.934549648,0.277523141,0.359839282,0.077019094,13.92352941,10.7492087,1.17e-06,0.183685303,105.696,5985.94759,0.010055542,0.12044744244713089,10.312225274061051
156_img_.png,88.79867554,63.21442963,3996.064113,6.315606435,255,63.21442963,89.28216553,88.3837738,89.65647888,116.7237027,0.501471797,40.43263245,99.86427307,843.596829,0.89449722,0.250127805,0.302395655,0.062563919,17.08374694,11.11482517,9.54e-07,0.230102539,116.4109147,6989.983173,0.011993408,0.07243276569231988,9.395708494772382
15704.png,81.37011719,76.24964664,5814.008613,4.953842,241,76.24964664,71.60308838,85.70539856,84.6451416,132.8982561,0.420327921,25.42112732,87.80828857,143.0366728,0.987698562,0.437968975,0.620574311,0.191816823,4.790808824,7.604544504,2.93e-06,0.095687866,57.53699344,1708.766892,0.006912231,0.07406409759123868,6.6902843954533076
1573.png,55.00709534,65.23524346,4255.636989,5.129229905,249,65.23524346,39.09495544,62.69465637,57.13020325,100.7719079,0.326267484,95.64074707,76.82106018,222.1365196,0.97389404,0.43801041,0.642507862,0.191853119,4.77567402,7.588342981,2.93e-06,0.078430176,61.96507098,1868.747832,0.005355835,0.14215278847454663,6.724286849839961
157_img_.png,84.70881653,55.87556971,3122.07929,5.88813437,253,55.87556971,74.18234253,87.75689697,96.62576294,115.6542775,0.402328194,65.99551392,103.4107208,410.6075214,0.934268142,0.250503499,0.349930983,0.062752003,10.48678002,10.12279579,9.57e-07,0.151733398,77.44365018,3567.439334,0.009292603,0.1531122258074351,11.893541785643286
158_img_.png,88.83413696,63.19526458,3993.641465,6.326701491,255,63.19526458,89.98817444,88.24632263,88.81864929,114.3354176,0.508221211,39.79431152,99.53187561,839.5366881,0.89489285,0.250124071,0.301730466,0.062562051,16.98871017,11.13120381,9.54e-07,0.220504761,113.6150062,7189.757751,0.01184082,0.06731139417320875,9.271817870439437
159_img_.png,89.5761261,59.57235194,3548.865115,6.052745004,253,59.57235194,83.45639038,91.34619141,96.52987671,125.7293868,0.444209799,37.68023682,99.85206604,399.7987898,0.943699054,0.250255136,0.325848125,0.062627633,11.60831801,10.50811094,9.55e-07,0.191741943,85.87740078,3451.042011,0.011535645,0.08791999458649728,10.240181346528077
15_img_.png,72.57339478,65.35339967,4271.066848,5.813098705,255,65.35339967,52.57881165,81.53762817,78.84916687,104.2818707,0.327825066,81.40858459,88.90200806,1133.868183,0.867386489,0.351647624,0.424151265,0.123656052,17.12130821,9.92744653,1.89e-06,0.169754028,99.01647365,10716.8259,0.005889893,0.09400803990433186,9.280140873249964
160_img_.png,81.595047,62.81248177,3945.407867,5.704528862,247,62.81248177,45.98612976,95.69618225,102.3701477,99.02096584,0.232175402,110.2326813,104.6591034,404.9133885,0.94854543,0.298375726,0.393624949,0.089028074,9.715042892,9.705984026,1.36e-06,0.09979248,56.18699617,2672.490587,0.004333496,0.12933111771967687,9.503226290522571
161_img_.png,90.03132629,65.96599289,4351.512218,6.463727976,255,65.96599289,89.71432495,90.21138,89.92536926,118.9488763,0.498034551,44.8999176,100.8964386,1118.231189,0.871556601,0.250084012,0.29063523,0.062542013,20.17257966,11.43957435,9.54e-07,0.239044189,121.1653202,8990.387079,0.012405396,0.0861858641254976,9.210065963066002
162_img_.png,90.26977539,66.70904889,4450.097204,6.49629616,255,66.70904889,88.17909241,90.81237793,92.95774841,132.6626268,0.47983366,29.84667969,97.33094788,865.5730545,0.902745757,0.250082722,0.290844417,0.062541368,18.13497243,11.39359104,9.54e-07,0.220535278,101.8464952,7266.875111,0.009506226,0.11481982074281875,10.37079100055032
163_img_.png,87.45376587,68.34653695,4671.249114,6.53927038,255,68.34653695,86.38162231,88.20426941,86.40435791,112.6544029,0.49471566,44.80001831,97.5589447,1571.632813,0.831858772,0.250072234,0.28694883,0.062536122,24.25193015,11.62490822,9.54e-07,0.251998901,142.382831,13697.14697,0.012802124,0.07016952795840986,9.289229561114974
164_img_.png,88.84126282,61.25593553,3752.289637,6.183382358,255,61.25593553,84.29524231,89.91609192,95.27233887,124.5498495,0.455186331,46.84609985,102.5252686,540.1910846,0.928048768,0.250253193,0.339561814,0.062626661,12.28924632,10.61733065,9.55e-07,0.170806885,91.69193473,4744.534747,0.00944519,0.08611201189342978,9.824220999618632
165_img_.png,86.32270813,59.16521456,3500.522614,6.177992472,254,59.16521456,80.61605835,87.47122192,95.38549805,122.8965829,0.440870089,51.49967957,101.7989502,522.040962,0.925467865,0.250241556,0.337749914,0.062620836,12.04231005,10.60032307,9.55e-07,0.162719727,85.54494603,4888.66655,0.008514404,0.0852592655073996,10.055520935031971
1660.png,58.32911682,62.45826344,3901.034672,5.051298162,198,62.45826344,37.24293518,67.68395996,65.48127747,114.4729081,0.279674605,76.442276,68.44952393,215.7237286,0.972346862,0.437613749,0.533591394,0.191505794,6.569592525,8.106202924,2.92e-06,0.125366211,67.62743682,2063.90604,0.008148193,0.05773269066287188,6.3835389776196285
166_img_.png,70.70185852,59.55965397,3547.352381,6.40891995,255,59.55965397,54.16777039,78.94999695,71.60229492,112.2547159,0.359793728,76.96990967,81.0652771,761.7291667,0.892748988,0.250155669,0.310695967,0.062577859,16.10220588,11.06978049,9.55e-07,0.213088989,117.7163568,5751.330832,0.012893677,0.09460196562874067,9.094411308836383
168_img_.png,58.79934692,51.0364234,2604.716513,5.197521649,236,51.0364234,24.03182983,69.96014404,92.54708862,97.81599542,0.147881602,124.8533936,94.92880249,517.8755974,0.900704265,0.375262325,0.495437062,0.140821813,10.32054228,8.765431798,2.15e-06,0.099990845,55.29562417,5147.176497,0.003082275,0.14114002706525053,7.781616251179926
169_img_.png,85.90657043,70.80588558,5013.473433,6.509456683,255,70.80588558,54.31283569,101.4141998,88.93951416,101.4357482,0.285325852,112.0959473,101.9170837,2254.245925,0.775191282,0.253980122,0.286588156,0.064505902,29.89139093,11.65207137,9.84e-07,0.274841309,181.6670915,21198.97772,0.015182495,0.03789132212255011,8.21796290278511
16_img_.png,90.09565735,59.86491437,3583.807973,6.001777809,255,59.86491437,87.8943634,90.62538147,93.17779541,121.9636139,0.478198282,42.00921631,101.3589478,346.72644,0.951673541,0.250497519,0.366279453,0.062749007,9.37879902,10.14765845,9.57e-07,0.156326294,82.10145372,2809.156307,0.008255005,0.17641412221474065,9.937444035981976
170_img_.png,90.54995728,57.07311852,3257.340858,5.84317323,241,57.07311852,74.14387512,95.10661316,110.1333313,117.7974907,0.361254605,63.74928284,111.6213837,283.7679534,0.95647001,0.250432716,0.349940337,0.062716545,9.155330882,10.08619342,9.57e-07,0.128982544,62.74827396,2885.195038,0.006195068,0.19649240200495646,11.512656203994403
171_img_.png,93.9928894,61.23091777,3749.225291,6.07646991,252,61.23091777,68.23199463,106.648056,96.38725281,104.6408398,0.336059748,75.32989502,106.6838531,216.3164369,0.971175238,0.250295842,0.336595502,0.062648009,8.180101103,10.24172138,9.56e-07,0.148834229,72.82745379,1321.168144,0.011062622,0.16976211625713178,10.087007955135288
172_img_.png,90.4669342,70.73851393,5003.937353,6.583185965,254,70.73851393,63.61006165,104.3578796,89.38598633,105.8369259,0.32832039,94.8614502,104.6035767,2212.422044,0.778986813,0.25005098,0.274633583,0.062525493,30.59578738,11.8599699,9.54e-07,0.284393311,179.47027,20042.30117,0.013977051,0.029702789918271053,8.395135086227759
173_img_.png,79.19647217,62.09874396,3856.254001,5.391140515,252,62.09874396,56.75311279,86.81080627,98.84660339,107.0320578,0.305687303,90.44615173,108.621933,346.2947917,0.955133803,0.336409794,0.446349948,0.113171549,8.241084559,8.943202976,1.73e-06,0.096969604,61.94682393,3104.881157,0.005722046,0.1935815048719222,9.056292880835802
1742.png,71.3163147,70.56819013,4979.869458,5.033278468,216,70.56819013,50.89871216,79.99899292,80.18574524,123.098673,0.317750072,57.20198059,81.96069336,228.2160539,0.977101317,0.437656392,0.562952336,0.191543117,6.372181373,8.003720037,2.92e-06,0.116668701,65.36044565,2217.213498,0.007629395,0.08846722592362065,8.840387771898902
174_img_.png,113.5712891,66.99808157,4488.742934,5.305264453,249,66.99808157,85.95666504,122.9763031,137.5692139,117.176991,0.329910359,72.95770264,137.7710876,43.65479473,0.995140913,0.251001257,0.389764356,0.063001631,4.000658701,8.809921729,9.61e-07,0.012893677,28.05031697,737.4048058,0.000305176,0.3995360780721959,9.921442068216182
175_img_.png,102.5366211,61.94767228,3837.514101,5.507052708,247,61.94767228,103.2501373,102.7976837,99.35258484,122.8588486,0.510759338,23.90904236,108.5848694,84.62313113,0.988977552,0.251387258,0.428413,0.063195553,4.496446078,9.006362961,9.64e-07,0.075164795,47.14624634,770.5131073,0.005661011,0.2845292966600917,11.35766848851218
176_img_.png,88.01950073,78.08468463,6097.217973,6.063420883,255,78.08468463,80.20509338,91.05873108,92.87342834,127.8185746,0.436058021,43.20671082,99.64230347,1262.625766,0.896492304,0.336019377,0.395539688,0.112909022,18.4466299,10.32840342,1.72e-06,0.181915283,117.6154639,11353.66038,0.008804321,0.058576043307621485,8.630301446894016
177_img_.png,81.57687378,65.93443425,4347.34962,6.462319671,254,65.93443425,50.54530334,88.60975647,126.7421265,110.9956576,0.234710292,124.4203339,127.9374237,937.5131281,0.892170456,0.246376544,0.344807955,0.060701402,15.21956189,10.90309444,9.26e-07,0.151550293,105.8803519,8486.85129,0.008682251,0.1811942912787884,8.46496859848786
178_img_.png,91.64274597,57.74764925,3334.790994,5.773706311,248,57.74764925,88.17637634,94.61157227,85.43717957,125.7340541,0.489736116,36.57344055,97.80300903,194.619424,0.970810113,0.250608142,0.365717939,0.062804441,7.760355392,9.825755195,9.58e-07,0.133483887,61.59719071,1951.043,0.006851196,0.11168661001978229,10.611234230718159
179_img_.png,88.06149292,59.75940534,3571.186526,6.209333613,246,59.75940534,85.24345398,91.72492981,76.60298157,127.6325266,0.506413068,36.45545959,92.89219666,475.5672641,0.933415085,0.250143085,0.301699062,0.062571563,13.6698989,10.89893514,9.55e-07,0.234024048,99.08337287,4472.599637,0.012329102,0.07595178160509629,10.906426269503005
17_img_.png,81.32063293,69.61456336,4846.187432,5.946778521,255,69.61456336,71.46873474,84.39823914,91.31391907,125.9549433,0.406737561,57.30688477,97.54374695,870.3294271,0.910239368,0.335986011,0.371201911,0.112886599,17.09149816,10.30577164,1.72e-06,0.224731445,115.0212242,8089.966697,0.010574341,0.043564982894283594,9.321036986405959
180_img_.png,76.67407227,59.07554577,3489.920108,6.347058499,251,59.07554577,53.9644165,87.78721619,79.02366638,104.6413317,0.32350657,88.38955688,89.78063965,452.9898897,0.935154483,0.250261788,0.350573216,0.062630963,11.18915441,10.65831107,9.55e-07,0.173812866,94.79347043,3719.366531,0.010467529,0.11513212174593224,10.044729199892071
182_img_.png,69.58940125,58.87328868,3466.06412,6.016038785,255,58.87328868,46.50643921,78.63891602,83.54190063,107.1707287,0.286756721,117.2151337,98.82287598,1272.025337,0.816212709,0.298272711,0.412874771,0.08896661,18.55958946,10.39616652,1.36e-06,0.170928955,99.67154315,10868.76768,0.007110596,0.14237886422951118,10.394496317628487
183_img_.png,82.86341858,55.87541789,3122.062324,5.941585726,255,55.87541789,80.34857178,85.44335938,76.14797974,126.9911859,0.497233158,33.14633179,87.21235657,335.2925858,0.946302457,0.250410191,0.337853472,0.062705264,10.34800858,10.24176856,9.57e-07,0.160629272,75.34780707,2868.569412,0.009109497,0.10540580432786036,10.084055299915583
184_img_.png,57.57569885,48.35085472,2337.805152,5.373654725,251,48.35085472,59.88745117,59.56199646,41.26945496,121.5431232,0.593936221,57.83113098,62.30863953,120.5241728,0.974158822,0.347962121,0.470212892,0.121077638,4.949142157,8.635187408,1.85e-06,0.050704956,34.09727814,1089.845924,0.002716064,0.2804382397110665,11.354695049379849
185_img_.png,88.66760254,66.1763577,4379.310319,6.479269005,255,66.1763577,85.74121094,92.72546387,75.46246338,127.2218525,0.509794088,41.5629425,93.7169342,916.8193474,0.895388333,0.250078833,0.28587276,0.062539422,19.51625306,11.44151881,9.54e-07,0.259674072,125.9995595,7375.024541,0.013244629,0.06776198240784588,9.021255643488908
186_img_.png,66.3120575,60.65442377,3678.959123,5.67881327,255,60.65442377,45.28979492,73.57424927,84.05851746,111.8657876,0.28731206,84.62374878,86.11433411,549.7676011,0.925357211,0.359458194,0.416981706,0.129210193,11.7207261,9.583814716,1.97e-06,0.148788452,83.56229366,5078.046828,0.007476807,0.10043189342056036,9.359564039508454
187_img_.png,88.6471405,58.28560184,3397.211382,5.946841139,255,58.28560184,85.30366516,91.18930054,84.35096741,126.7940097,0.485949271,31.57008362,93.69009399,327.071875,0.951860526,0.250370686,0.342916806,0.06268548,10.09617034,10.24515449,9.56e-07,0.141021729,72.97334214,3006.063506,0.00743103,0.10193711335302964,9.953481054836935
188_img_.png,86.3283844,63.16211198,3989.45239,6.372367101,255,63.16211198,83.23780823,90.06248474,75.18617249,125.7730887,0.503712464,38.87608337,91.47195435,852.9288603,0.893072874,0.250104017,0.292397566,0.062552019,18.06488971,11.25970194,9.54e-07,0.2447052,118.4202053,7137.249399,0.013626099,0.07167394181423771,9.593580343061511
189_img_.png,50.94563293,50.7471474,2575.272969,4.83776717,245,50.7471474,24.42678833,61.24639893,67.41755676,91.39723517,0.189849505,105.7191162,72.66172791,194.1356464,0.962326866,0.438202051,0.639512603,0.192021038,4.344745711,7.301916231,2.93e-06,0.054046631,36.6923277,1675.518378,0.003311157,0.16421599055904815,6.5600490591095
18_img_.png,72.42672729,56.23823447,3162.739016,5.51279825,234,56.23823447,26.50064087,97.15571594,65.55581665,81.37237891,0.162868854,133.4566956,97.35452271,311.8537684,0.95073582,0.324443289,0.409662974,0.105263448,9.202542892,9.339937074,1.61e-06,0.137115479,66.44864091,2866.770213,0.007507324,0.05773331168098853,8.178924577246423
190_img_.png,87.98094177,63.24917194,4000.457751,6.343830946,248,63.24917194,85.98329163,89.70881653,84.32945251,132.3246684,0.494048189,25.38412476,92.01701355,579.862117,0.927526388,0.250120542,0.301714745,0.062560285,14.86910233,11.07101573,9.54e-07,0.224456787,104.4639458,5161.842132,0.011291504,0.07078711027635023,9.270145803145883
191_img_.png,90.4861145,64.57693877,4170.181021,6.388525841,252,64.57693877,87.08956909,91.36404419,94.86470032,121.785052,0.467648371,40.66552734,101.804718,464.4535539,0.944275463,0.250186982,0.341173232,0.062593526,11.56657475,10.82406099,9.55e-07,0.142974854,78.29404475,4349.785919,0.007247925,0.15407070102088968,10.558128397159166
192_img_.png,77.97389221,64.05770494,4103.389562,6.464310573,255,64.05770494,71.57220459,81.50726318,76.57017517,122.8217703,0.452766728,50.49810791,85.99504089,929.1935509,0.886858676,0.250125886,0.303324478,0.062562959,17.90056679,11.2391214,9.54e-07,0.227859497,135.4443217,7410.860832,0.014266968,0.0686755322517093,8.85613363454629
193_img_.png,85.66229248,71.26589177,5078.827329,6.860604043,255,71.26589177,72.56781006,92.27410889,85.9641571,122.6297401,0.40713934,92.43185425,103.1628723,1024.926333,0.899023476,0.214992796,0.299394447,0.046221902,17.55742953,11.76221213,7.05e-07,0.19493103,135.8787624,6707.047528,0.011535645,0.13018459909526325,8.635004838296398
194_img_.png,86.30406189,63.87382634,4079.865692,6.374370263,252,63.87382634,82.98298645,89.83416748,76.82948303,126.9742712,0.497906929,45.29582214,92.21078491,636.0340993,0.922031732,0.250137426,0.302627263,0.062568732,15.59898897,11.09452732,9.54e-07,0.221572876,100.0609825,5724.52092,0.010070801,0.09262483167131837,11.258405517167366
1957.png,54.28475952,57.99199514,3363.0715,5.151026768,251,57.99199514,52.46000671,56.20904541,49.19084167,126.4066804,0.497723557,30.79284668,57.9863739,510.0823529,0.924127427,0.437552822,0.496636869,0.191452472,11.22971814,8.583785723,2.92e-06,0.168060303,79.18690628,4055.337287,0.009078979,0.061865982086726334,8.16925243516613
195_img_.png,92.078125,59.73621647,3568.415558,5.994745136,255,59.73621647,86.13983154,95.078125,92.20420837,124.292314,0.459946381,35.88131714,99.69987488,349.7417126,0.950962331,0.250321959,0.347742506,0.062661083,10.01959252,10.29390615,9.56e-07,0.13659668,70.31127431,3458.811268,0.006439209,0.16064490296497078,11.205097454828376
196_img_.png,81.85093689,62.43121493,3897.656598,6.405039277,255,62.43121493,78.72160339,85.28184509,72.39811707,126.9339513,0.499249253,43.41998291,87.245224,823.6530178,0.894307742,0.250112682,0.297136475,0.062556354,17.75574449,11.25329479,9.54e-07,0.230361938,112.1758783,7386.188778,0.009963989,0.08605716334551354,9.603268158739017
197_img_.png,94.01011658,84.21872575,7092.793767,6.007887566,252,84.21872575,74.17279053,102.1150818,104.3262329,123.2808079,0.359292376,59.41221619,105.2843933,371.0292586,0.973859208,0.339965468,0.442173138,0.115576519,9.55870098,9.76632157,1.76e-06,0.152893066,85.52043532,3132.178131,0.008758545,0.08394814364090668,6.728199682703611
198_img_.png,82.04649353,59.6764801,3561.282277,6.25781708,254,59.6764801,78.07022095,85.24645996,76.01516724,125.5691441,0.484121501,41.98448181,88.39424133,587.958655,0.917457586,0.250168884,0.311556439,0.062584471,14.27740502,10.90079753,9.55e-07,0.190948486,95.63159535,5285.296003,0.010147095,0.096344381827511,10.448014008113141
199_img_.png,87.22001648,60.76347353,3692.199716,6.263248531,253,60.76347353,81.72816467,89.92242432,87.67906189,122.1502346,0.460177257,44.00259399,96.9836731,399.8754902,0.945852261,0.250285461,0.356896876,0.062642812,10.11164216,10.52365724,9.56e-07,0.131210327,73.69173402,3828.965054,0.007125854,0.1929165615506384,9.926804549506734
19_img_.png,61.39506531,61.59753875,3794.25678,5.979677227,255,61.59753875,40.78736877,70.02189636,71.02561951,112.4418413,0.289174669,95.8589325,79.14541626,810.2732843,0.893315834,0.336007553,0.388174842,0.112901076,15.03694853,10.14502498,1.72e-06,0.179794312,101.4451376,7676.254173,0.009231567,0.061293773935657415,9.029166570210357
20.png,61.63934326,65.9912651,4354.847069,5.275725395,252,65.9912651,54.05314636,65.16149902,63.39675903,118.4322634,0.420456431,52.64530945,72.74620056,907.6712776,0.895794511,0.437528828,0.478877474,0.191431475,15.68555453,8.936118297,2.92e-06,0.1847229,101.3964607,8163.815942,0.009048462,0.03642681098919267,7.361383255407108
200_img_.png,71.15370178,72.9884537,5327.314373,5.231835942,255,72.9884537,71.75828552,74.29524231,53.38088989,132.5893751,0.562033673,47.27719116,75.4851532,750.0038909,0.929608385,0.441433442,0.472707041,0.194863483,14.32760417,8.863982092,2.97e-06,0.169342041,92.25834537,6919.738647,0.007476807,0.030495740419711533,8.9842373275168
201_img_.png,85.45619202,62.46315176,3901.645328,6.372079026,255,62.46315176,76.18525696,89.96958923,86.56207275,108.6410017,0.431567097,66.03804016,99.17375183,970.0626532,0.875676965,0.250206153,0.323958526,0.062603119,16.99280025,11.05265234,9.55e-07,0.189025879,114.2883526,9490.899299,0.009979248,0.15875172852129027,10.510645281944157
202_img_.png,120.2696381,76.51361902,5854.333896,6.086513895,250,76.51361902,118.0872498,126.4538422,94.16363525,124.3087333,0.535257909,53.03636169,126.7577209,281.4200674,0.975983778,0.254160666,0.327598724,0.064597644,9.842892157,10.43056209,9.85e-07,0.123947144,70.73680494,2777.845669,0.00579834,0.14977933918740247,11.125631425980542
203_img_.png,59.86540222,54.17661588,2935.105709,5.73677874,247,54.17661588,27.14175415,73.66868591,74.61497498,97.10564928,0.183039412,129.2511292,82.45082092,501.7157475,0.914456156,0.315362407,0.493409315,0.099453448,10.14139093,9.328782441,1.52e-06,0.127746582,69.69562365,3808.623588,0.007110596,0.24357705048147213,10.996605458009025
204_img_.png,69.16000366,52.03356939,2707.492343,5.771788546,226,52.03356939,36.71788025,88.86579895,52.81343079,91.02886416,0.259162054,113.7412262,88.87954712,193.8956955,0.964197773,0.293392707,0.440047609,0.086079281,7.174494485,9.540659115,1.31e-06,0.112579346,54.29689591,1330.275636,0.00668335,0.23877053662547273,9.127876580577123
205_img_.png,98.00088501,59.52282892,3542.967162,5.596801131,243,59.52282892,94.97869873,99.29109192,99.30290222,131.6446747,0.478255645,30.42370605,105.8395691,163.3923866,0.976946078,0.250828901,0.400556327,0.062915138,6.377987132,9.442770001,9.6e-07,0.095794678,52.41656366,1910.151732,0.004180908,0.18996028699903825,10.032915389865018
206_img_.png,81.74337769,63.34542248,4012.64255,6.4443863,255,63.34542248,79.23469543,84.66220093,73.2910614,127.3672442,0.501633801,37.97993469,86.50541687,896.4464461,0.888303311,0.250109249,0.295003925,0.062554637,18.19917279,11.28714495,9.54e-07,0.212036133,108.8836516,7820.66999,0.009414673,0.09590606526083179,10.794203041283764
207_img_.png,87.55474854,64.90985424,4213.289178,6.457250082,255,64.90985424,85.07704163,91.01806641,76.21887207,128.6957608,0.508721592,39.99565125,92.41056824,918.8125919,0.890987829,0.250088912,0.294306165,0.062544464,18.44371936,11.36103992,9.54e-07,0.246139526,121.9524338,7792.234444,0.011901855,0.08183596983369644,10.338476524155622
208_img_.png,87.7381897,71.92846621,5173.704252,5.77280288,246,71.92846621,66.98823547,97.05229187,94.15713501,118.9590734,0.350339607,57.49598694,97.25032043,414.8877604,0.959860362,0.339920076,0.400671588,0.115545658,10.90926777,9.813440109,1.76e-06,0.183853149,96.01051458,3306.012323,0.010803223,0.0697340842501225,8.09731182828498
209_img_.png,87.7815094,62.01568681,3845.945411,6.308737475,254,62.01568681,86.93580627,89.31442261,82.12492371,129.9302542,0.507093664,29.50901794,92.59501648,822.7202053,0.893073527,0.250119951,0.302452173,0.06255999,16.85219056,11.12209598,9.54e-07,0.218322754,105.9365029,7230.353501,0.010848999,0.08231504008790493,11.207394584912539
210_img_.png,89.65168762,61.19735811,3745.116639,6.167765858,255,61.19735811,85.9573822,92.26902771,85.85470581,121.2703121,0.482571191,43.4644928,97.65512085,557.4232537,0.925606028,0.250234225,0.322589547,0.062617167,13.40389093,10.7425404,9.55e-07,0.18447876,88.25012331,4968.828524,0.009124756,0.13016480644279058,11.956731744373872
211_img_.png,84.94692993,66.95743876,4483.298606,6.514558202,255,66.95743876,83.11222839,87.34745789,77.39598083,131.2761591,0.504494923,32.84417725,89.12553406,1179.516422,0.868341558,0.250085738,0.290875248,0.062542876,20.79335172,11.482446,9.54e-07,0.241287231,130.7169267,9349.349391,0.012939453,0.06814080762550313,9.075927844933139
212_img_.png,91.90966797,69.24415329,4794.752765,6.557180052,255,69.24415329,89.74531555,95.19151306,80.66593933,131.8393885,0.510329897,41.52403259,97.38916016,1584.650797,0.834644248,0.250061032,0.281187492,0.06253052,24.78449755,11.69693529,9.54e-07,0.25793457,140.0799244,12491.97859,0.011566162,0.06603365954521256,9.331981104561484
213_img_.png,95.00004578,59.38917298,3527.073868,5.743814467,254,59.38917298,93.76870728,95.38078308,96.18681335,122.5198346,0.489481045,41.23176575,106.9428253,400.5672181,0.943229853,0.250903698,0.388811333,0.062952666,9.539031863,9.797973445,9.6e-07,0.119949341,63.49475546,3987.157634,0.00491333,0.14259346369837278,9.765093489079064
214_img_.png,96.17478943,59.97311419,3596.774426,5.77894669,253,59.97311419,95.50627136,96.30032349,97.28215027,119.7925047,0.493362181,35.81129456,106.6631317,412.8297181,0.942608117,0.25064041,0.362527881,0.062820615,10.38066789,10.01275577,9.58e-07,0.135665894,69.34732011,4028.082927,0.006011963,0.11950614990829929,9.939990286894783
215_img_.png,90.81887817,63.80706317,4071.34131,6.311035798,255,63.80706317,89.90135193,92.03515625,86.97070313,129.9148545,0.50222575,28.58277893,96.20753479,923.582644,0.886652223,0.250112319,0.300686026,0.062556172,18.09382659,11.17704302,9.54e-07,0.229919434,111.9913389,7999.157794,0.011047363,0.052431360428488054,9.137288555872038
216_img_.png,91.6985321,65.81784849,4331.98918,6.414381494,255,65.81784849,90.35150146,93.70373535,84.91114807,133.616208,0.505845312,27.05285645,95.82371521,1116.268474,0.87110729,0.250083611,0.290255251,0.062541812,20.33186275,11.39981729,9.54e-07,0.244140625,124.8053104,8299.731728,0.012619019,0.07933382161549628,9.065814770705124
217_img_.png,93.28518677,63.02083665,3971.625852,6.218190177,252,63.02083665,90.2177887,96.88035583,82.81481934,128.0641459,0.502060162,31.47787476,97.77182007,783.3361366,0.901416421,0.25011015,0.28860298,0.062555087,17.89388787,11.12051943,9.54e-07,0.253341675,111.4064901,6217.852921,0.012283325,0.0550332666375713,9.16655874270573
219_img_.png,85.98782349,68.55359266,4699.595067,6.602420155,255,68.55359266,84.46594238,90.55979919,66.42066956,127.0300636,0.53806657,65.30194092,94.32765198,2285.778355,0.756880057,0.250051211,0.274908764,0.062525608,30.67765012,11.86999785,9.54e-07,0.271499634,178.1771475,16973.82011,0.012573242,0.04816733868456438,8.903243000292289
220_img_.png,85.38430786,62.8387639,3948.710248,6.371647922,255,62.8387639,83.3084259,87.57548523,79.55915833,124.8200315,0.498450974,39.73646545,91.96401978,1310.80409,0.834099192,0.250107119,0.299226066,0.062553571,21.2131587,11.31482693,9.54e-07,0.23260498,122.3352228,11363.6222,0.011062622,0.0587048043222182,9.474218150596064
221_img_.png,71.5683136,63.68862655,4056.241152,6.458597234,254,63.68862655,47.6504364,76.96911621,106.4889679,115.4507433,0.259734733,116.1125641,106.664978,669.3417126,0.917548083,0.250292161,0.347639342,0.062646166,14.2011489,10.87010126,9.56e-07,0.19102478,104.6261099,8297.756241,0.006729126,0.09419230358761806,9.461061395778747
222_img_.png,55.30209351,52.93335538,2801.940112,5.383632954,250,52.93335538,29.54763794,64.94554138,73.19636536,104.0673658,0.21389337,100.4025421,73.97410583,165.2636949,0.970527503,0.386879019,0.49058292,0.149675375,5.203247549,8.469900896,2.28e-06,0.048965454,36.38483942,1639.722011,0.002288818,0.2968458120777219,10.489318596856776
223_img_.png,91.97827148,61.05428051,3727.625169,6.103687734,255,61.05428051,88.23265076,94.05941772,91.09895325,118.6889224,0.476525313,47.73020935,103.384613,825.4747243,0.889282296,0.250341094,0.349106506,0.062670663,14.61207108,10.58200839,9.56e-07,0.170547485,90.59616401,7375.866576,0.007904053,0.1539166684306287,10.36125016771792
224_img_.png,93.73176575,61.5164326,3784.27148,6.078999065,255,61.5164326,90.7507782,95.39826965,93.00598145,120.7245435,0.48168116,44.1459198,104.7313385,738.6289522,0.902425588,0.2503575,0.354972529,0.062678878,13.69411765,10.50834633,9.56e-07,0.162826538,88.59977351,6373.540225,0.008209229,0.15795777832001964,10.388542638587664
225_img_.png,55.54071045,65.07589228,4234.871756,5.256485397,255,65.07589228,34.91488647,63.58155823,68.24459839,110.3818087,0.264855529,84.37998962,73.64778137,1714.868306,0.797646516,0.441527123,0.519654455,0.1949462,18.58953738,8.669603133,2.97e-06,0.139724731,105.2854689,19206.24908,0.006469727,0.07265086968913283,8.082107258991789
226_img_.png,97.12905884,59.93295438,3591.959021,5.683937259,254,59.93295438,94.15921021,98.74450684,96.60832214,122.2545961,0.481995632,36.87124634,106.313797,285.485769,0.960275168,0.250786918,0.376858618,0.062894078,8.576240809,9.756532147,9.59e-07,0.126846313,63.76996508,2885.992141,0.006607056,0.21146577396910313,11.153126966346134
227_img_.png,79.26062012,73.97658958,5472.535806,5.58779492,255,73.97658958,64.2394104,83.71376038,95.73913574,124.9819485,0.357973662,58.14190674,96.79548645,314.1098192,0.97130301,0.382894598,0.447785854,0.146608273,8.154947917,9.078890534,2.24e-06,0.062026978,51.01831779,3281.317105,0.003128052,0.1666653437700677,8.244607219089357
228_img_.png,68.70175171,66.62118393,4438.382148,6.046541127,255,66.62118393,37.79562378,80.49076843,89.0599823,114.9524167,0.222916287,105.8847961,94.66371155,801.7729473,0.909656882,0.332142365,0.439646881,0.11031855,13.52432598,10.02299339,1.68e-06,0.157150269,106.3281895,7165.30493,0.009811401,0.10462033985497572,7.347847166248141
229_img_.png,36.93161011,43.0277201,1851.384697,4.980141136,254,43.0277201,29.3754425,39.37683105,44.15742493,119.0709848,0.351657439,58.90530396,45.54786682,247.9280637,0.933190292,0.402814622,0.556806214,0.162259619,6.321262255,7.911000847,2.48e-06,0.086624146,47.35850449,1993.528006,0.004852295,0.18147577668981588,11.9261816007173
22_img_.png,100.5418091,62.2346868,3873.156242,5.829972535,252,62.2346868,97.29360962,101.3569336,104.8756409,127.1161371,0.47176645,36.09062195,111.5462646,147.8990809,0.980912491,0.250677136,0.395728734,0.062839027,6.294117647,9.68716487,9.59e-07,0.124984741,63.13887008,1235.480615,0.008483887,0.15613432460042878,10.278640437882325
230_img_.png,81.81077576,63.50009184,4032.261664,6.446335791,255,63.50009184,80.54385376,83.9805603,73.94825745,130.1621398,0.510000992,33.42216492,86.45504761,1691.915594,0.790393606,0.250083151,0.287316794,0.062541582,25.16418505,11.50958726,9.54e-07,0.254440308,146.1414463,13532.54981,0.013168335,0.0566882777728287,10.705730828838222
231_img_.png,102.9143524,62.21968195,3871.288822,5.55767649,252,62.21968195,101.0947571,103.5052795,104.6476746,131.003693,0.485675342,33.235672,112.9294128,178.0267923,0.977005031,0.250977298,0.388627221,0.062989604,6.649249387,9.436158238,9.61e-07,0.082946777,51.595616,1899.11299,0.00440979,0.1399868345616263,9.758662230540269
232_img_.png,94.53160095,59.53556114,3544.483041,5.831857715,251,59.53556114,92.65986633,95.68353271,93.49647522,115.1818779,0.489797349,37.69546509,103.7532196,325.0751379,0.954157965,0.25049655,0.35072588,0.062748521,9.764966299,10.09914221,9.57e-07,0.140792847,68.25951386,3072.508353,0.006851196,0.1232712248696798,10.30372981883922
233_img_.png,94.84925842,61.80324934,3819.641629,6.077871991,255,61.80324934,93.74745178,96.11305237,91.2371521,121.2516633,0.500386173,32.89872742,101.9029083,463.3800551,0.939361612,0.250253306,0.33074586,0.062626717,11.75389093,10.54164773,9.55e-07,0.161132813,80.62862661,4310.595526,0.007965088,0.09847495859052618,10.579029567105527
234_img_.png,87.26547241,62.98217561,3966.754445,6.358515159,255,62.98217561,85.50965881,89.29342651,81.43093872,132.4969554,0.500863826,27.11253357,91.23497009,1588.795067,0.799769132,0.250078057,0.27945759,0.062539035,25.56645221,11.47222613,9.54e-07,0.234283447,125.0257046,13650.60676,0.00958252,0.045443040113775514,9.901274332661753
236_img_.png,94.74346924,61.63951094,3799.429309,6.084427766,254,61.63951094,92.227005,96.56274414,91.95648193,127.197239,0.489218033,32.7822113,101.3304596,499.9240962,0.93423295,0.250189565,0.312958237,0.062594819,13.02510723,10.69308046,9.55e-07,0.185317993,84.19440131,4516.079191,0.009002686,0.07216198117256463,10.176502727505149
238_img_.png,101.2583771,60.66157028,3679.826109,5.412481204,248,60.66157028,91.72967529,104.5691681,109.1035767,131.2250177,0.429299841,40.89085388,113.3031769,183.8310509,0.97501406,0.251261198,0.407079746,0.06313219,6.561902574,9.220681238,9.63e-07,0.091751099,47.52817353,1948.428126,0.003997803,0.2675592959953169,10.204922451942037
23_img_.png,96.7384491,64.18446728,4119.64584,6.220105567,255,64.18446728,93.36936951,97.44485474,101.9100952,121.0614623,0.468357417,40.20587158,108.1427155,281.4818627,0.965834635,0.250332284,0.361551035,0.062666252,8.696139706,10.36952914,9.56e-07,0.146072388,81.34677449,1742.892924,0.009429932,0.16424255765619913,9.287455083637742
240_img_.png,56.50418091,59.84832779,3581.82234,5.582264509,250,59.84832779,43.00259399,60.59489441,70.87454224,105.6633446,0.327091947,116.3741608,84.06968689,406.5825827,0.943336389,0.363728883,0.518821613,0.1322987,8.281112132,8.821884584,2.02e-06,0.086853027,59.36588162,3842.429888,0.003997803,0.23355431084099623,9.152972209116797
241_img_.png,101.5522919,61.52500355,3785.326062,5.627577521,238,61.52500355,99.79832458,101.8900757,104.5408936,136.9080557,0.483446476,28.24079895,110.4919586,167.9700827,0.977818663,0.250809062,0.410628386,0.062905186,6.251393995,9.451123003,9.6e-07,0.086471558,47.11907656,1772.652575,0.004440308,0.1583479138985165,9.355595894903438
242_img_.png,93.48023987,62.98236738,3966.778601,6.167858628,250,62.98236738,94.0823822,94.06277466,88.91642761,128.8672074,0.514169813,20.38830566,97.47599792,1058.954657,0.866593671,0.250132696,0.299694013,0.062566366,19.94460784,11.07862012,9.54e-07,0.251373291,118.9476322,9416.019071,0.012619019,0.05611584563894954,10.18801070528708
243_img_.png,98.54730225,62.09778407,3856.134786,5.947130141,252,62.09778407,98.85484314,98.22975159,99.36399841,126.7512001,0.50029337,28.41419983,107.2051392,457.6064032,0.940666817,0.250319623,0.34819661,0.062659914,11.44880515,10.37389553,9.56e-07,0.159118652,74.04749988,4452.603055,0.007369995,0.08112123640653246,9.652007690543234
244_img_.png,54.09980774,61.85054216,3825.489565,4.759438542,253,61.85054216,36.54428101,61.45726013,62.24786377,97.48009261,0.295414449,79.92982483,71.16905212,825.7870251,0.892163342,0.488357176,0.556263963,0.238492731,11.38344056,7.687297714,3.64e-06,0.087615967,70.43733141,6202.733378,0.004714966,0.15025314126379694,7.72578942628786
245_img_.png,97.63006592,61.08496996,3731.373555,5.861541157,251,61.08496996,97.8271637,97.20179749,99.26898193,130.8275337,0.497922205,24.26164246,105.1577301,366.5506127,0.950885188,0.250321235,0.335681498,0.062660721,10.85343137,10.28677106,9.56e-07,0.1484375,70.28254788,3681.431942,0.006652832,0.07770615393529116,10.37651089321431
246_img_.png,56.84379578,56.88907604,3236.366973,5.398119278,254,56.88907604,43.0296936,60.72935486,73.07020569,109.5630129,0.321598168,91.40553284,82.03964233,933.1349112,0.855874289,0.375238013,0.461364782,0.140803567,14.44692096,9.041009133,2.15e-06,0.122314453,82.387462,8745.658873,0.003952026,0.1479350871718996,9.729114768382496
247_img_.png,85.92678833,60.16151899,3619.408367,6.242418044,252,60.16151899,86.13232422,86.71269226,81.34254456,129.3530587,0.512523893,24.5330658,90.21731567,783.0157016,0.891891538,0.250156549,0.311253893,0.062578299,16.26499694,10.99105837,9.55e-07,0.216781616,103.2152984,7155.557011,0.011611938,0.07234961168537093,10.310747643265085
248_img_.png,100.2014313,60.96087967,3716.22885,5.672291019,232,60.96087967,96.733078,100.9581146,105.4036865,136.8756573,0.468754767,27.25619507,108.933075,84.5407935,0.988629677,0.250951442,0.45461775,0.062976626,4.134145221,9.079408275,9.61e-07,0.040649414,32.75377455,1068.509176,0.001785278,0.3312541607549542,9.739535541937748
24_img_.png,101.2230377,63.49549872,4031.678358,5.94670093,236,63.49549872,91.36613464,104.7585144,108.9120483,128.973804,0.427602817,38.36807251,111.3995972,118.7189798,0.985275591,0.250545854,0.389708327,0.062773225,5.620113358,9.747061363,9.58e-07,0.094039917,58.01355955,742.3551939,0.007659912,0.16044508777957725,9.072168593960114
251_img_.png,86.14228821,64.96640627,4220.633944,6.444546342,255,64.96640627,85.36985779,88.2434845,77.34347534,131.8096412,0.515559063,31.11830139,90.47789001,1128.746645,0.866261818,0.250088165,0.291150668,0.06254409,20.48806679,11.41413133,9.54e-07,0.250457764,131.1652895,9765.805843,0.013320923,0.058437660901299926,9.87307299765335
252_img_.png,94.19181824,61.00571173,3721.696864,6.033432984,255,61.00571173,94.26367188,94.12258911,94.3243866,127.4411101,0.500213238,24.97898865,101.0846558,408.7562806,0.945120937,0.250281421,0.350169242,0.06264079,10.61565564,10.38147211,9.56e-07,0.141464233,70.83908724,4149.756625,0.006988525,0.13454900805606096,9.23136458457816
253_img_.png,86.34338379,65.7707557,4325.792305,6.455479586,255,65.7707557,84.26275635,89.13609314,77.40751648,129.5414884,0.505950102,35.35742188,91.45252991,1508.178585,0.825534773,0.250080534,0.28683527,0.062540273,23.8153799,11.52455933,9.54e-07,0.254638672,147.3021323,11010.43272,0.013824463,0.055181637597915535,9.002650040314407
2546.png,53.41950989,59.2702676,3512.964621,5.11610699,251,59.2702676,53.83764648,54.03103638,49.21980286,102.5008005,0.521425752,62.65827942,65.14520264,865.4455882,0.87684306,0.437813985,0.573237198,0.191681085,12.41050858,8.192318365,2.92e-06,0.127746582,90.99928898,7428.209924,0.008071899,0.12334661832698146,8.944661561089292
254_img_.png,100.3557892,61.47589446,3779.2856,5.704021293,205,61.47589446,96.95098877,101.1165314,105.2985229,138.7120475,0.469689525,22.91345215,107.668335,58.32801777,0.99228799,0.250962917,0.463885812,0.062982386,3.530070466,8.966608878,9.61e-07,0.029174805,29.57583907,843.7109476,0.001266479,0.3601118994625532,9.460099214181712
255_img_.png,96.3764801,67.98933508,4622.549684,6.125577023,235,67.98933508,46.40177917,112.8078156,142.877243,90.05145093,0.181480214,143.1270447,145.6945496,41.6049326,0.995505092,0.25171425,0.574916105,0.063360064,2.174080882,8.720663353,9.67e-07,0.022384644,25.77951184,617.8144652,0.001174927,0.46865096761643116,8.644153500415731
257_img_.png,80.50160217,54.95466074,3020.014737,6.032391527,254,54.95466074,71.4433136,83.99447632,86.27027893,118.62889,0.419601306,59.28018188,93.50576782,262.6080729,0.956547361,0.250534001,0.372160037,0.062767286,8.688373162,10.14602968,9.58e-07,0.153793335,81.96364605,2233.985306,0.009918213,0.202483467501658,11.758098991621004
258_img_.png,90.67184448,41.05496303,1685.50999,7.197198825,253,41.05496303,65.71951294,98.45661926,116.0652008,57.76203514,0.306353512,112.934494,118.8930359,811.6556219,0.758984627,0.020198512,0.189590604,0.00040798,15.50127145,12.80455149,5.99e-09,0.165969849,99.60776568,7229.391445,0.009628296,0.864087140005557,18.093038817903913
259_img_.png,80.48031616,72.77906608,5296.792459,6.032092128,255,72.77906608,74.29151917,81.97383118,89.03837585,129.8333152,0.434422317,51.37197876,97.14253235,1063.169822,0.899666769,0.335997128,0.383200862,0.11289407,16.91115196,10.27215435,1.72e-06,0.169448853,111.5658341,11270.9019,0.007446289,0.06349152526760314,8.8391650337244
25_img_.png,104.180542,66.26354748,4390.857724,6.079650205,254,66.26354748,96.51547241,106.8732452,110.4398193,133.8337608,0.444131017,30.72727966,112.6185608,182.2309283,0.979253663,0.250396282,0.38196894,0.062698298,6.905438113,10.06744069,9.56e-07,0.126586914,68.92171679,1245.826354,0.008850098,0.13782064786912465,9.200702221853195
260_img_.png,67.64144897,54.73257667,2995.654949,6.332444752,248,54.73257667,44.58760071,75.60620117,87.10632324,94.54142171,0.274026851,118.872406,95.86030579,382.0327206,0.936284291,0.250294704,0.370899847,0.062647439,9.072794118,10.43101214,9.56e-07,0.098388672,65.84761635,3123.802573,0.006088257,0.2681764464560601,10.182278495049516
261_img_.png,92.78039551,61.35448347,3764.372642,6.057151639,252,61.35448347,93.25132751,93.40524292,88.38301086,132.0477297,0.512966738,18.14920044,96.08314514,646.3658854,0.914111383,0.250240539,0.327572186,0.062620327,13.87709865,10.63362468,9.55e-07,0.187759399,89.56403424,5877.843816,0.009292603,0.08027115307757088,9.649971478515344
2629.png,37.18121338,46.20206387,2134.630705,4.877289859,233,46.20206387,27.87911987,41.68605042,38.3977356,117.7497274,0.348124399,73.77429199,42.60569763,327.4978554,0.923032269,0.437915323,0.57620435,0.19176983,7.311948529,7.743524527,2.93e-06,0.111206055,67.49432416,2548.25195,0.008148193,0.09286731451026785,9.125097260335853
262_img_.png,94.69192505,60.86072211,3704.027496,5.994926481,242,60.86072211,94.94877625,94.87765503,93.06358337,131.6133962,0.50520459,16.66615295,98.59716797,293.1108609,0.960446049,0.250298665,0.354408886,0.062649422,9.079978554,10.24962936,9.56e-07,0.132400513,64.35313818,2952.18272,0.006271362,0.11253288815678857,9.174752326647786
263_img_.png,63.08795166,67.88026557,4607.730454,4.987015737,252,67.88026557,41.38978577,70.97904968,79.37652588,106.4383842,0.275279354,83.37876892,82.23780823,88.97299326,0.990366408,0.441816387,0.600604479,0.19520172,3.969623162,7.543605204,2.98e-06,0.059524536,37.79062804,1075.397603,0.002319336,0.2379803135556758,10.329666126950077
265_img_.png,91.80923462,59.04937218,3486.828355,5.971999811,231,59.04937218,91.9631958,92.01974487,90.32221985,130.4011897,0.504344658,16.47259521,95.52934265,224.4964767,0.967806084,0.250303045,0.357422251,0.062651615,8.180790441,10.16330579,9.56e-07,0.109603882,58.24027872,2335.438479,0.005599976,0.12207600157846894,9.638696010376982
266_img_.png,86.9165802,59.87190929,3584.645522,6.138484347,255,59.87190929,86.32455444,88.625,79.72338867,131.5394711,0.512773274,25.05467224,90.39337158,795.8550705,0.888993644,0.250211351,0.314014685,0.06260572,15.73720895,10.80598347,9.55e-07,0.199005127,102.8821747,6910.232608,0.010665894,0.07086957741982335,10.458404757445994
2677.png,45.34669495,45.72913552,2091.153835,4.871894806,182,45.72913552,33.9045105,50.71318054,47.73516846,113.8893136,0.344388818,57.76004028,51.91035461,176.0907475,0.957968042,0.437589569,0.516241043,0.191484631,6.565778186,8.061871318,2.92e-06,0.114242554,53.26132601,1478.370795,0.007263184,0.07854573373135045,9.899270076092744
267_img_.png,95.11355591,59.29497652,3515.89424,5.82982108,219,59.29497652,95.39836121,94.914505,95.33320618,131.1102963,0.501442885,17.5544281,100.0492554,167.53894,0.97618233,0.250442616,0.381679759,0.062721504,6.657751225,9.79629318,9.57e-07,0.083358765,47.94550246,1775.45151,0.003585815,0.17345346945011533,9.51154766288367
268_img_.png,55.3132019,44.6242965,1991.327838,5.499470274,246,44.6242965,21.13372803,69.75430298,70.62147522,91.43570834,0.150551101,132.6076202,72.83773804,281.5282782,0.929357885,0.309102596,0.486329628,0.095544415,6.812346814,8.966454127,1.46e-06,0.077178955,48.07884229,2714.672287,0.003417969,0.21409324592676068,11.298832637314664
26_img_.png,105.0827332,63.95798155,4090.623404,5.689000926,251,63.95798155,95.9868927,108.3046875,112.3734283,130.788814,0.434963351,34.54827881,114.5446625,91.40974265,0.98882932,0.251035644,0.430084915,0.063018895,4.508394608,9.187237933,9.61e-07,0.074569702,47.70952403,947.3743803,0.003829956,0.2255790882499534,9.397572008933764
2701.png,49.98693848,59.33198159,3520.28404,5.249354368,235,59.33198159,44.81065369,52.47045898,50.79718018,106.0034984,0.433927357,74.49224854,64.08551025,725.4422181,0.897012879,0.437546251,0.489610043,0.191446722,13.03250613,8.761448686,2.92e-06,0.178588867,113.1710732,4743.602202,0.013244629,0.040170386067320596,7.848714449460992
270_img_.png,91.27716064,59.63546996,3556.389277,5.997404933,254,59.63546996,89.20758057,93.61383057,84.70803833,130.76853,0.500261584,25.19544983,94.88221741,350.8337469,0.950647208,0.250306982,0.331646751,0.062653585,10.81557904,10.38822877,9.56e-07,0.171463013,77.8765458,3076.72973,0.009490967,0.09146523821807351,9.959130137682667
271_img_.png,82.84980774,63.28911851,4005.512522,6.435374051,255,63.28911851,80.01249695,86.8999176,69.42501831,125.7897347,0.51183451,46.74012756,88.21881104,1092.128523,0.863709571,0.250092413,0.290254162,0.062546215,20.54408701,11.38159821,9.54e-07,0.245773315,129.661284,8292.675989,0.013320923,0.07754976377149761,9.352411642616381
272_img_.png,98.61656189,61.70973772,3808.091729,5.843387797,237,61.70973772,97.01431274,99.31433105,99.1986084,132.1804534,0.488705235,20.95855713,104.0538025,114.6599571,0.984946893,0.250553334,0.406261164,0.062776973,5.53091299,9.597597998,9.58e-07,0.065353394,41.65442973,1236.39719,0.002563477,0.2309552585316117,10.143032151967539
273_img_.png,87.00982666,57.4940527,3305.566096,5.966776931,248,57.4940527,85.76763916,88.35450745,83.33351135,130.35619,0.49955518,21.06466675,90.53414917,219.5056679,0.966816386,0.250387308,0.345507738,0.062693804,8.561917892,10.12088303,9.56e-07,0.131256104,63.02008839,1949.858613,0.006866455,0.12969711050032018,10.27955259182897
274_img_.png,72.86747742,76.3368402,5827.313172,5.282451006,251,76.3368402,48.10566711,83.46124268,83.27079773,117.3590263,0.288520833,69.29832458,85.90576172,185.0718903,0.984127929,0.441464103,0.521487214,0.194890555,6.113832721,8.318933624,2.97e-06,0.081954956,49.71865366,1669.88144,0.004119873,0.13722897516940566,7.5370305305019505
275_img_.png,79.45228577,61.01953998,3723.384259,6.355357018,255,61.01953998,76.30566406,82.85464478,70.1882019,124.4573973,0.498590203,41.03398132,84.29943848,998.6131587,0.865899267,0.250131967,0.301504403,0.062566001,18.39459252,11.17345188,9.54e-07,0.230484009,125.8321344,8135.333084,0.013595581,0.09049715515512798,9.889144636023357
276_img_.png,95.1264801,60.87431227,3705.681894,5.981113712,242,60.87431227,94.67674255,95.62295532,93.7671814,132.0767167,0.499903238,20.82321167,100.1107635,129.1346507,0.982587005,0.250443968,0.390635709,0.062722181,6.080055147,9.865810891,9.57e-07,0.09022522,49.9395733,1422.683336,0.004928589,0.19096199994405605,9.319031306228686
2774.png,51.04614258,59.25574739,3511.243598,5.206511411,228,59.25574739,42.01539612,55.14245605,53.6448822,123.3929596,0.386215867,51.57936096,58.77204895,224.837163,0.968004145,0.437584812,0.521176714,0.191480468,7.009773284,8.314275581,2.92e-06,0.122299194,73.15436271,1028.440638,0.00920105,0.06496722739596943,8.836998780580233
277_img_.png,82.43264771,66.94005929,4480.971538,6.301745054,252,66.94005929,52.66268921,94.57159424,98.05697632,98.29699919,0.273389815,113.7692719,103.1503448,294.7925551,0.967124573,0.250754,0.369952747,0.062877568,9.154166667,10.38960191,9.59e-07,0.12121582,73.10621038,2539.960632,0.006256104,0.15605378691648655,9.291889234946298
2787.png,30.58460999,34.25940143,1173.706586,4.618825246,233,34.25940143,21.72021484,33.69036865,37.78530884,115.8854674,0.303882602,89.45571899,42.34307861,184.8955116,0.921282851,0.438419818,0.676605147,0.192211937,3.734727328,6.857772261,2.93e-06,0.046310425,36.16134461,1667.771415,0.003234863,0.2107585694816173,10.803894012497402
278_img_.png,44.375,59.56891315,3548.455414,4.433255392,255,59.56891315,33.53579712,48.04176331,53.92736816,104.3643961,0.328881855,71.09169006,62.02598572,482.6548713,0.9321311,0.539155167,0.626364166,0.290688294,8.518106618,6.976858114,4.44e-06,0.100097656,68.14465583,3759.975285,0.00617981,0.14406118672888213,9.38736439527294
279_img_.png,43.62632751,46.21540291,2135.863466,5.240606027,252,46.21540291,34.20875549,45.42219543,59.10536194,117.805198,0.327270208,82.60517883,63.43449402,362.3841299,0.915359112,0.371404137,0.484051251,0.137941033,8.05814951,8.586691725,2.1e-06,0.091644287,56.39038671,3166.288533,0.004638672,0.1710055987942729,8.9993774016866
27_img_.png,98.76397705,60.49061413,3659.114398,5.656959895,252,60.49061413,89.68911743,102.1698608,105.0207977,127.0226589,0.432882052,35.93484497,107.5067444,112.0320466,0.984691031,0.250860497,0.412868668,0.062930989,5.282873775,9.316345771,9.6e-07,0.097183228,52.38970403,1140.666943,0.004852295,0.14741789005971584,9.648618945324316
280_img_.png,105.6996307,62.93163771,3960.391025,5.326410334,229,62.93163771,99.28291321,108.2920227,109.1438446,122.1673343,0.456607801,36.81562805,115.2949219,31.99093137,0.995962416,0.251798053,0.450451467,0.063402259,3.145588235,8.531234379,9.67e-07,0.041427612,36.79439773,562.9707953,0.002838135,0.1838263264924521,10.68893213000814
281_img_.png,100.7462616,64.52835638,4163.908777,6.055308794,246,64.52835638,100.5028076,100.8648071,100.8012238,128.8355222,0.498362601,25.33972168,107.8842316,294.3223958,0.964652956,0.250275313,0.354681574,0.062637732,9.071966912,10.3107989,9.56e-07,0.129074097,67.8895275,2585.884781,0.00843811,0.11111476711200348,10.095231263186498
282_img_.png,99.99276733,92.84812689,8620.774667,5.227459872,255,92.84812689,82.76664734,107.1944275,108.0904541,125.7813176,0.38445174,48.66426086,117.1783447,313.2053156,0.981846633,0.421973735,0.507310976,0.178061833,8.23080576,8.518695723,2.72e-06,0.115310669,75.00859457,2579.487147,0.006835938,0.12322911487612576,9.037787041470411
284_img_.png,105.4705048,94.67415859,8963.196304,5.977598427,255,94.67415859,81.44168091,114.4109192,122.4694519,123.3984004,0.343809327,68.8684845,123.7223816,175.1316636,0.990226036,0.344040935,0.529433769,0.118364165,5.314996936,9.091874378,1.81e-06,0.079193115,69.23527037,1274.543613,0.006240845,0.16270009420585085,7.029190753544511
285_img_.png,65.45750427,47.51626431,2257.795374,5.958284744,250,47.51626431,39.88153076,75.0280304,83.27030945,96.74933332,0.251939034,112.9016113,86.11994934,197.0993873,0.956297478,0.250379495,0.355479884,0.062689892,7.428094363,10.01320087,9.56e-07,0.08454895,58.17791482,1581.479699,0.004837036,0.22140788729921523,12.799253446075014
287_img_.png,61.35635376,62.37003672,3890.02148,5.906760959,249,62.37003672,41.1884613,68.30331421,78.46273804,109.6924953,0.280640248,108.5755005,90.99661255,867.7289675,0.888459289,0.332454009,0.449067406,0.110525668,14.27075674,9.787619272,1.69e-06,0.159194946,96.29903828,7656.458632,0.00819397,0.1313464849392591,9.612126518737806
2882.png,52.33805847,57.66231089,3324.942098,5.182332319,233,57.66231089,47.05688477,54.79121399,53.55003357,124.5003836,0.434339514,38.00375366,57.21678162,438.2098346,0.934097204,0.437541502,0.488287696,0.191442566,10.59056373,8.648505809,2.92e-06,0.169723511,89.53763371,3568.732823,0.011657715,0.03352709253217408,8.129286102887207
288_img_.png,111.2745361,80.97035867,6556.198983,6.543528077,254,80.97035867,82.28077698,126.4510345,109.1632385,110.9774418,0.349218135,80.15185547,127.5225067,218.0961703,0.983375325,0.254084093,0.370726446,0.064558726,7.825765931,10.64758953,9.85e-07,0.126419067,81.28362955,1336.396718,0.010284424,0.14209198923975033,9.697229063908578
28_img_.png,91.06486511,71.93353523,5174.433491,6.639838215,250,71.93353523,64.34394836,103.3390656,97.93788147,110.3670929,0.319678678,104.2446594,112.1555328,961.6810509,0.907161375,0.250107581,0.327856448,0.062553802,15.77961091,11.27201729,9.54e-07,0.184921265,115.336409,7582.043386,0.011016846,0.09523860916320126,8.917615002020709
290_img_.png,52.44760132,69.13504679,4779.654695,5.027630239,255,69.13504679,46.02941895,55.75080872,52.26048279,122.8641827,0.426153769,55.41293335,60.35493469,255.1357537,0.973329997,0.476703505,0.594571591,0.227246232,6.737898284,7.804864326,3.47e-06,0.100265503,66.79015654,1628.609801,0.006637573,0.11028559273924365,9.28283414667029
292_img_.png,133.6789703,93.58132294,8757.464002,6.344478498,255,93.58132294,120.5014954,140.8603058,131.2526855,126.2887351,0.442836245,41.84507751,143.5720215,117.0749234,0.993312317,0.255210419,0.519859847,0.065132358,4.437576593,9.564211646,9.94e-07,0.058868408,51.55786514,1285.316765,0.003372192,0.3175993908202272,8.159034136471524
293_img_.png,109.9031525,85.6899325,7342.764531,6.526221429,255,85.6899325,81.0151825,125.7026215,104.2965546,111.2056358,0.352241186,77.5395813,128.0969086,323.3539216,0.977976605,0.254217177,0.380329224,0.064626373,8.813143382,10.58422202,9.86e-07,0.15020752,82.30233391,2094.662456,0.007263184,0.15757740321778635,9.32809865971069
294_img_.png,33.456604,46.98921187,2207.986032,5.053353169,255,46.98921187,31.68273926,33.86546326,36.16403198,125.1647627,0.452419929,56.18479919,39.76928711,571.1162224,0.87103787,0.39155685,0.6283342,0.153316767,9.740640319,7.717662413,2.34e-06,0.103393555,65.09939839,4200.304824,0.004943848,0.22353723698786446,12.341686216730443
295_img_.png,77.37361145,77.71617457,6039.803789,5.155206744,255,77.71617457,56.49928284,85.29066467,91.32592773,116.4689481,0.319897933,66.45199585,97.81645203,684.9895987,0.943320534,0.441745075,0.568491628,0.195138711,11.59946385,8.254924012,2.98e-06,0.128646851,93.03152087,5649.61552,0.007980347,0.10237908753425377,8.002263751658692
296_img_.png,77.13723755,49.3646133,2436.865046,5.682631717,239,49.3646133,55.35499573,87.69252014,79.93789673,99.33765435,0.330220474,74.71966553,87.85221863,142.5104473,0.970786479,0.250997956,0.408822328,0.062999974,5.853278186,9.387568671,9.61e-07,0.102218628,51.4469827,1090.154556,0.006378174,0.2395540439974234,10.502708494903885
2977.png,52.98457336,59.19378821,3503.904562,5.166197328,247,59.19378821,35.16926575,60.3157196,61.96131897,116.804827,0.287619541,75.07319641,66.49124146,638.81178,0.908799723,0.437625859,0.545710672,0.191516393,10.82602635,8.381688144,2.92e-06,0.134933472,78.49278651,6034.601745,0.007034302,0.05951974218639688,7.921074822529111
298_img_.png,67.516922,68.93761789,4752.39516,6.052136603,239,68.93761789,55.43882751,70.61288452,83.27339172,128.8543153,0.360258425,75.13771057,84.49429321,322.1618107,0.966137677,0.336082873,0.461425648,0.112951697,8.090579044,9.585505014,1.72e-06,0.091369629,56.37469369,3385.075452,0.004089355,0.22271596880486458,9.012808518953252
299_img_.png,129.412674,63.05672145,3976.15012,6.797821724,255,63.05672145,79.9871521,149.3816833,156.2306366,98.4237171,0.261727512,117.2404633,160.7471619,121.9174479,0.984577501,0.120965519,0.473700552,0.014632657,4.19698223,10.41496254,2.23e-07,0.058013916,51.74106972,1062.318097,0.004364014,0.37990465986664135,10.800857134711958
29_img_.png,70.48597717,65.50251347,4290.579271,5.474641325,255,65.50251347,70.0748291,69.77719116,75.27044678,117.0533361,0.483115962,38.01582336,82.22486877,774.4144608,0.909868175,0.390699769,0.450581702,0.152646309,13.29577206,9.215207099,2.33e-06,0.131607056,78.27724661,7727.085909,0.004379272,0.13510321079161772,8.700535072666577
2_img_.png,60.58283997,63.42762227,4023.063267,5.663954842,254,63.42762227,49.97659302,63.57595825,72.99253845,109.3727132,0.365945253,107.69487,92.9138031,1448.164124,0.819955595,0.379202153,0.488821216,0.143794273,18.71213235,9.413760633,2.19e-06,0.16078186,106.7058365,13260.70041,0.007156372,0.1569736021034586,9.16895211679288
3001.png,45.12322998,49.71541705,2471.622693,4.884389265,244,49.71541705,27.74978638,51.41288757,58.30555725,112.2549494,0.252918153,85.82385254,61.35484314,359.2130515,0.927247258,0.438615798,0.635759374,0.192383818,6.860876225,7.504550846,2.94e-06,0.09576416,59.42039981,3322.183622,0.006484985,0.15982929649665345,8.993130548755012
300_img_.png,77.81587219,73.6745879,5427.944902,5.869976352,252,73.6745879,64.48075867,86.48257446,68.17304993,112.8593406,0.416931223,73.11938477,88.90397644,171.2861673,0.984232214,0.34042578,0.544401341,0.115889712,5.75268076,8.987701814,1.77e-06,0.09815979,61.2121788,1180.479176,0.006713867,0.2411284294718242,8.613852946131068
3015.png,60.4151001,68.03087158,4628.199488,5.192910804,253,68.03087158,54.32832336,62.6295929,64.92895508,111.1911154,0.42590892,50.12208557,71.69477844,497.8828125,0.946177111,0.438031725,0.607197135,0.191871792,8.925857843,8.032176341,2.93e-06,0.119293213,78.92208413,4191.389031,0.008102417,0.1015819418222928,8.350906038636772
301_img_.png,66.68527222,72.61648761,5273.154273,4.588147394,253,72.61648761,43.24737549,76.68504333,76.6567688,104.1260154,0.282032506,69.17958069,82.23475647,115.5649969,0.989059439,0.488963762,0.674316519,0.23908556,3.97176777,6.82986955,3.65e-06,0.081451416,46.27858073,1428.375662,0.004135132,0.13943929426750265,7.69995573455085
302_img_.png,65.06280518,70.1706009,4923.913231,5.234925056,254,70.1706009,43.08732605,73.53747559,79.06890869,113.2431677,0.28234288,75.93812561,82.80197144,144.9021906,0.985312802,0.441567813,0.58748355,0.194982134,4.55513174,7.931549089,2.97e-06,0.077560425,52.06177558,1100.007381,0.005584717,0.183975769048995,8.479657590467992
303_img_.png,96.68218994,82.65909829,6832.52653,6.011027945,255,82.65909829,77.54701233,102.8721313,114.9811249,126.348517,0.35595985,59.62559509,115.6373596,279.9484222,0.979548546,0.336187534,0.498822109,0.113022058,7.188434436,9.41142477,1.72e-06,0.097000122,68.49784082,2027.710189,0.0052948,0.25113253676937547,8.002955897640971
304_img_.png,102.8817596,75.5432507,5706.782726,6.576363111,255,75.5432507,104.4027405,106.4065552,80.76208496,130.1886907,0.55780039,54.69035339,109.4962158,419.208364,0.963298958,0.254009552,0.323242833,0.064520853,11.90278799,11.10775627,9.84e-07,0.222427368,127.5702072,3266.008194,0.01411438,0.06239518354986226,8.484375337833841
305_img_.png,76.21594238,64.39807095,4147.111541,5.611641974,255,64.39807095,53.5201416,85.48736572,88.03479004,102.754844,0.308434052,89.55255127,95.89723206,315.4049632,0.961967329,0.337310129,0.5614725,0.113778123,7.638480392,8.767928658,1.74e-06,0.115646362,77.08430269,2959.798769,0.00718689,0.22659380276940244,9.658870528651658
306_img_.png,57.83325195,67.17035753,4511.85693,5.219020359,255,67.17035753,49.18183899,60.61238098,66.19897461,126.6094048,0.38783466,46.26353455,67.62309265,197.9498162,0.978103184,0.441675603,0.596237901,0.195077338,5.764031863,7.945230903,2.98e-06,0.095092773,52.05642034,1315.940806,0.005218506,0.14844243242946248,12.56392872738889
307_img_.png,89.47718811,86.37462883,7460.576506,5.127188453,253,86.37462883,79.10856628,95.60984802,85.06253052,128.4284862,0.43785645,31.03713989,95.9233551,134.8523591,0.990966999,0.441520944,0.562574309,0.194940744,5.190747549,8.036772918,2.97e-06,0.101898193,58.94521248,1277.219081,0.00730896,0.09569694343614055,8.433008996507992
30_img_.png,78.63465881,70.42004293,4958.982447,5.786581836,255,70.42004293,44.1815033,92.72297668,96.45689392,98.43735952,0.233542306,109.203064,101.9677124,994.1689491,0.899764096,0.340092316,0.431055659,0.115662783,15.33867953,9.752523258,1.76e-06,0.162780762,110.5771867,9066.844691,0.008544922,0.1081312901383608,7.87951003360908
31.png,58.42346191,66.43443337,4413.533937,5.29828087,252,66.43443337,50.41183472,62.02087402,60.93444824,117.1958488,0.410001241,61.80699158,70.6816864,596.1568781,0.932460601,0.437587976,0.521470064,0.191483237,11.3006587,8.608231686,2.92e-06,0.15385437,88.88224911,4852.314664,0.009063721,0.06818752769346677,8.35264511606989
311_img_.png,120.635376,93.00856692,8650.59352,5.795843603,255,93.00856692,110.113327,127.4985352,112.885498,125.2880662,0.45807255,28.95739746,127.6736908,243.7595435,0.985912861,0.336066154,0.417550848,0.11294046,8.337208946,9.582289351,1.72e-06,0.176055908,89.11507399,2482.153952,0.009750366,0.08668897621931144,8.776178139483148
312_img_.png,67.17584229,81.1764377,6589.614038,4.933494308,255,81.1764377,56.4022522,70.36250305,79.02915955,117.1219956,0.377546184,51.65367126,83.50810242,303.2141085,0.976991031,0.50007653,0.593988875,0.250076536,6.82265625,7.642268212,3.82e-06,0.095443726,71.26370149,3305.485174,0.005645752,0.07249238213675113,5.503956111991113
313_img_.png,69.22651672,73.21947172,5361.091039,5.286290083,255,73.21947172,49.84971619,76.03034973,85.01725769,122.3363557,0.309534038,65.5567627,85.58944702,423.6212776,0.96048878,0.441477764,0.542168425,0.194902616,9.136596201,8.490993635,2.97e-06,0.11895752,75.58040448,2293.481764,0.007598877,0.14332024856646472,9.18032066368368
314_img_.png,83.89936829,76.65197989,5875.526021,5.538106109,255,76.65197989,63.81106567,92.45483398,92.5032959,120.7221821,0.345002762,62.704422,99.41760254,153.4793505,0.986954193,0.39100404,0.58928385,0.152884159,5.267095588,8.46184271,2.33e-06,0.096710205,65.81014225,1669.957819,0.006973267,0.18232246086399648,7.634011600917679
315_img_.png,77.3714447,70.49825408,4970.003829,6.405953565,255,70.49825408,54.49249268,86.62481689,89.71583557,116.2568644,0.309018323,84.3890686,93.45045471,687.5069393,0.930928404,0.289139563,0.349475971,0.083601687,14.18852635,10.83331311,1.28e-06,0.203811646,118.0790058,4648.718857,0.013168335,0.09269464704422807,9.988899383301552
316_img_.png,91.47653198,76.03395165,5781.161803,5.954008409,255,76.03395165,66.599823,100.3491821,111.0294647,118.5014337,0.315073561,78.18185425,114.5618134,578.0462623,0.950002651,0.336101379,0.455517107,0.112964137,11.80762868,9.839563392,1.72e-06,0.148513794,96.16895222,3771.675857,0.010025024,0.1465502164728297,8.239563437876239
317_img_.png,77.80827332,67.36461642,4537.991546,5.801114737,255,67.36461642,50.74755859,87.66065979,97.99501038,102.9479547,0.273342358,99.36784363,103.4929962,362.0293505,0.960118019,0.333100842,0.546989023,0.110956171,8.004748775,9.045812115,1.69e-06,0.11038208,80.53702363,2260.631178,0.007064819,0.22388912952390116,8.981519273137492
318_img_.png,76.6920166,77.51063333,6007.89828,5.930820008,254,77.51063333,68.8057251,80.03358459,80.17788696,109.2007654,0.429468155,75.79533386,93.0894928,241.8001225,0.979861031,0.337108494,0.551886097,0.113642136,6.829105392,9.037284121,1.73e-06,0.112457275,71.9962,2194.970887,0.005996704,0.18908094956228497,8.265314611000658
3196.png,45.94044495,49.90458831,2490.467935,5.00674641,248,49.90458831,33.9208374,52.12353516,45.60510254,107.3899881,0.347092093,74.76905823,55.0664978,500.6605852,0.899586328,0.437638774,0.528782237,0.191527697,9.858195466,8.277121197,2.92e-06,0.154708862,81.13595685,3308.867186,0.010604858,0.062480760489178826,11.715168707821391
319_img_.png,89.71669006,66.3990969,4408.840069,6.462806863,255,66.3990969,57.48023987,103.0691528,105.5264282,104.0523824,0.275558282,108.8461609,116.8641205,303.1497396,0.965620269,0.254396344,0.444192653,0.0647175,8.774770221,10.43340428,9.87e-07,0.144104004,80.30622157,2090.294152,0.008026123,0.2559832184868747,10.117948834029182
3202.png,42.71430969,47.97946586,2302.029145,4.818114458,242,47.97946586,29.23918152,48.47775269,48.33518982,101.1504722,0.30201728,89.94224548,55.13935852,219.5897212,0.952232085,0.438732461,0.632501554,0.192486172,5.562362132,7.398621675,2.94e-06,0.09387207,57.65368063,912.2358875,0.008911133,0.1603267909771404,10.992855723007942
320_img_.png,77.59225464,72.34245812,5233.431247,6.058142669,255,72.34245812,65.13525391,81.49412537,90.15420532,122.2736559,0.379469195,75.15101624,99.28933716,884.1959865,0.915574014,0.336207776,0.482859458,0.113035669,14.28363971,9.860693183,1.72e-06,0.15461731,120.9827916,4938.097333,0.011932373,0.19101366162575917,10.089979099878153
322_img_.png,84.33346558,87.17580081,7599.620246,5.076466262,255,87.17580081,56.78713989,97.05758667,91.03944397,119.9103794,0.301903436,64.47927856,99.11338806,507.1603401,0.966543461,0.442207143,0.550971956,0.195547158,10.37676164,8.148301406,2.98e-06,0.142852783,84.91513317,4164.860795,0.006713867,0.12928297799219937,7.090738259023027
323_img_.png,86.4425354,54.58268018,2979.268976,6.959566115,255,54.58268018,64.08822632,89.2691803,130.5437469,105.8218122,0.29155804,124.1819,131.9459686,447.2186581,0.924997713,0.134915773,0.367866732,0.018202266,10.90753676,11.51045165,2.78e-07,0.157409668,105.8491193,2928.473246,0.011932373,0.21109236668182607,11.069185280509108
324_img_.png,59.48136902,67.53281416,4560.680988,5.243143651,255,67.53281416,46.29898071,63.91610718,71.24171448,114.6994697,0.342554949,76.90054321,78.9513855,467.7490962,0.948839441,0.441491581,0.533848783,0.194914816,9.649280025,8.469222948,2.97e-06,0.122238159,74.75321629,3687.012452,0.006790161,0.12009543660678972,9.141612838476423
325_img_.png,73.24008179,84.94751282,7216.079934,4.807697873,255,84.94751282,50.63900757,81.21670532,91.44522095,122.9931311,0.293284157,60.64356995,92.9311676,445.0232537,0.969145363,0.500138895,0.628022245,0.250138914,8.003063725,7.414160342,3.82e-06,0.096481323,65.98015939,4272.00447,0.004684448,0.13646253861279115,6.799280617936471
326_img_.png,103.0886688,79.31833643,6291.398495,6.235932092,255,79.31833643,70.32673645,115.5490265,124.8606567,116.1005095,0.292528718,97.70350647,134.035202,416.870818,0.966898234,0.285895893,0.454011115,0.081736462,9.362668505,10.00833111,1.25e-06,0.125,82.48866896,3143.122257,0.008163452,0.19316480779499132,8.197782289990522
327_img_.png,78.06425476,72.1698572,5208.488288,6.015942912,255,72.1698572,59.71127319,83.33866882,99.06785583,121.5110446,0.327352727,70.76779175,100.3843689,162.0772825,0.984467024,0.336154341,0.509722484,0.112999741,5.530713848,9.294803979,1.72e-06,0.085250854,55.47921662,1475.577036,0.005493164,0.21661612458815957,8.647755767731613
328_img_.png,86.77642822,55.1398181,3040.39954,5.833800255,243,55.1398181,68.72981262,95.56834412,88.84381104,105.90994,0.372696759,57.26013184,95.66366577,126.5288756,0.979213162,0.250760303,0.405799557,0.062880729,5.723636642,9.568447747,9.59e-07,0.101821899,52.771825,830.1113802,0.00743103,0.25339245726314163,12.57899837539413
32_img_.png,59.80760193,58.75680685,3452.362351,5.596671075,243,58.75680685,37.67524719,67.605896,77.71333313,101.2098052,0.259258513,112.2450562,88.54959106,845.3206342,0.877763737,0.37509175,0.457155869,0.140693821,13.91279105,9.41214198,2.15e-06,0.144775391,86.10716118,7531.888931,0.007095337,0.09098988309419768,9.200230929071772
330_img_.png,54.94891357,54.43697597,2963.384353,4.612058712,254,54.43697597,40.08277893,59.91348267,68.40791321,114.2830277,0.312362398,63.10365295,69.68222046,52.16890319,0.99120932,0.443209961,0.744181321,0.196435069,1.836458333,6.397572573,3e-06,0.021011353,22.30201752,574.2414396,0.00112915,0.337659055463871,12.423607640135844
332_img_.png,51.55955505,57.72300367,3331.945153,5.879911108,255,57.72300367,49.55010986,52.90127563,49.90884399,120.1343289,0.481957516,79.58760071,62.69294739,292.6585631,0.956164393,0.337057275,0.596798137,0.113607607,6.82455576,8.700719851,1.73e-06,0.084579468,53.4272811,1617.079428,0.005615234,0.32511529048145604,12.228289199467712
3330.png,45.06492615,48.32038083,2334.859203,4.980194085,233,48.32038083,29.40101624,48.33499146,69.33792114,108.2288857,0.249853731,99.78570557,75.7124939,128.5523744,0.972484278,0.437726699,0.605049198,0.191604663,4.421063113,7.664501157,2.92e-06,0.082260132,47.09273423,934.9005978,0.006408691,0.14798089726288557,8.697172117328492
334_img_.png,101.8038483,87.94898856,7735.024589,6.031438254,255,87.94898856,73.53088379,112.4827271,120.9972839,128.5687075,0.314934386,72.72615051,122.4138184,404.5177849,0.973844939,0.336251332,0.482456982,0.113064959,9.437515319,9.627171551,1.73e-06,0.146621704,105.2968008,3458.087478,0.009216309,0.13763437569988315,7.989038539918934
336_img_.png,82.68547058,89.36631172,7986.337671,5.345962148,255,89.36631172,73.15885925,86.00120544,90.58352661,124.8570542,0.414298894,43.56465149,96.24824524,386.7023591,0.975806993,0.441590914,0.592605142,0.195002535,7.651164216,8.187055012,2.98e-06,0.094390869,66.03155225,3420.541847,0.005249023,0.18573728926610755,6.684944720236372
337_img_.png,63.29612732,69.62637564,4847.832185,5.963612484,255,69.62637564,49.88623047,68.56443787,71.33428955,119.4752723,0.356588165,80.67524719,78.28840637,257.0529565,0.973496502,0.340164801,0.513744267,0.115712092,7.012117034,9.252268326,1.77e-06,0.100250244,66.35872175,1676.566106,0.00630188,0.18463401680316205,9.699198102063416
338_img_.png,60.82449341,63.53824351,4037.108388,6.169233935,255,63.53824351,57.10903931,64.53712463,51.39479065,110.2919448,0.492608435,84.0149231,72.18545532,221.9123621,0.972543371,0.309256948,0.507995976,0.09563986,6.574678309,9.509206624,1.46e-06,0.098083496,65.13554649,1757.722601,0.005966187,0.25633836803897697,11.46918934647141
340_img_.png,68.76245117,69.52868827,4834.238492,5.130247471,252,69.52868827,53.89395142,73.07138062,85.6002655,113.3531888,0.339657102,68.18344116,91.33581543,211.3928768,0.978145849,0.441622392,0.591106815,0.195030337,5.986780025,7.978688328,2.98e-06,0.092895508,55.63902758,1665.217682,0.005874634,0.1863545267929901,8.60763488433731
341_img_.png,71.55603027,68.13936406,4642.972935,6.052044379,254,68.13936406,53.51026917,78.56504822,82.81895447,116.4259566,0.331571087,82.66056824,90.26405334,202.7719363,0.978197715,0.336157202,0.521736642,0.113001665,5.795373775,9.271776137,1.72e-06,0.085479736,63.19368071,1957.899341,0.00541687,0.3252570008668752,9.057874997015237
342_img_.png,106.7444,75.41032606,5686.717277,6.025433112,255,75.41032606,72.37773132,120.3894653,126.6331635,113.7191914,0.293000409,80.97026062,126.8059235,210.6624234,0.981499881,0.2892573,0.38669282,0.083669785,8.346277574,10.07676227,1.28e-06,0.193466187,92.99764275,1599.83441,0.014251709,0.0812333734932636,10.875321658632721
343_img_.png,95.68959045,75.52118717,5703.449712,6.117549778,255,75.52118717,76.39242554,101.3592224,117.1083832,124.2669718,0.349673927,67.64744568,117.121048,249.8380055,0.978111898,0.308918976,0.468804768,0.095430934,7.802190564,9.820630577,1.46e-06,0.13822937,83.06910037,2006.410015,0.008651733,0.1612990065962143,8.28483710553649
345_img_.png,56.11196899,49.66232877,2466.346899,5.100670719,252,49.66232877,18.97351074,67.79238892,93.36578369,97.58246317,0.117732228,132.5511322,95.01425171,514.3222273,0.895824829,0.375433172,0.512646425,0.140950067,9.330928309,8.429220538,2.15e-06,0.083236694,56.02424642,5448.463367,0.003219604,0.2816014722760244,9.883729857140843
346_img_.png,86.8223877,78.91993912,6228.35679,6.110265588,255,78.91993912,82.32200623,88.73582458,88.76139832,119.2203516,0.463793207,45.01991272,98.09616089,530.9835325,0.957397606,0.336090868,0.431056402,0.112957072,12.66030944,10.1164638,1.72e-06,0.183746338,107.8907582,4288.864492,0.009460449,0.08556911232633972,8.551982617373346
347_img_.png,92.58094788,82.50586606,6807.217935,5.823219797,255,82.50586606,78.94677734,98.57418823,97.48083496,129.5768729,0.402676637,44.25424194,102.1894836,336.3731618,0.975331578,0.367266605,0.468457998,0.134884759,9.182046569,9.468688807,2.06e-06,0.137985229,78.19834343,2409.471178,0.007873535,0.16537710726607696,7.834403825582354
348_img_.png,103.7263641,75.67273298,5726.362517,5.857998623,253,75.67273298,65.39974976,121.354126,113.4528198,113.7793041,0.278525618,88.32725525,123.6431885,250.1555453,0.978163153,0.309555744,0.558942846,0.095824758,6.878002451,9.157583727,1.46e-06,0.119506836,73.31910136,2178.119706,0.008270264,0.25762344700439405,8.049566772875673
35.png,62.24504089,68.79384676,4732.593352,5.333558461,254,68.79384676,53.98660278,66.2485199,63.30766296,117.8776666,0.416704179,60.98890686,74.1762085,1057.794332,0.888338378,0.437541324,0.491037149,0.19144241,16.34607843,8.929092587,2.92e-06,0.171737671,100.9370166,9929.533422,0.007781982,0.07003715715241406,8.131210814188577
350_img_.png,71.29090881,76.56385311,5862.023603,5.172287429,255,76.56385311,54.37547302,78.34606934,79.33369446,120.6368967,0.344847504,51.9697876,82.39855957,323.1556373,0.972435792,0.457175257,0.574536767,0.209009215,7.744883578,8.128095229,3.19e-06,0.111785889,66.5574343,2583.995357,0.005340576,0.14998065038094577,8.54976910062632
351_img_.png,82.78594971,65.74169513,4321.970479,6.519984623,255,65.74169513,71.80186462,86.6530304,91.71298218,119.521868,0.402553511,74.59014893,100.5353851,597.1072917,0.930973339,0.254043279,0.337358128,0.064537988,13.66393995,11.0788634,9.85e-07,0.213546753,115.4448365,4188.042598,0.01499939,0.10195813440830892,10.885942210493965
353_img_.png,95.35118103,72.16545027,5207.852212,6.185401445,255,72.16545027,78.91725159,102.2161255,103.0954437,121.7415767,0.384378006,62.91526794,110.1110077,411.8310662,0.960481611,0.293056227,0.352588652,0.085881952,12.01449142,10.55912694,1.31e-06,0.2162323,116.2641051,2345.895384,0.015792847,0.05663776401060252,8.765431457551076
355_img_.png,53.56155396,65.41928668,4279.68307,4.820206217,255,65.41928668,42.61988831,57.41937256,62.42703247,119.9113868,0.355620916,55.579422,64.39823914,89.52921262,0.98955006,0.500165058,0.682290476,0.250165085,3.023023897,6.912273679,3.82e-06,0.040222168,31.55632146,565.66965,0.002319336,0.2597905538890288,8.984004947119141
356_img_.png,111.3175201,78.64814238,6185.5303,6.302161736,255,78.64814238,66.8490448,128.6755371,138.5716705,121.060915,0.250139357,111.4701538,145.841568,328.4800858,0.973456592,0.255844071,0.532836523,0.065456189,7.594883578,9.728953478,9.99e-07,0.104400635,76.95310612,2799.348076,0.006530762,0.33203469271478386,8.794555800262755
359_img_.png,71.08111572,69.6459435,4850.557446,5.75200468,255,69.6459435,47.40354919,76.82241821,103.6241302,117.4133131,0.262701335,93.96759033,105.1956329,378.3470895,0.961031462,0.33928789,0.526591715,0.115116273,8.100091912,9.002306236,1.76e-06,0.092514038,73.54081085,2652.951476,0.00642395,0.21170247315084992,9.813807886835892
360_img_.png,87.48960876,63.25056704,4000.63423,6.259003541,255,63.25056704,56.51512146,97.16873169,118.9203796,113.1160229,0.261536183,99.7469635,119.131485,139.6411152,0.982515065,0.255451839,0.569612148,0.065255642,4.677144608,9.391884465,9.95e-07,0.067886353,49.34390675,910.335845,0.005020142,0.31038174147793524,10.054066237959354
361_img_.png,55.60403442,57.86472339,3348.326213,5.505860539,254,57.86472339,37.25167847,63.88209534,61.10180664,109.4171074,0.298051812,77.42262268,69.24282837,98.2122549,0.985361049,0.390856653,0.570169476,0.152768923,4.15067402,8.351810578,2.33e-06,0.060394287,40.69968681,645.5133359,0.003952026,0.28131058339631143,10.93258619362028
362_img_.png,65.6721344,58.24377855,3392.33774,5.777436974,247,58.24377855,46.56877136,69.42504883,96.41403198,116.1458829,0.280806979,95.40411377,98.30567932,223.6564185,0.9670347,0.336946025,0.569879413,0.113532624,6.19955576,8.82450491,1.73e-06,0.110031128,65.57293505,1944.893904,0.005905151,0.2348747690985832,8.726320378511836
363_img_.png,71.83470154,38.23727391,1462.089116,7.000231042,252,38.23727391,47.36712646,76.65045166,111.243515,72.07223403,0.252094984,160.5548859,114.355835,254.9479779,0.912929506,0.051662532,0.506171343,0.002669017,6.902818627,10.89434737,4.05e-08,0.106124878,65.03381383,1337.556599,0.007858276,0.6600838524750895,19.10369780726656
364_img_.png,55.34962463,62.42678647,3897.103669,4.933113296,255,62.42678647,38.55145264,58.28160095,84.33335876,117.2396523,0.270318434,90.84375,88.7852478,71.44944853,0.99085389,0.442410221,0.75010074,0.195726803,2.291268382,6.750586339,2.99e-06,0.034683228,28.3821995,515.2305293,0.002151489,0.3220344062856031,10.737661765194694
3650.png,58.33129883,59.86516614,3583.838117,5.120192906,254,59.86516614,59.58120728,58.47471619,54.34867859,102.5472721,0.528092665,42.23519897,66.60647583,189.165288,0.9735693,0.437615551,0.560561707,0.191507371,5.904473039,8.102429979,2.92e-06,0.124771118,63.34705195,1710.476624,0.008834839,0.08779903190449602,8.253123370482145
365_img_.png,56.36500549,55.44425924,3074.065883,5.540089364,254,55.44425924,32.1776886,65.1053772,74.82415771,107.0880521,0.229956375,99.36425781,78.42747498,1271.03148,0.793405667,0.375154879,0.460596525,0.140741183,18.03252145,9.438593062,2.15e-06,0.169036865,93.75154992,12926.86632,0.00453186,0.09097576966927945,8.624304700014436
366_img_.png,75.38252258,73.8507083,5453.927117,6.424663974,254,73.8507083,65.10458374,80.39254761,76.54425049,119.3147166,0.414845878,73.24786377,87.94987488,456.3792892,0.958221784,0.293105216,0.400334662,0.085910668,11.184375,10.53936545,1.31e-06,0.164093018,97.52287625,2831.190301,0.011535645,0.15610239385174968,10.00758000535109
367_img_.png,109.8046265,85.70478189,7345.309638,6.574945997,255,85.70478189,72.2711792,126.5206146,122.1657867,119.7709589,0.290611705,90.65234375,129.3114166,463.9292433,0.968428629,0.254511675,0.408400776,0.064776193,11.35458027,10.69467679,9.88e-07,0.176422119,96.36538539,3952.827247,0.009658813,0.16264180007854145,8.331217062326711
369_img_.png,48.37741089,52.14750337,2719.362108,4.985965967,250,52.14750337,38.75526428,51.47549438,57.72819519,101.516596,0.354889697,72.59030151,66.06828308,377.652114,0.930700412,0.437779435,0.609154778,0.191650834,6.647855392,7.692156858,2.92e-06,0.083221436,52.67328702,3127.569008,0.005386353,0.15587400385785935,9.220872887261232
370_img_.png,46.28408813,51.8980363,2693.406171,5.026819915,252,51.8980363,41.07951355,48.30831909,49.51274109,125.6703181,0.419945495,26.53201294,50.18635559,456.7355852,0.915374176,0.437608648,0.512444326,0.191501329,9.972686887,8.307551603,2.92e-06,0.13861084,68.56060278,3896.38591,0.007324219,0.08874695912633372,12.965998655190687
371_img_.png,42.52857971,42.54873564,1810.394905,4.613991299,226,42.54873564,33.78883362,44.54055786,55.08885193,119.843034,0.339145175,52.37217712,55.21112061,63.12395833,0.982574467,0.438266677,0.654847201,0.19207768,2.652359069,6.907504965,2.93e-06,0.039016724,25.75443577,458.2171475,0.002304077,0.24691440347096708,12.691686218123042
3728.png,62.53042603,61.30604565,3758.431234,4.958656378,253,61.30604565,59.24391174,64.32879639,61.90655518,111.5404404,0.46931316,34.57872009,69.65577698,248.0170956,0.967028103,0.437899673,0.584587319,0.191756124,5.942677696,7.779597199,2.93e-06,0.106216431,60.3525845,2161.027151,0.007492065,0.07849034297381437,8.938903412272051
372_img_.png,65.63334656,58.83797471,3461.907268,4.200061083,224,58.83797471,55.65518188,68.94194031,74.75660706,115.823564,0.387305111,41.71611023,78.16143799,73.30208333,0.989414038,0.439199948,0.672477583,0.192896594,2.918903186,6.482749427,2.94e-06,0.032058716,29.38411076,841.6669005,0.001037598,0.24102188133522118,9.91586835621898
373_img_.png,41.84010315,41.11731765,1690.633811,4.021446654,244,41.11731765,22.49584961,47.59909058,63.16291809,108.9790808,0.203100773,95.22091675,63.86946106,323.5238511,0.904417605,0.445066836,0.729223899,0.198084489,5.280897672,6.019205634,3.02e-06,0.059112549,35.89491611,2942.017028,0.002655029,0.26227427282176635,12.243265812715059
374_img_.png,42.14311218,38.57995838,1488.413189,4.059415425,241,38.57995838,21.73925781,47.9679718,65.64407349,108.8188455,0.191346417,93.72375488,65.84268188,75.79606311,0.974559359,0.440496865,0.717253519,0.194037488,2.45770527,6.097929347,2.96e-06,0.027130127,22.43869661,667.0028532,0.000595093,0.3016893200528679,10.572837151583816
375_img_.png,56.53559875,60.99445342,3720.323348,5.063240462,253,60.99445342,53.49432373,56.78535461,63.22564697,117.6736982,0.445745165,50.20973206,71.16184998,350.8098805,0.952848333,0.438295861,0.643035044,0.192103261,6.755039828,7.644667484,2.93e-06,0.08946228,61.2855447,2691.133521,0.005325317,0.13814314304411915,9.463856786160965
376_img_.png,61.81082153,61.41512497,3771.817575,4.95983368,253,61.41512497,56.98606873,63.51914978,65.74214172,115.1706385,0.440859503,46.43467712,73.98750305,440.962117,0.941588046,0.437865551,0.581004167,0.19172624,8.622472426,7.939751142,2.93e-06,0.12071228,69.35527426,4254.438191,0.006454468,0.09792422908850597,8.947489640485717
377_img_.png,60.44377136,55.92581287,3127.696545,4.523003432,253,55.92581287,50.59161377,63.13114929,72.41893005,121.1513476,0.373231901,43.68434143,73.08297729,199.9006434,0.968052451,0.438016098,0.582070311,0.191858102,5.888204657,7.389325329,2.93e-06,0.077529907,43.56061405,2001.571487,0.002929688,0.15272293846552312,10.242606397597132
378_img_.png,63.9375,69.49281175,4829.250885,5.226971779,253,69.49281175,63.52029419,64.08932495,64.22319031,119.977313,0.495043637,25.9899292,69.68215942,837.0998621,0.913351859,0.437549438,0.491464165,0.191449511,14.13690257,8.765665862,2.92e-06,0.17414856,103.2148593,8077.108936,0.009094238,0.03277507858486755,7.377682386950371
379_img_.png,63.40722656,61.41556515,3771.871642,4.815197672,250,61.41556515,60.06867981,63.34832764,72.53649902,117.894948,0.44205583,34.90180969,76.1000824,189.4797028,0.974876419,0.43858491,0.629802241,0.192356723,5.495695466,7.429640064,2.93e-06,0.100067139,55.46805263,2156.402493,0.00617981,0.15094096470957238,9.331687825418422
37_img_.png,84.34503174,67.35605562,4536.838228,6.570552621,254,67.35605562,76.51358032,90.15109253,74.98490906,121.3313069,0.463336762,51.99407959,90.65068054,1129.895389,0.875493008,0.250072068,0.291116586,0.062536039,20.6970435,11.56424285,9.54e-07,0.251525879,149.0657889,8194.265632,0.015411377,0.0631999872857375,9.579795875074957
380_img_.png,99.62307739,60.24987733,3630.047718,5.514683296,220,60.24987733,54.58010864,122.2948456,101.1384888,92.8735213,0.244279166,108.303009,122.2948456,22.57323836,0.996891134,0.25147448,0.5044824,0.063239414,2.561657475,8.562964125,9.65e-07,0.022247314,28.77594082,521.1766075,0.000747681,0.3487762604631259,11.886028181848394
381_img_.png,87.71763611,63.68029491,4055.17996,6.1957211,251,63.68029491,36.73986816,106.8334808,123.103302,92.68756045,0.159782475,142.8220673,125.7711029,932.611489,0.88504892,0.2559129,0.422334015,0.065491412,15.53728554,10.38318928,9.99e-07,0.177108765,103.4824584,8434.753356,0.010238647,0.18743283395342203,9.553841277342919
382_img_.png,122.2111359,59.93586909,3592.308403,6.302410381,247,59.93586909,77.71611023,140.4498596,145.1701813,98.34600322,0.272096139,102.7159729,145.2422943,105.5596661,0.985314934,0.16551213,0.37539293,0.027394265,5.662791054,10.39932117,4.18e-07,0.105072021,58.2872224,1186.618436,0.006317139,0.2494636860343495,11.041174253761032
383_img_.png,85.7091217,54.1281681,2929.858581,5.774744185,245,54.1281681,74.14909363,94.75141907,69.50028992,113.8368953,0.451435751,65.48442078,94.85218811,106.2357996,0.981872517,0.250815047,0.435280506,0.062908188,5.346155025,9.480110047,9.6e-07,0.08984375,51.72160637,1107.421927,0.00604248,0.13622675599748502,9.06999296249593
384_img_.png,83.70832825,67.72096556,4586.129176,5.50302037,250,67.72096556,46.46951294,97.33818054,111.1531525,98.22857261,0.222884627,106.8584442,112.5227509,251.5646293,0.972601106,0.336849736,0.533229491,0.113467744,6.575750613,8.692146884,1.73e-06,0.106277466,63.7434354,2560.312667,0.006454468,0.1895136809149873,8.547335359014287
385_img_.png,39.61039734,43.23586175,1869.339741,4.498134621,250,43.23586175,31.74987793,42.90034485,43.18304443,114.3760712,0.368826997,62.50453186,47.10842896,427.2893382,0.885672215,0.439220026,0.636621221,0.192914231,7.19096201,7.003462125,2.94e-06,0.065811157,45.17145895,3755.606723,0.002044678,0.17805640934588618,8.236390069485772
386_img_.png,70.87498474,72.8053398,5300.617504,5.270955837,253,72.8053398,62.73718262,75.31112671,69.38540649,121.1717101,0.433577649,37.37310791,77.4128418,891.0067555,0.915892378,0.437524353,0.469034656,0.191427559,15.69275429,8.980484804,2.92e-06,0.190719604,105.3773765,8286.805891,0.009124756,0.03379893922792956,7.65047684472227
387_img_.png,38.82504272,38.64653762,1493.55487,4.568794338,203,38.64653762,34.44242859,40.55041504,41.55369568,121.0904107,0.419497006,36.94314575,43.87721252,350.7407322,0.88266113,0.43894675,0.593203537,0.192674249,7.959114583,7.440545489,2.94e-06,0.092071533,45.26662675,3469.902972,0.001937866,0.06989206674574049,8.307446289267778
389_img_.png,49.99647522,54.7666144,2999.382052,4.941690303,245,54.7666144,32.75831604,55.91775513,64.84017944,116.3977918,0.271272576,75.31530762,64.88925171,645.3662837,0.892266025,0.437610257,0.510076363,0.191502737,11.11227022,8.235958569,2.92e-06,0.151535034,80.12942341,4835.488753,0.008209229,0.05012433931694432,8.27881235970205
391_img_.png,78.03886414,54.34082726,2952.925507,6.051858269,245,54.34082726,29.85574341,95.01956177,116.9564362,81.85694996,0.140844924,157.9933929,122.0366211,318.5284314,0.946116262,0.250407942,0.375558257,0.062704138,8.708639706,10.14876131,9.57e-07,0.098999023,61.91581634,2913.526932,0.005279541,0.19126899401256015,11.082754981566353
3925.png,75.5668335,75.41308454,5687.13332,5.082692036,236,75.41308454,72.50311279,77.28530884,74.76060486,134.9629445,0.476850124,15.66983032,77.9052124,92.71871936,0.991847338,0.437716523,0.597595471,0.191595754,3.432414216,7.616274779,2.92e-06,0.058853149,51.41312552,753.9874594,0.004104614,0.11498781486219156,6.899219633318866
392_img_.png,48.71688843,49.41913004,2442.250414,5.746157425,237,49.41913004,25.19348145,57.41687012,65.62490845,109.0848304,0.204755505,103.7537689,68.68721008,464.9935968,0.904816581,0.332198522,0.446479718,0.110355858,10.03936887,9.545492995,1.68e-06,0.114471436,70.60652504,4689.82738,0.005554199,0.13016953621906482,8.555605243283045
393_img_.png,92.3301239,66.14737348,4375.475018,6.373118255,252,66.14737348,50.25419617,108.4427643,119.729187,97.96362787,0.220247037,122.9973297,123.5344086,376.1509498,0.957045909,0.250224882,0.356813482,0.062612492,10.08014706,10.64328109,9.55e-07,0.158950806,98.27032287,2655.141074,0.012619019,0.12553089449778157,10.699891774415365
3947.png,65.51512146,68.66915002,4715.452164,5.13874642,238,68.66915002,58.71064758,68.94224548,65.77787781,117.7816765,0.435797163,41.59649658,71.89886475,114.8446998,0.987836989,0.437847644,0.657869292,0.191710559,3.140992647,7.440759686,2.93e-06,0.057373047,42.98634513,823.4528402,0.003463745,0.17760495705270005,8.105074246267002
394_img_.png,84.05773926,56.77180869,3223.038262,6.102978343,255,56.77180869,57.96902466,95.00840759,96.06016541,104.5713735,0.303393822,82.74182129,99.2540741,321.6176011,0.950151969,0.250244778,0.316155413,0.062622449,10.47789522,10.5090544,9.55e-07,0.089096069,67.08105279,3297.677459,0.004806519,0.17083293445310518,11.026386259497263
395_img_.png,74.65003967,55.368856,3065.710215,6.414011651,250,55.368856,61.52105713,79.36915588,84.74357605,109.2774787,0.374870715,87.28102112,95.73503113,534.4839461,0.9125458,0.224524614,0.397470375,0.050411302,11.46439951,10.69480425,7.69e-07,0.137893677,71.90020675,3566.385191,0.006561279,0.23922322825395095,11.031480324795888
39_img_.png,63.3699646,63.86896116,4079.244199,5.705731206,255,63.86896116,46.33450317,69.25054932,77.78573608,112.0691577,0.315122917,93.86141968,88.98880005,1504.777727,0.815531703,0.375125464,0.456248634,0.140719114,19.35174632,9.643612857,2.15e-06,0.174484253,109.2845952,14069.22811,0.00718689,0.09865300994611777,7.90664144244693
3_img_.png,70.43844604,64.74081152,4191.372676,5.597768272,255,64.74081152,65.20042419,70.32200623,84.78640747,120.1434535,0.420353884,53.63130188,91.12413025,929.3910539,0.889220841,0.375100552,0.449621759,0.140700424,14.32218137,9.391032933,2.15e-06,0.136276245,80.80057196,9308.095327,0.004562378,0.14196903514664416,8.655681989204371
4.png,58.72158813,63.80171578,4070.658937,5.230977802,253,63.80171578,51.22325134,60.84724426,67.45892334,114.9194024,0.399226727,59.53929138,74.65104675,369.120481,0.954676492,0.437761475,0.639483613,0.191635109,6.849708946,7.85021288,2.92e-06,0.0859375,55.39573417,3517.894505,0.004333496,0.2525743389354819,8.256651145047464
400_img_.png,34.24075317,43.97235303,1933.567831,5.365838881,255,43.97235303,22.5725708,38.91607666,40.81736755,114.3063412,0.283100411,99.73939514,43.36459351,405.7444853,0.895245028,0.329091934,0.459079493,0.108301501,8.707781863,8.861755208,1.65e-06,0.10508728,61.72652025,3297.051034,0.004699707,0.1881124312993999,13.641938684716958
401_img_.png,39.37014771,37.22106444,1385.407638,4.941321073,248,37.22106444,23.19558716,45.75804138,48.85102844,107.818273,0.245172976,90.35140991,51.00035095,244.9801471,0.911727683,0.383877581,0.604531829,0.147361997,5.866115196,7.790878389,2.25e-06,0.077316284,39.17953612,2277.7623,0.00352478,0.26204511673731545,10.279164229190823
402_img_.png,54.87825012,63.057472,3976.244775,4.639139812,245,63.057472,33.13685608,62.82531738,70.96908569,117.9465258,0.247669972,67.57197571,71.45805359,160.6868719,0.979794784,0.500170157,0.642438394,0.250170186,4.828507966,7.071657585,3.82e-06,0.080307007,47.41242726,1607.355622,0.0052948,0.17429479419677577,8.273329859843466
403_img_.png,71.66970825,62.00319891,3844.396675,6.038282857,252,62.00319891,30.28161621,85.32246399,109.9455872,96.84609395,0.155077167,149.5572662,118.3652802,897.58269,0.883352113,0.301062704,0.424517319,0.090638752,13.74485294,10.09128748,1.38e-06,0.168060303,118.0684365,7654.802501,0.011642456,0.08210262774677474,8.163696682199188
404_img_.png,79.89187622,51.6768051,2670.492185,5.800190829,255,51.6768051,49.20658875,92.90509033,93.36404419,97.90077249,0.26416931,94.96957397,97.82041931,229.7660692,0.957006501,0.250301208,0.313719782,0.062650695,9.769745711,10.17209333,9.56e-07,0.10647583,63.51112962,3109.377684,0.004989624,0.14627893357112973,11.725904718931783
405_img_.png,83.33430481,56.46226291,3187.987133,5.996444076,220,56.46226291,34.51399231,102.6878052,111.7367096,91.78727134,0.160961037,138.7352142,112.1461945,296.7134191,0.953513206,0.250360331,0.3821356,0.062680295,8.849142157,10.16364162,9.56e-07,0.124923706,71.04994247,2499.019933,0.008377075,0.17191547001825505,8.670381174338674
406_img_.png,89.88642883,67.78796693,4595.208461,5.411569986,244,67.78796693,43.66560364,109.0105743,112.6491241,105.9878495,0.196993878,105.0400543,114.8862762,81.91933211,0.991095977,0.336476911,0.516039617,0.113216712,4.056954657,8.525942748,1.73e-06,0.053985596,41.59748143,1041.730369,0.002670288,0.25302328192967766,8.62338838285024
4070.png,49.20474243,49.8879694,2488.80949,4.774390256,223,49.8879694,41.76470947,52.50857544,51.66513062,118.0253926,0.400914118,45.93450928,54.91465759,61.82604167,0.987591586,0.438621186,0.717102732,0.192388545,2.014675245,6.732522717,2.94e-06,0.041488647,31.52736878,521.8194028,0.002655029,0.23798259068472605,8.200894805370076
407_img_.png,77.63156128,57.0657352,3256.498134,6.229106212,230,57.0657352,33.65718079,94.99833679,103.5581055,99.85217769,0.169509387,132.7107239,104.1099701,254.4749234,0.960914243,0.250266475,0.377548491,0.062633309,8.579672181,10.38192812,9.55e-07,0.109588623,61.17190221,2301.080277,0.005187988,0.2345263911675599,8.242312091319945
408_img_.png,70.82791138,61.85202792,3825.673358,5.532214438,255,61.85202792,49.27175903,81.74362183,71.1721344,108.0608468,0.322215057,81.95707703,83.92979431,465.3238817,0.939188924,0.36370328,0.511222798,0.132280076,9.436443015,8.986939235,2.02e-06,0.130493164,76.1859195,3629.747268,0.009063721,0.15642530313098324,7.886685455549719
409_img_.png,77.65774536,59.49220459,3539.322406,6.424237603,255,59.49220459,51.25190735,87.77633667,94.81530762,107.6643394,0.280691417,100.2149963,99.42636108,984.547549,0.861010372,0.250089772,0.288263669,0.062544894,18.89528186,11.33733889,9.54e-07,0.235839844,121.0904877,9842.210553,0.010284424,0.06313753620937923,11.440937684754637
410_img_.png,50.72961426,44.73606046,2001.315106,6.111016897,255,44.73606046,41.0476532,53.80665588,60.27935791,114.9953756,0.359795665,81.72329712,64.12832642,449.683364,0.887877963,0.250216437,0.321009658,0.062608265,11.89549632,10.58393535,9.55e-07,0.156829834,82.43875808,4724.239471,0.00630188,0.094523767235055,11.267346716012474
411_img_.png,61.56031799,60.79163928,3695.623406,5.533350396,255,60.79163928,36.41227722,70.07862854,83.69462585,101.4528903,0.236792005,122.7913055,95.88092041,832.1859681,0.887655433,0.375190427,0.465779201,0.140767857,13.21099877,9.201847439,2.15e-06,0.137237549,79.34802096,7997.619155,0.00642395,0.15540118563928546,8.970440449250024
412_img_.png,83.08277893,68.79854886,4733.240325,5.829226919,254,68.79854886,56.48526001,94.14224243,95.89448547,113.7515488,0.297233386,78.3837738,97.94241333,525.1313113,0.944520381,0.336086511,0.423218693,0.112954143,11.3364277,9.767295984,1.72e-06,0.149032593,81.25803415,4177.521543,0.007354736,0.12817948630554385,8.348882760889966
413_img_.png,61.0174408,59.21735665,3506.695329,6.426331079,255,59.21735665,46.94802856,66.90960693,67.57086182,108.7114929,0.34910667,117.3780518,82.63354492,1856.414032,0.735768753,0.250257835,0.332973441,0.062628984,23.00431985,11.14235748,9.55e-07,0.188537598,136.7868881,14588.29143,0.010635376,0.12874904388614067,9.171218803505631
415_img_.png,89.84437561,74.92966202,5614.454251,5.310022059,249,74.92966202,76.64898682,95.48916626,95.35656738,127.2570503,0.401627982,45.12837219,100.9232483,507.9831648,0.954758754,0.379168255,0.526092546,0.143768565,9.884666054,8.674490362,2.19e-06,0.101379395,55.61241845,5410.810989,0.001754761,0.24426311312546764,9.15490394709791
416_img_.png,59.70974731,53.8645832,2901.393323,5.234398407,255,53.8645832,37.0700531,67.2467041,80.28736877,111.4262753,0.251264351,83.25227356,81.12187195,333.0987592,0.942627915,0.386811633,0.445589503,0.14962324,9.190303309,8.86552661,2.28e-06,0.119064331,61.59949025,3266.042446,0.005523682,0.12249860283415892,10.327035364510884
417_img_.png,66.04600525,57.30071192,3283.371587,5.455301214,236,57.30071192,36.13264465,76.33660889,91.53605652,106.2602545,0.215238404,104.8365173,91.70281982,142.8572304,0.978243947,0.363522921,0.514214526,0.132148914,5.081678922,8.631655762,2.02e-06,0.070388794,47.53782172,1223.185264,0.003860474,0.21612544622878005,8.94258368980305
418_img_.png,66.02859497,49.95269283,2495.271521,6.170256147,255,49.95269283,34.87165833,78.09715271,85.61351013,97.20781997,0.213007862,124.7826843,89.31164551,673.9725031,0.865023136,0.250144268,0.295019366,0.062572155,15.65317096,10.91452249,9.55e-07,0.195770264,96.01689559,7223.217163,0.007873535,0.07785750896492005,11.51344397153669
419_img_.png,55.50292969,53.12926704,2822.719016,5.321101969,237,53.12926704,32.55659485,60.04846191,92.30439758,112.7393891,0.21369205,106.5357361,92.97039795,436.8600797,0.922683816,0.394608957,0.452645471,0.155716229,10.32426471,8.984390725,2.38e-06,0.13722229,71.62477862,4021.056053,0.006271362,0.1274879192384393,8.616845619470897
41_img_.png,87.63275146,67.27250154,4525.589463,6.529279111,254,67.27250154,61.88174438,99.61126709,93.496521,108.3798284,0.320451832,85.63354492,103.0678253,720.5248775,0.92042177,0.250082989,0.294435717,0.062541502,16.73324142,11.39123025,9.54e-07,0.244476318,125.9088908,5055.059301,0.014297485,0.07192392478195177,9.170209542425283
420_img_.png,64.44230652,56.01532724,3137.716886,5.766034392,250,56.01532724,34.92051697,72.15110779,102.194458,105.7172566,0.200294839,120.806076,105.0527802,798.0736673,0.872989788,0.336062366,0.411443294,0.112937914,13.94673713,9.838063282,1.72e-06,0.131011963,78.52677505,7997.987468,0.005020142,0.13243892451545447,7.884786791889585
421_img_.png,80.12658691,68.47924355,4689.406797,6.577489466,255,68.47924355,62.98199463,84.4390564,102.8896637,135.3005003,0.336211098,78.9752655,109.1029663,367.4824602,0.960866987,0.254196202,0.412867369,0.064615709,9.525658701,10.64734045,9.86e-07,0.14213562,86.25212028,2781.092896,0.009033203,0.1651787860600805,9.646114248817186
422_img_.png,64.80813599,63.50115215,4032.396324,5.961580313,252,63.50115215,45.13749695,71.65261841,81.16265869,109.644923,0.295372935,93.76296997,88.25227356,485.0077972,0.939889944,0.336302687,0.489253715,0.113099497,9.509788603,9.501622979,1.73e-06,0.110336304,71.73131168,4526.33763,0.005950928,0.21970167135199295,8.391375844107946
423_img_.png,71.51451111,57.13573373,3264.492068,6.334338218,253,57.13573373,33.8182373,82.38279724,114.4233246,100.2599897,0.171835291,147.7110443,117.7898865,786.0124694,0.87969802,0.25018888,0.32782398,0.062594476,14.85655637,10.90711396,9.55e-07,0.18409729,111.3679421,7378.374624,0.010192871,0.09237986506866847,9.565826816543964
424_img_.png,79.6587677,70.58614697,4982.404145,5.524917685,255,70.58614697,65.1446991,82.9375,100.8317108,132.57133,0.354491913,62.72915649,103.9902649,823.9261183,0.91737289,0.375178497,0.471629144,0.140758904,12.68742341,9.140836594,2.15e-06,0.118179321,76.224472,8263.514285,0.005661011,0.19604163632441995,8.333692141540425
425_img_.png,90.64988708,70.77377725,5008.927546,6.497536346,241,70.77377725,55.02867126,101.2161102,129.6830292,105.402495,0.238323414,129.4071198,131.7412567,300.4040135,0.970027565,0.250272224,0.38723969,0.062636186,8.7375,10.59111466,9.56e-07,0.123413086,74.50342933,2835.079925,0.009140015,0.19104780482289827,8.633042485292941
428_img_.png,74.78738403,70.17742988,4924.871665,6.046344352,254,70.17742988,53.86729431,81.46871948,95.28483582,117.6025835,0.304759326,86.48129272,98.55601501,301.9397212,0.96937122,0.336051225,0.456334672,0.112930426,8.260340074,9.714951274,1.72e-06,0.099060059,61.8795833,2602.685484,0.005859375,0.21269593110410315,7.510735207250181
429_img_.png,86.18966675,59.36241417,3523.896216,6.191472985,236,59.36241417,51.7948761,98.70323181,111.9764099,99.39866047,0.245846612,106.9986877,114.3312836,272.2368719,0.961410127,0.250330444,0.364817385,0.062665331,9.096859681,10.42960219,9.56e-07,0.136352539,74.49569806,2495.306365,0.008377075,0.1765103136535099,9.083142581060697
42_img_.png,43.31227112,52.92593108,2801.15418,5.523870474,252,52.92593108,34.58673096,47.58227539,44.19728088,118.7187813,0.376845698,77.84437561,52.60838318,752.4027574,0.865888863,0.375114024,0.438777672,0.140710531,13.82172181,9.314030736,2.15e-06,0.158172607,91.90327799,7081.834361,0.008026123,0.064259444264038,8.759055273337182
432_img_.png,90.2701416,56.71762458,3216.888938,5.793785438,247,56.71762458,71.6353302,98.39381409,97.32028198,108.0925995,0.36602029,55.80253601,99.0397644,54.53604473,0.991525759,0.25070911,0.39676965,0.062855058,4.350750613,9.369086712,9.59e-07,0.063552856,43.97945756,524.069266,0.00491333,0.31315471604396805,12.334111626713204
433_img_.png,71.98423767,69.42713684,4820.12733,5.548443734,251,69.42713684,46.03288269,85.25868225,71.70631409,110.1866372,0.29326846,80.90110779,85.25979614,355.3877757,0.963186471,0.39067711,0.442012536,0.152628605,9.843351716,9.229142052,2.33e-06,0.140838623,72.25185582,3880.978318,0.007293701,0.07004797764566777,9.436818182183291
435_img_.png,40.67433167,43.14416613,1861.419071,4.716545249,251,43.14416613,28.38897705,42.1121521,65.47280884,120.5700796,0.263874958,86.24557495,65.48551941,244.451011,0.934466422,0.438401433,0.64022331,0.192195816,5.979626225,7.363660369,2.93e-06,0.112884521,56.21202985,2656.574432,0.006469727,0.1062046326387731,9.369750019934246
436_img_.png,74.31195068,70.60165549,4984.593757,5.59762004,251,70.60165549,63.55384827,82.11009216,62.36647034,120.7282077,0.439890368,64.41696167,84.01698303,259.426731,0.973980708,0.390680545,0.445327121,0.152631289,8.457123162,9.171924219,2.33e-06,0.147354126,85.1949103,2379.037251,0.010467529,0.061595398652764394,8.349700208293378
437_img_.png,96.81097412,63.50448861,4032.820074,6.138208594,240,63.50448861,63.44488525,111.4678955,108.8381653,106.6990541,0.287985201,88.70880127,113.9642944,93.95588235,0.988359774,0.250446158,0.418633413,0.062723278,5.084221814,9.843175233,9.57e-07,0.062576294,43.17111807,999.2287968,0.004013062,0.2860028290902818,9.551871675401337
438_img_.png,101.8206024,74.73320547,5585.051999,6.556084355,247,74.73320547,58.60606384,119.9539642,121.7838745,107.7893397,0.242436452,110.7763824,125.0934906,342.0884038,0.969400416,0.250178029,0.349183736,0.062589046,10.23025429,10.87394188,9.55e-07,0.155380249,98.81835838,2150.551572,0.00881958,0.1304415078402589,8.289362799354139
439_img_.png,46.93177795,41.9859701,1762.821685,5.516852306,248,41.9859701,27.99313354,53.75367737,61.38861084,104.7898959,0.243117746,113.8967438,63.41123962,68.31674326,0.980658461,0.325426797,0.568204938,0.1059026,3.568275123,8.357770749,1.62e-06,0.033447266,27.81430045,699.4329998,0.001724243,0.3371262621506312,10.62828961302949
43_img_.png,71.48828125,69.49677264,4829.801407,6.056933199,254,69.49677264,47.54733276,80.62942505,87.21257019,111.0058643,0.28328627,107.7525482,98.08811951,882.1898131,0.908740651,0.33993959,0.412666668,0.115558925,14.60292586,10.14107789,1.76e-06,0.156448364,100.1502048,7965.617583,0.007629395,0.11658972745074199,7.624316090408087
440_img_.png,69.51016235,69.47473885,4826.739338,5.115067473,245,69.47473885,33.09944153,85.46795654,82.84243774,98.02089302,0.196657144,95.9306488,86.45317078,188.9193168,0.980405596,0.437615212,0.557925998,0.191507074,5.732950368,8.060796631,2.92e-06,0.090682983,55.40403457,1237.437714,0.006011963,0.12484646955015218,8.173471349397262
441_img_.png,81.75952148,53.63067299,2876.249085,5.97046137,206,53.63067299,43.33932495,102.2281342,77.14811707,88.0449792,0.241611276,116.3942871,102.2281342,191.4846048,0.966743002,0.25032425,0.362314678,0.06266223,8.063802083,10.16613158,9.56e-07,0.12059021,58.8259972,1800.520802,0.006759644,0.1480411058609964,10.320190741646462
442_img_.png,69.70619202,71.48239343,5109.73257,5.057161158,249,71.48239343,47.35101318,80.8520813,70.95399475,111.8472736,0.311917773,70.26998901,81.39743042,687.2889093,0.932751153,0.45317183,0.498793569,0.205364707,12.62334559,8.487951722,3.13e-06,0.139587402,81.86758506,6196.465345,0.006454468,0.062863916474592,8.121630226793759
443_img_.png,86.35058594,66.42928035,4412.849288,6.520877762,251,66.42928035,61.68696594,98.81387329,86.85855103,107.2196258,0.332235474,86.92245483,99.34837341,890.0136642,0.899202022,0.250077154,0.289908604,0.062538583,18.68912377,11.46854121,9.54e-07,0.217910767,117.4127986,7862.39246,0.010421753,0.07639112760190221,8.273644317372597
444_img_.png,103.1910706,65.81732182,4331.919852,6.08720379,247,65.81732182,87.94685364,112.8666077,93.34207153,120.6169719,0.426494433,71.24856567,116.5400543,152.1252451,0.982446492,0.250287778,0.347125017,0.062643972,7.220189951,10.20821958,9.56e-07,0.117889404,66.05256695,1371.717112,0.00769043,0.14751404530875287,9.188719636277034
445_img_.png,81.06982422,66.64325336,4441.323219,5.576951216,253,66.64325336,54.12042236,89.88475037,106.3677826,116.5481415,0.275769294,83.35653687,107.0235138,443.474617,0.950057372,0.351642243,0.388837043,0.123652267,12.4605239,9.623119999,1.89e-06,0.133682251,77.84792108,4325.290508,0.006225586,0.08878505457679503,8.723877649635643
446_img_.png,79.86619568,57.95994285,3359.354975,6.187414482,251,57.95994285,39.87980652,93.37356567,115.2230835,101.0192118,0.191181434,128.3101044,116.3417969,507.7789216,0.924458126,0.251376373,0.429131697,0.063190081,10.90747549,10.23821185,9.64e-07,0.140411377,82.18341779,5326.400625,0.006027222,0.2355649046405257,9.164414274265978
447_img_.png,86.31115723,56.32442327,3172.440657,6.010898417,247,56.32442327,60.24838257,97.57983398,96.65840149,104.2088399,0.310177769,79.3625946,99.31732178,130.7781863,0.979409196,0.250501292,0.398329167,0.062750897,5.746323529,9.801248735,9.57e-07,0.088592529,51.10434461,967.2685105,0.006256104,0.20926740016706633,10.99085347222578
448_img_.png,57.1736145,60.37183476,3644.758432,5.558803286,253,60.37183476,40.1231842,62.54141235,74.2719574,110.2369478,0.293269468,93.72244263,79.61538696,796.6897212,0.890865869,0.375240315,0.482591889,0.140805294,12.17887561,9.089203067,2.15e-06,0.122817993,84.15785261,7365.67287,0.005981445,0.1416599146859245,8.110035119216647
449_img_.png,81.58111572,72.94195766,5320.529187,5.68455051,253,72.94195766,57.30125427,88.03509521,112.042572,121.421121,0.286395054,85.19577026,115.1405792,266.8453738,0.974949041,0.332361723,0.468893753,0.110464315,7.581341912,9.228168516,1.69e-06,0.080886841,55.80923385,3100.526275,0.002685547,0.15224994174695586,6.889869849352074
44_img_.png,76.93696594,66.34758376,4402.001871,6.51268926,254,66.34758376,49.86187744,85.93844604,101.5901337,115.283111,0.265889485,106.2899323,107.169693,1185.80769,0.865380276,0.250188228,0.34171018,0.062594149,18.3625,11.15184221,9.55e-07,0.193115234,133.7689772,10650.56046,0.011795044,0.08422368770425077,8.482866382204477
450_img_.png,77.98748779,63.83079355,4074.370205,6.111176532,255,63.83079355,60.69430542,84.53106689,89.69761658,113.9406276,0.348360007,89.04646301,100.863739,380.6937347,0.953284788,0.289817846,0.460789778,0.083994384,9.092172181,9.838621032,1.28e-06,0.114547729,65.37089839,3321.95252,0.005752563,0.21475227232779423,10.138581570814582
451_img_.png,59.13124084,73.91372355,5463.238528,4.804441154,255,73.91372355,50.19419861,61.77613831,68.94833374,117.80355,0.383969412,56.11599731,72.50582886,183.2816942,0.983252772,0.500044245,0.564770548,0.250044246,5.902221201,7.553259094,3.82e-06,0.066452026,47.62623253,2295.85111,0.002807617,0.12265124776850915,6.8040118821216655
452_img_.png,64.712677,57.98561098,3362.331081,5.834411268,252,57.98561098,54.18096924,67.75906372,76.64889526,105.0242565,0.375193789,104.4301147,94.53114319,1522.156526,0.77398325,0.336045028,0.411462874,0.112926261,20.58734681,10.13250106,1.72e-06,0.172668457,98.20083653,14201.65676,0.005264282,0.09778780624272683,8.65468922071006
453_img_.png,85.42556763,71.28781173,5081.952101,5.879563126,254,71.28781173,77.7618103,87.50280762,94.91125488,134.870173,0.426292848,32.29977417,95.75483704,173.9531556,0.982900885,0.336335803,0.5733982,0.113121772,5.419362745,8.887758059,1.73e-06,0.085708618,49.58237877,1920.519256,0.004730225,0.31123846683466777,8.077084733562982
454_img_.png,32.27285767,26.02155606,677.12138,5.485034837,123,26.02155606,25.00062561,35.87440491,32.76695251,111.4258772,0.364221026,88.6449585,38.34988403,16.98619792,0.9874761,0.254242029,0.624562091,0.064639009,1.943795956,8.005182993,9.86e-07,0.006912231,16.5952286,152.399977,0.000747681,0.27745178549676547,8.400953626751669
455_img_.png,46.66218567,33.95760038,1153.118624,5.972255066,200,33.95760038,38.77519226,48.4131012,58.32214355,106.6207937,0.363283865,69.99632263,58.65621948,88.31544118,0.961764386,0.201464728,0.431578258,0.040588037,4.972855392,9.68344225,6.19e-07,0.061004639,35.68307306,711.3196211,0.004089355,0.2677236403770465,10.075419368669866
457_img_.png,80.63426208,76.05587448,5784.496042,5.614861205,251,76.05587448,72.9503479,83.5743866,85.63233948,133.583987,0.43113149,26.587677,86.94226074,376.1632966,0.967496645,0.38677164,0.439985005,0.149592301,10.52564338,9.330232727,2.28e-06,0.182388306,95.74947336,2354.552111,0.013702393,0.053974130362024475,7.560237705160557
458_img_.png,83.89974976,56.08182996,3145.171652,6.063993261,248,56.08182996,58.04588318,95.04338074,94.35714722,104.3461832,0.306471602,82.43545532,97.48886108,200.8700368,0.96810188,0.250400562,0.372383292,0.062700441,7.582598039,10.13301193,9.56e-07,0.12361145,63.30015084,1467.248934,0.008361816,0.1975807909544417,11.594797764699456
459_img_.png,58.12858582,65.19653789,4250.588553,5.260955062,253,65.19653789,36.39343262,70.55174255,51.18130493,104.2050403,0.298960992,95.65861511,72.63668823,1346.290885,0.841703583,0.44145243,0.507082542,0.194880248,16.56487439,8.736511483,2.97e-06,0.143753052,109.4098803,12745.30775,0.007217407,0.07780381078135674,7.38212644697979
45_img_.png,71.72937012,59.15808239,3499.678713,5.628783928,219,59.15808239,41.4777832,84.32443237,86.2364502,105.1846618,0.243184619,89.22454834,87.8473053,121.8121477,0.982610031,0.336174367,0.458839505,0.113013205,5.263740809,9.028202007,1.72e-06,0.087722778,59.50904221,879.3321176,0.007568359,0.11696089047819432,7.9655306427224986
460_img_.png,82.43005371,76.96312369,5923.322409,5.717154873,255,76.96312369,66.10641479,90.19894409,85.24679565,116.2337277,0.376791223,70.40544128,99.71827698,332.7851409,0.971940449,0.379058175,0.500212856,0.1436851,8.716084559,9.19640241,2.19e-06,0.134063721,81.24850977,2868.927119,0.0078125,0.12448099981435196,8.341921973417199
461_img_.png,57.41169739,57.34785953,3288.776993,5.582260402,253,57.34785953,34.64447021,64.6676178,79.76661682,107.2501705,0.239863287,104.6489563,85.06100464,684.730193,0.896010922,0.375102114,0.449343527,0.140701596,11.93408395,9.287831487,2.15e-06,0.120101929,81.60015224,6143.224504,0.007415771,0.12716301639574376,8.613446586306042
462_img_.png,76.77410889,70.23416729,4932.838255,6.336886281,245,70.23416729,60.13388062,82.69555664,89.94036865,118.7198039,0.348327734,85.4322052,94.73912048,166.9385263,0.983102756,0.29308644,0.3750009,0.085899661,7.470082721,10.25190288,1.31e-06,0.133346558,82.50806292,1567.922759,0.010406494,0.13055682174564345,9.222670422705448
463_img_.png,76.7053833,66.12996126,4373.171776,6.026107035,254,66.12996126,72.17156982,78.22303772,80.77386475,114.2856897,0.453918087,71.21908569,97.6098175,650.7323529,0.925697003,0.324309952,0.403841009,0.105176945,13.13795956,10.16620203,1.6e-06,0.161819458,89.99873718,6108.716036,0.007614136,0.08216155023368903,9.516181529707954
464_img_.png,56.87937927,60.62331333,3675.186119,5.618968034,255,60.62331333,49.24064636,60.16090393,60.02307129,120.8226484,0.409710581,63.83164978,67.92526245,1013.935049,0.862143291,0.375052395,0.407712049,0.140664299,16.85793505,9.641753926,2.15e-06,0.180435181,106.1064013,8658.262603,0.009735107,0.04786990736833141,9.500491536932037
465_img_.png,69.45907593,57.82339903,3343.545475,5.425846965,255,57.82339903,55.60313416,72.6098175,89.60479736,111.9462301,0.34277512,78.45469666,93.28492737,696.493076,0.895852093,0.336235221,0.407338846,0.113054124,11.72849265,9.223647787,1.72e-06,0.102783203,81.57758596,5641.091361,0.006744385,0.10975306241881093,10.243778170281377
466_img_.png,106.4925232,74.43799979,5541.015813,6.439316329,255,74.43799979,60.43177795,123.1059113,141.7653046,105.1811317,0.228155324,117.0000305,142.1696014,484.5490962,0.956253882,0.250506587,0.427383838,0.06275355,11.01560968,10.5804494,9.57e-07,0.155883789,106.7317701,4591.72196,0.009140015,0.2144854146582341,8.139218362736123
467_img_.png,86.22026062,58.33707368,3403.214165,6.148209681,250,58.33707368,57.90846252,98.31480408,98.19969177,104.1791407,0.294677816,86.21723938,101.3691254,238.580576,0.964985576,0.250337151,0.358564477,0.062668689,8.335569853,10.30818413,9.56e-07,0.145904541,72.12533995,1810.714942,0.008377075,0.16115652916426762,10.922061243411429
468_img_.png,59.84884644,59.85927134,3583.132365,5.662051869,254,59.85927134,42.64642334,64.9906311,78.50090027,107.8603787,0.297205159,101.9225922,89.36708069,1229.076639,0.82852793,0.375050396,0.419841291,0.1406628,18.83794424,9.767820943,2.15e-06,0.192443848,104.0877835,11078.41906,0.007965088,0.06775039756149116,9.364339940358853
469_img_.png,117.7322845,87.8004407,7708.917388,5.465380766,252,87.8004407,100.6211243,124.4585876,127.8756104,128.8848104,0.398761345,43.873703,131.4007568,173.3838695,0.988762942,0.336519529,0.498140578,0.113245394,5.995603554,8.805395596,1.73e-06,0.092712402,56.15352835,2005.23373,0.004821777,0.1988221748572178,7.413128226038008
46_img_.png,44.54521179,53.71253265,2885.036164,5.035523089,252,53.71253265,24.80734253,51.72755432,59.3293457,104.5816949,0.223375067,102.5670013,64.23046875,339.0199602,0.941377445,0.445488881,0.575405898,0.198460343,6.725413603,7.803968681,3.03e-06,0.081436157,59.53079124,2038.375814,0.005783081,0.23016879365905676,9.992973888397628
470_img_.png,60.76428223,58.59140629,3432.952891,4.867639559,200,58.59140629,25.32936096,77.8372345,65.8006897,89.65563321,0.176341736,102.0170441,77.83918762,119.3499694,0.982584759,0.437587694,0.507861387,0.19148299,5.776102941,7.981811616,2.92e-06,0.103713989,49.5025947,1223.801977,0.006622314,0.09335773449872053,6.648176055503995
471_img_.png,69.25724792,78.82329876,6213.112428,3.696387339,223,78.82329876,74.89640808,70.4614563,48.28636169,78.13605294,0.630718184,40.42333984,75.13731384,50.57112439,0.995929864,0.558808421,0.675367042,0.312266852,2.790885417,5.784623714,4.76e-06,0.036911011,29.87173333,803.9119565,0.001464844,0.06708559475292587,8.672344848553333
472_img_.png,50.84197998,55.03755037,3029.131951,4.438196418,233,55.03755037,40.89642334,53.20378113,64.76496887,121.9991466,0.346671668,49.63450623,64.90318298,168.3244485,0.972246047,0.500047014,0.539952313,0.250047016,6.878737745,7.375814943,3.82e-06,0.071258545,40.19717472,1681.019727,0.002578735,0.07271619308032547,9.256813940441841
473_img_.png,51.33354187,56.38434209,3179.194032,5.206314936,248,56.38434209,28.14576721,60.9178009,62.78175354,102.1430894,0.227533295,101.2378693,68.41343689,114.9766391,0.981949714,0.41819066,0.55160568,0.174883428,4.093367034,7.931745168,2.67e-06,0.04888916,40.90746413,961.0015901,0.003112793,0.23215266994696973,9.49763120558981
476_img_.png,69.74375916,66.70254281,4449.229217,4.945405948,254,66.70254281,66.60842896,72.54110718,63.56680298,126.6453612,0.489379558,26.77488708,73.42842102,86.43386949,0.990292986,0.437647306,0.558069139,0.191535165,4.218887868,7.754437817,2.92e-06,0.079376221,46.58227958,752.6772031,0.00579834,0.1692354732531455,8.690473090704874
477_img_.png,74.17759705,51.45822285,2647.948699,5.927720773,225,51.45822285,51.08755493,84.7888031,80.10688782,100.3064323,0.309817404,83.31167603,85.17866516,326.5161765,0.938395605,0.254166257,0.321264511,0.064600486,10.91096814,10.33345093,9.85e-07,0.161026001,75.77083081,2962.067945,0.009124756,0.08155255994536666,9.864005496622992
478_img_.png,88.88894653,59.06945382,3489.200375,6.89522655,250,59.06945382,54.33192444,104.2749023,100.2754517,111.5610747,0.265616379,126.0309143,111.2073669,414.1822304,0.940714513,0.152811219,0.257543281,0.023351269,12.09197304,11.81679995,3.56e-07,0.1743927,91.79889713,3480.833775,0.0105896,0.20456192482770932,11.007949353726874
479_img_.png,142.5707245,86.17571956,7426.254642,5.757374005,251,86.17571956,132.408493,147.1888428,145.6300659,128.444331,0.452185597,26.86419678,150.4317474,41.92221201,0.997177826,0.25168632,0.494540966,0.063346004,3.316329657,8.943564305,9.66e-07,0.074432373,48.02528311,926.411706,0.004333496,0.29584375827258597,8.764882506736063
480_img_.png,81.99485779,53.62553057,2875.697529,5.95552891,246,53.62553057,44.94047546,97.4553833,99.58770752,94.25904086,0.228074353,109.857666,103.0344849,76.67184436,0.986665155,0.250701904,0.452088543,0.062851444,4.584068627,9.536306881,9.59e-07,0.078140259,46.25012754,852.3544686,0.005722046,0.3334433219176393,9.546251886526175
481_img_.png,80.61264038,69.81026385,4873.472938,4.875643058,238,69.81026385,46.32032776,95.64790344,93.14376831,109.8571917,0.245351542,80.170578,99.83328247,199.2703738,0.979571374,0.410257036,0.451509859,0.168310836,8.466115196,8.376529627,2.57e-06,0.081222534,49.08830404,2350.550307,0.003555298,0.10674365952682345,8.447122230401849
482_img_.png,74.67745972,70.64292803,4990.423281,6.04643547,255,70.64292803,53.50271606,85.60668945,73.94073486,112.1554697,0.335340519,89.91888428,88.95314026,1325.696752,0.867274281,0.335982359,0.37887579,0.112884146,19.99644608,10.44753622,1.72e-06,0.219543457,141.1062829,12145.16702,0.011703491,0.032845894428978194,8.003596931190856
483_img_.png,74.15898132,61.69398739,3806.14808,6.47317894,255,61.69398739,59.01467896,78.07106018,93.75418091,113.1626121,0.343457565,104.1126251,104.3156281,1442.585999,0.810578596,0.250102163,0.29359942,0.062551092,21.56063113,11.38714196,9.54e-07,0.201446533,131.1188123,13423.87338,0.01109314,0.09917253549043532,9.372880957676552
484_img_.png,92.91905212,67.30506311,4529.971521,6.422101356,252,67.30506311,70.11184692,104.138092,94.97885132,109.0618852,0.352113917,71.95452881,104.331131,972.3338542,0.892675338,0.253979281,0.28834361,0.064505475,19.84120711,11.41127191,9.84e-07,0.241317749,116.5441295,8532.607004,0.010437012,0.08019511541270229,10.013740996102282
485_img_.png,59.69775391,56.71346409,3216.417009,4.790478885,229,56.71346409,48.62051392,62.1234436,76.14300537,122.9329648,0.351643615,50.96914673,76.73895264,86.98448223,0.986476223,0.438209044,0.712787941,0.192027167,2.690211397,6.903440667,2.93e-06,0.041900635,29.63882737,1141.027542,0.001800537,0.3109115425096551,8.530189321009441
486_img_.png,80.41018677,54.38350993,2957.566152,5.949541489,185,54.38350993,49.19273376,94.44252014,90.04023743,100.8836724,0.266652203,92.55111694,95.29708862,161.9993719,0.972621373,0.251056214,0.416245126,0.063029222,7.059298407,9.780207012,9.62e-07,0.087081909,47.78741493,1661.921893,0.004119873,0.17479288902909962,8.63329150593975
487_img_.png,41.42868042,48.97857145,2398.900462,4.86952523,244,48.97857145,24.79684448,47.58554077,53.2558136,112.9758496,0.245899558,87.7663269,53.56826782,481.9125919,0.8997992,0.4344572,0.59865808,0.188753059,8.777971814,7.727870242,2.88e-06,0.099914551,54.79090481,3511.42987,0.005310059,0.14229306276743878,10.650656468427746
488_img_.png,51.87467957,49.56170072,2456.362179,5.354596678,253,49.56170072,35.72114563,57.7565918,63.98735046,99.08425678,0.293412099,78.59555054,66.70097351,417.866682,0.915057175,0.367358061,0.44378453,0.134951945,9.616038603,8.985753183,2.06e-06,0.114578247,66.26268217,3827.44581,0.007034302,0.11491524354484457,11.423523019722985
489_img_.png,77.56729126,58.78483286,3455.656574,6.395650247,249,58.78483286,47.07382202,90.80751038,89.37393188,103.490506,0.261257882,104.9082489,95.71047974,688.0822304,0.900469131,0.250176912,0.339812802,0.062588487,13.92426471,10.96195101,9.55e-07,0.190353394,116.2674496,5986.515767,0.014892578,0.07173178571596774,9.607410871479596
48_img_.png,88.06201172,74.78224165,5592.383667,5.772180946,254,74.78224165,76.12055969,90.85211182,105.0728912,129.0103438,0.388518864,52.35955811,106.5585022,189.62428,0.983073019,0.355582164,0.441871092,0.126438676,6.514813113,9.238017465,1.93e-06,0.041519165,41.82893215,2401.861728,0.001312256,0.2823062893077773,8.33727460084689
490_img_.png,68.05392456,62.23224965,3872.852897,5.002949692,254,62.23224965,26.79866028,84.22453308,93.00273132,91.4244948,0.151210709,114.8716583,98.37210083,644.8740656,0.916800767,0.410355095,0.491323213,0.168391304,11.4277114,8.439921395,2.57e-06,0.109359741,66.09564448,5993.672164,0.005218506,0.16014341497782839,7.742524942260309
491_img_.png,72.58500671,59.21699866,3506.65293,6.208395426,250,59.21699866,62.54992676,75.34686279,84.6879425,119.1131751,0.390852019,70.64645386,88.16415405,493.1071998,0.929759347,0.254188698,0.327491834,0.064611894,12.65122549,10.63146469,9.86e-07,0.162521362,81.52853791,4392.151707,0.007293701,0.13703997628896503,9.471215438590445
492_img_.png,75.21621704,53.24288882,2834.805209,6.083795691,240,53.24288882,52.15493774,85.83360291,81.03533936,105.057393,0.312550299,85.82398987,88.65365601,389.9793964,0.931271027,0.254280152,0.367421798,0.064658396,10.60819547,10.37597935,9.86e-07,0.162155151,82.8209815,3511.021682,0.010726929,0.12782042966037144,9.452861043207161
493_img_.png,63.8205719,61.07479939,3730.13112,4.855778359,253,61.07479939,55.9059906,65.97961426,73.47381592,126.9071829,0.400893621,34.16995239,73.84255981,403.1822304,0.945968732,0.438057418,0.587732811,0.191894301,8.583517157,7.850847964,2.93e-06,0.131057739,70.64439643,4498.236515,0.005752563,0.08827859326148334,8.867104737908269
494_img_.png,63.80012512,66.61857083,4438.033979,5.160279505,247,66.61857083,60.23806763,64.07318115,71.85745239,128.4342751,0.443152997,33.32069397,75.1317749,260.6223805,0.970610586,0.437713587,0.612504657,0.191593184,5.713128064,7.878996207,2.92e-06,0.082366943,52.11254565,2614.555541,0.004669189,0.1758231045683428,7.993350370239005
495_img_.png,65.07579041,69.36316021,4811.247994,4.698630991,248,69.36316021,51.51507568,73.90530396,55.18661499,115.7415115,0.399057324,48.29447937,73.90956116,72.16207108,0.99249367,0.488388238,0.598531525,0.238523071,3.755667892,7.219444975,3.64e-06,0.070770264,43.05213939,797.0267953,0.004211426,0.13060111289548923,7.545641705948397
496_img_.png,71.75709534,64.53007081,4164.130038,5.958209929,254,64.53007081,35.37013245,87.71310425,85.03915405,103.3941522,0.204744834,119.5244293,91.28643799,669.8996324,0.919615678,0.324358634,0.432104266,0.105208523,12.3620098,9.915477195,1.61e-06,0.149810791,90.59556278,6449.622691,0.00819397,0.13803340050132296,8.478998450836778
497_img_.png,80.34963989,68.24770749,4657.749578,6.549557683,255,68.24770749,60.8815918,90.22038269,80.58708191,110.3201664,0.356434023,86.88612366,92.84303284,1739.483195,0.81317838,0.253971328,0.290748077,0.064501435,25.34355086,11.65749894,9.84e-07,0.263320923,174.9349141,15741.2062,0.015609741,0.04024482644507119,8.793206308882205
498_img_.png,58.81307983,55.35605578,3064.292911,5.310272837,252,55.35605578,26.95530701,69.33071899,88.23168945,99.62578576,0.171077018,117.0971832,92.68815613,612.9478554,0.90010833,0.390823543,0.500843427,0.152743042,10.48826593,8.719208323,2.33e-06,0.099517822,60.70179967,6013.364387,0.00440979,0.1967464920281066,8.370878260622515
499_img_.png,55.69937134,56.17659477,3155.809799,5.351271379,252,56.17659477,25.05357361,66.22555542,81.90260315,102.3306381,0.169134443,113.4875031,87.04423523,729.6886183,0.884495331,0.402465785,0.499238521,0.161978708,11.17452512,8.748517367,2.47e-06,0.097488403,69.89350077,7204.14385,0.004516602,0.2117952033992833,9.21717788302621
49_img_.png,60.06498718,57.39460559,3294.14075,5.71050865,254,57.39460559,38.43084717,66.70515442,82.62950134,109.158588,0.257347144,104.3002319,89.12582397,1147.167969,0.82604463,0.355520558,0.394271565,0.126394867,18.41885723,9.94831593,1.93e-06,0.211883545,113.286186,12179.53528,0.007400513,0.03866430819852554,9.187011973555142
4_img_.png,77.12379456,65.53485562,4294.817301,6.525633828,255,65.53485562,70.5193634,80.13412476,78.9390564,122.8221482,0.44331397,57.45552063,87.51635742,966.0924326,0.887696003,0.250109623,0.302536382,0.062554824,18.0739277,11.33692394,9.54e-07,0.21697998,133.2340443,7126.332242,0.013412476,0.08552062628267965,9.900989936937288
501_img_.png,103.3547668,67.327613,4533.007472,6.115321416,253,67.327613,70.90925598,118.1161499,112.4798737,109.9840232,0.307504244,80.49053955,119.0028381,199.2699295,0.978027438,0.250554223,0.415666511,0.062777419,7.086963848,10.02828089,9.58e-07,0.108047485,60.27724881,1897.63065,0.006744385,0.19238321268432843,9.081916304829651
502_img_.png,68.42672729,72.35046394,5234.589632,5.192980056,254,72.35046394,66.19616699,68.29618835,74.94804382,132.8561547,0.462120994,27.87156677,77.90835571,244.5926011,0.976658786,0.437637456,0.583139855,0.191526543,6.108318015,8.065166268,2.92e-06,0.093658447,57.39918928,2582.118293,0.005523682,0.12120161703029582,7.286158991208291
503_img_.png,61.46723938,62.42321842,3896.658198,5.08054272,253,62.42321842,53.77078247,62.68161011,75.41427612,132.0681675,0.389372804,41.64625549,75.42189026,268.5604933,0.965547688,0.437640929,0.585198247,0.191529583,6.230009191,7.958384149,2.92e-06,0.115844727,61.56722338,2647.345395,0.009140015,0.06315461302230867,8.295403900132786
504_img_.png,59.75312805,55.18065131,3044.904279,4.466668746,248,55.18065131,44.79231262,65.09614563,71.44110107,114.1299927,0.328059293,52.9440155,72.41801453,236.9867647,0.96108949,0.438473058,0.618443336,0.192258622,5.107843137,7.085308707,2.93e-06,0.061386108,42.84947874,2165.188095,0.002029419,0.11077391650095432,8.615323439392206
505_img_.png,60.18405151,57.0254837,3251.905792,4.764022004,245,57.0254837,48.01039124,63.29270935,76.03100586,120.8181658,0.344595973,51.63453674,76.12425232,115.87356,0.982183919,0.43808813,0.6570373,0.19192121,3.89754902,7.247145755,2.93e-06,0.07409668,40.78044459,1420.530165,0.004180908,0.15283053402663702,7.320611508406275
506_img_.png,57.34269714,62.56447192,3914.313146,5.614687418,255,62.56447192,39.59144592,63.94335938,69.92710876,106.4323543,0.295744435,98.55055237,77.73114014,825.6679228,0.894588907,0.375100001,0.432562814,0.140700011,13.48342525,9.369801448,2.15e-06,0.132537842,95.26798719,7506.63803,0.008026123,0.11365820111039543,9.271500711392619
507_img_.png,102.4909821,69.48588195,4828.287791,6.302029789,252,69.48588195,86.79232788,106.0562439,125.3534851,118.4761732,0.375059114,71.44743347,131.1016083,921.4629289,0.904131457,0.21649502,0.31230557,0.046870094,15.11737132,10.81400747,7.15e-07,0.130722046,93.01690431,7655.046611,0.005706787,0.3191288315245768,9.260675440304665
508_img_.png,63.20246887,63.94791706,4089.336097,5.125134322,246,63.94791706,63.58026123,63.2665863,61.92190552,110.7621649,0.507876246,49.89233398,76.33377075,507.4790901,0.938014381,0.437581019,0.511667426,0.191477148,11.13647365,8.544402798,2.92e-06,0.160217285,86.83603811,4568.013671,0.00881958,0.04192278747718011,9.06404816293341
509_img_.png,66.11473083,66.35650714,4403.18604,5.126634567,254,66.35650714,62.0259552,67.21894836,71.19662476,120.8613058,0.448113993,31.57867432,75.85559082,727.4096661,0.917471247,0.437646835,0.523327232,0.191534752,13.00494792,8.543817071,2.92e-06,0.166412354,93.1433685,6809.846114,0.009552002,0.042467029000211265,7.69252551208891
50_img_.png,61.07113647,50.91658414,2592.498541,6.153870245,250,50.91658414,41.10452271,70.47737122,64.98083496,104.0951149,0.303448007,106.1951599,74.21244812,409.0078585,0.921147078,0.2506245,0.380769895,0.06281264,10.28242953,10.22695339,9.58e-07,0.152587891,81.05961311,3156.38739,0.008331299,0.20439407598122963,11.14093108177048
510_img_.png,54.47407532,58.38467673,3408.770477,5.122247383,246,58.38467673,26.34379578,67.23664856,62.54684448,100.236251,0.202982638,100.7433929,70.07824707,988.6306066,0.855145617,0.437549344,0.494823685,0.191449428,15.38976716,8.681292725,2.92e-06,0.158401489,85.66981338,7746.317123,0.007522583,0.06219321110793297,8.243591054209418
511_img_.png,84.2155304,65.98659618,4354.230875,6.378085134,255,65.98659618,60.27609253,90.38240051,115.2726898,110.3516534,0.293093122,114.772644,125.0055389,828.8213695,0.904846262,0.250431284,0.365087964,0.062715828,14.78583027,10.761649,9.57e-07,0.149139404,86.37335204,8564.231597,0.005081177,0.17449316471231224,9.68337398430898
512_img_.png,82.59608459,64.40509088,4148.015731,6.475948054,255,64.40509088,73.07955933,85.8500061,90.80314636,123.52996,0.413689528,66.87731934,96.67463684,951.1545803,0.885460329,0.254003445,0.312383927,0.06451775,17.21481311,11.25969453,9.84e-07,0.210906982,107.4537147,9747.031296,0.007446289,0.06255796235444144,8.035744963019756
513_img_.png,88.9850769,81.77659985,6687.412283,6.18253416,255,81.77659985,81.19743347,92.54779053,91.06983948,126.0164842,0.442209354,64.98843384,103.6531067,1706.404289,0.872453868,0.328158793,0.356494983,0.107688193,24.09938725,10.76899453,1.64e-06,0.233886719,148.9507257,15178.71649,0.010742188,0.04220941508745495,7.7142297284694825
515_img_.png,72.19194031,50.7135469,2571.863839,5.973168995,205,50.7135469,46.13204956,87.31954956,62.640625,95.8648935,0.307628673,98.75984192,87.37236023,103.9377451,0.979824036,0.250423136,0.367135565,0.062711747,5.916421569,9.874374735,9.57e-07,0.088348389,52.71349183,873.4668604,0.007537842,0.1384094879743909,10.686376480488535
516_img_.png,89.22000122,62.14241456,3861.679688,6.237506167,253,62.14241456,68.07681274,100.435379,86.92419434,109.9283993,0.363348462,73.06114197,101.0354309,655.8320159,0.915134178,0.254070666,0.309310259,0.064551903,15.09123775,10.93670534,9.85e-07,0.180664063,99.22990994,5876.62135,0.008911133,0.08007610548448599,9.24667769323589
517_img_.png,67.78039551,70.28371909,4939.80117,5.81568352,255,70.28371909,57.0428772,72.42855835,71.99760437,112.6262515,0.394962215,86.97059631,88.56468201,952.374954,0.90357986,0.367261894,0.424421535,0.134881299,15.91490502,9.798127753,2.06e-06,0.156692505,106.6418742,9293.2034,0.007247925,0.09670178285259362,7.547348227044731
518_img_.png,73.02754211,69.95078283,4893.112019,4.98921146,246,69.95078283,29.73873901,89.91455078,99.61535645,99.00592424,0.156907896,104.1725159,99.75723267,346.3650582,0.964615356,0.437592719,0.51759606,0.191487387,8.640548407,8.285371727,2.92e-06,0.14730835,73.90763952,3347.488776,0.00819397,0.052937481198495416,9.050661503589804
519_img_.png,73.89282227,56.32712096,3172.744555,6.279007062,250,56.32712096,34.24188232,86.93310547,110.7440491,98.83417993,0.173221243,139.8182068,112.5204163,570.9506893,0.91016476,0.250255129,0.351479573,0.06262763,12.12207414,10.64719195,9.55e-07,0.141357422,78.47867041,5845.01852,0.005111694,0.20199743787467006,8.188420078910614
51_img_.png,69.00021362,53.77658261,2891.920837,6.197911377,249,53.77658261,50.68223572,78.66416931,67.26716614,106.9678736,0.347301939,92.9848938,80.34315491,545.6000766,0.905698687,0.250326483,0.339420915,0.062663348,13.18690257,10.68281761,9.56e-07,0.203735352,103.7779142,4800.459645,0.01083374,0.11099548205029681,11.525519960140864
524_img_.png,68.46220398,68.40094298,4678.689001,5.564916281,255,68.40094298,35.91749573,79.91595459,94.81221008,100.0349414,0.205562142,115.9573364,99.80241394,542.5088388,0.942119277,0.375376951,0.499946857,0.140907855,9.287454044,8.937289121,2.15e-06,0.093948364,61.69727098,5544.987118,0.004089355,0.1856607437406799,7.679924551826337
526_img_.png,97.15658569,66.79414298,4461.457537,6.292534234,249,66.79414298,39.31903076,121.0018616,126.0649261,103.5882147,0.159143328,136.3574524,128.7538147,573.5392157,0.935761407,0.250496296,0.401127323,0.062748395,11.86685049,10.51515681,9.57e-07,0.14225769,77.48731598,5535.96276,0.007003784,0.21410325168097902,8.21679907112628
527_img_.png,88.74334717,72.67192131,5281.208147,5.784316702,249,72.67192131,55.33787537,104.8143768,93.60424805,107.1690328,0.278894561,87.02827454,105.0220032,1030.970527,0.902271439,0.339919359,0.391216311,0.115545171,16.94448529,10.07002935,1.76e-06,0.195053101,107.5578207,6864.497171,0.010055542,0.07001119131626536,7.894706308732476
528_img_.png,77.86509705,67.68373232,4581.087621,5.884722041,251,67.68373232,33.70425415,96.2381134,99.09672546,98.37129554,0.172546046,122.2931366,102.332077,1075.613312,0.882582405,0.339901405,0.393199373,0.115532965,17.19257047,10.17681805,1.76e-06,0.195678711,108.2198582,9255.140515,0.00994873,0.06544858214940419,8.142717447582745
52_img_.png,80.20928955,61.63417135,3798.771078,6.456508332,254,61.63417135,68.47894287,87.94445801,71.15278625,114.4386061,0.43042193,64.12535095,88.29689026,771.0366728,0.898476242,0.250091023,0.294637204,0.06254552,17.15928309,11.321827,9.54e-07,0.257659912,140.2052322,5750.321887,0.015869141,0.04697018255439525,9.238569999968757
530_img_.png,62.97253418,56.52714529,3195.318154,5.785418435,231,56.52714529,46.84938049,68.34931946,77.57743835,121.0527592,0.321047224,79.12477112,85.26072693,258.0746324,0.959644492,0.33225754,0.479646186,0.110395073,7.330637255,9.349261402,1.68e-06,0.092102051,54.0528739,2173.07745,0.004806519,0.24197507600256238,9.309730927070044
531_img_.png,89.92985535,76.84625496,5905.346902,5.891541279,254,76.84625496,86.00939941,90.24339294,98.62290955,123.1972475,0.455398334,37.10787964,100.6799316,80.56312806,0.993185338,0.332221763,0.451084779,0.1103713,4.658532475,9.203142995,1.68e-06,0.046005249,39.24721627,1108.432789,0.002349854,0.25428758714772287,8.393478193278776
532_img_.png,63.86930847,48.50456887,2352.693201,6.102759393,248,48.50456887,48.0778656,74.45306396,50.79650879,101.7263893,0.383856524,92.17616272,75.9395752,286.1677849,0.939217649,0.246366981,0.324325103,0.060696689,9.754886642,10.43923439,9.26e-07,0.132415771,65.34000321,2200.630622,0.008056641,0.1261934044353591,11.379072375845123
533_img_.png,45.60218811,49.47629629,2447.903895,5.128288367,227,49.47629629,40.19795227,50.67434692,33.67196655,117.9588625,0.476582207,72.27453613,52.0280304,225.1041207,0.954035128,0.425859781,0.489855224,0.181356553,7.477742034,8.40526083,2.77e-06,0.092651367,52.30122506,1918.712537,0.005615234,0.09150044516874949,9.218800058975544
534_img_.png,74.45202637,70.50584108,4971.073626,4.770771579,222,70.50584108,78.82992554,76.38551331,52.95492554,108.3109608,0.609476249,52.6530304,81.46110535,112.5293352,0.988686953,0.438529725,0.637051699,0.192308319,4.453201593,7.271761703,2.93e-06,0.072799683,40.74168768,1450.796753,0.003036499,0.20258762887375448,8.523713284609887
535_img_.png,77.67506409,52.81628989,2789.560478,5.832739761,249,52.81628989,47.6907959,94.32670593,70.59033203,91.05575453,0.289180527,102.5382385,94.92749023,159.7613971,0.971410232,0.242710698,0.364936908,0.058908483,6.622824755,9.765201904,8.99e-07,0.053665161,44.51405787,1435.592829,0.003112793,0.22639412564841732,12.625567224591055
536_img_.png,65.95628357,59.93242295,3591.895321,5.836888508,253,59.93242295,49.85823059,73.17457581,71.0004425,111.1262485,0.345817404,76.7870636,77.37876892,564.7099571,0.921346392,0.336017021,0.3862817,0.112907438,13.46675858,9.978494316,1.72e-06,0.211242676,111.3460597,4695.345851,0.013473511,0.05204777775967203,10.610186162394527
537_img_.png,64.9316864,60.10294909,3612.364489,5.767371036,253,60.10294909,45.84088135,73.48356628,70.96025085,111.1119146,0.317361326,84.09855652,76.03396606,502.2064338,0.930493129,0.336140587,0.41415077,0.112990494,12.0658701,9.715977216,1.72e-06,0.189224243,106.9513579,3924.840373,0.013122559,0.06863454764742241,10.336818820069531
538_img_.png,65.16404724,57.8847916,3350.649099,5.784238114,242,57.8847916,35.92268372,78.33628845,74.03993225,100.7259021,0.235749932,106.8358765,79.76780701,335.9907782,0.949864458,0.336041251,0.398346592,0.112923723,10.44558824,9.734361776,1.72e-06,0.198547363,93.0362308,2610.387437,0.013717651,0.07484209290368948,9.558821424800687
539.png,50.80212402,56.67212485,3211.729735,5.139050298,244,56.67212485,30.08938599,61.06939697,52.28607178,107.9732499,0.265442738,82.82017517,61.16259766,625.1988971,0.902627052,0.437599891,0.541032971,0.191493665,10.75530025,8.371989155,2.92e-06,0.142959595,87.8426672,5242.373009,0.008987427,0.058282598495977916,7.873710400280368
539_img_.png,63.29241943,59.34712469,3522.081208,5.876207139,249,59.34712469,40.76881409,73.97755432,67.33369446,110.8248141,0.288503671,94.78152466,78.3283844,859.9134344,0.877937965,0.336003873,0.388094065,0.112898603,16.05237439,10.15678476,1.72e-06,0.208618164,110.881696,6852.54184,0.011962891,0.05246084323081782,11.200729680731731
53_img_.png,51.67776489,56.21453567,3160.074021,6.328770021,255,56.21453567,49.56655884,53.76712036,46.43557739,126.7697141,0.494662918,42.96577454,54.85490417,630.7013021,0.900238945,0.250266059,0.319672378,0.062633101,14.25880821,10.82417537,9.55e-07,0.185134888,99.19494877,4126.689208,0.012039185,0.08967362086223996,8.875325121415747
540_img_.png,62.68609619,53.0119685,2810.268804,5.64817016,238,53.0119685,35.92608643,75.50892639,66.83372498,100.6042875,0.252391578,97.07315063,75.66081238,218.3612745,0.961197012,0.336047571,0.395580773,0.11292797,8.862867647,9.532583973,1.72e-06,0.173919678,69.93422051,1729.97384,0.01020813,0.07730194563219539,9.495539508281645
541_img_.png,63.71974182,56.64301955,3208.431663,5.751384207,244,56.64301955,33.56332397,77.47740173,71.98002625,99.18204085,0.224567788,109.7072906,77.88641357,281.457644,0.956047067,0.336052161,0.404271595,0.112931055,9.305744485,9.633249684,1.72e-06,0.181564331,92.24716313,1848.469855,0.014770508,0.0700042617583273,11.010217697659526
542_img_.png,54.04455566,53.36670027,2848.004698,5.619607403,247,53.36670027,32.03839111,64.47584534,58.04508972,104.026654,0.261493198,107.7575989,65.25561523,533.7177543,0.906245175,0.336136527,0.402968529,0.112987765,12.42859988,9.57494503,1.72e-06,0.189102173,117.7413809,3533.255401,0.015518188,0.06592015488629409,9.099526176225645
543_img_.png,68.00788879,61.72710373,3810.235335,5.791013199,248,61.72710373,33.81840515,83.60578918,77.36882019,99.00459364,0.210085338,116.5060425,84.05982971,399.0895374,0.947613173,0.336073127,0.40413366,0.112945147,10.99624694,9.726497009,1.72e-06,0.196609497,108.1324117,2746.619421,0.01663208,0.06511809408637617,9.641072654802418
544_img_.png,63.22799683,48.66292731,2368.080494,5.188172755,215,48.66292731,24.23698425,79.74945068,80.41011047,86.57629076,0.151330236,127.5792236,83.09448242,227.3343597,0.952015448,0.336450311,0.490298321,0.113198812,7.053967525,8.685178183,1.73e-06,0.111450195,59.94074156,1772.560846,0.007278442,0.22394274790440008,8.49093180314972
545_img_.png,62.11051941,47.80975797,2285.772957,5.130642827,209,47.80975797,24.66618347,77.853302,79.2865448,87.65316637,0.156969629,125.9841309,81.51300049,214.0724877,0.953144384,0.336421967,0.491881186,0.11317974,6.863235294,8.599915102,1.73e-06,0.117507935,59.82444661,1581.539994,0.007217407,0.20925174048870257,9.402553114313909
546_img_.png,64.93583679,57.1394427,3264.915912,5.640648566,249,57.1394427,31.85151672,79.27297974,77.90457153,95.36254225,0.20264673,118.8864136,82.45465088,514.1200214,0.921307103,0.336060505,0.396451686,0.112936663,12.32571998,9.686362075,1.72e-06,0.169067383,87.78648249,4560.031411,0.008575439,0.04774405754443554,8.924964767724347
547_img_.png,59.89666748,60.08183585,3609.826999,5.645846335,251,60.08183585,43.24040222,65.63972473,74.02920532,116.1298922,0.309592135,76.24856567,75.98358154,597.140579,0.917316977,0.37118313,0.44027864,0.137776916,11.92832414,9.395046207,2.1e-06,0.157119751,97.26187708,5264.606381,0.010070801,0.050784386367574263,9.033135909709186
549_img_.png,69.83435059,54.55018359,2975.72253,5.366580055,245,54.55018359,30.43357849,85.55960083,92.2618866,83.89463655,0.1711468,126.525177,95.8381958,138.0928309,0.976797503,0.336574323,0.546135881,0.113282275,4.741697304,8.455389433,1.73e-06,0.08102417,50.04997011,1169.97611,0.00453186,0.2021209440815357,8.678652444462022
550_img_.png,61.74485779,54.03199509,2919.456494,5.664222333,243,54.03199509,28.90687561,75.08174133,79.20393372,93.91023809,0.187359427,125.104599,83.28111267,277.9105392,0.952408245,0.336135521,0.442150843,0.112987088,8.257567402,9.354187339,1.72e-06,0.152374268,78.01730856,2664.949672,0.00869751,0.08069021275265616,9.42458744209883
551_img_.png,64.31436157,57.94675389,3357.826287,5.79604731,246,57.94675389,39.93782043,75.79772949,69.12408447,105.7949157,0.275581842,94.71025085,76.45037842,444.9937194,0.933760776,0.33602477,0.391036326,0.112912646,12.2189951,9.893491937,1.72e-06,0.209320068,104.6632736,3419.092132,0.013656616,0.04543720392971945,8.268072459486003
552_img_.png,70.25756836,61.22397409,3748.375004,5.703750045,247,61.22397409,39.39329529,83.49636841,83.03485107,101.1478899,0.236552014,105.4300842,85.31291199,235.6683517,0.968569183,0.336134292,0.417787302,0.112986262,8.442769608,9.447682888,1.72e-06,0.17779541,96.95071831,1667.033034,0.013885498,0.06258155872808453,10.125646832272663
554_img_.png,76.92550659,67.49242334,4555.227208,5.903228804,252,67.49242334,55.73735046,86.50500488,83.1700592,109.1884649,0.328494648,79.98248291,90.90110779,321.8818627,0.964663267,0.336042343,0.409979034,0.112924456,9.793780637,9.797319673,1.72e-06,0.173843384,86.90554504,2545.760431,0.011428833,0.08451674762329835,8.279594028041846
5554.png,100.3487701,64.70995458,4187.378222,5.988945443,240,64.70995458,78.07620239,113.8856049,89.11940002,103.3300707,0.384602352,72.02326965,113.9141998,54.25695466,0.993526823,0.252709137,0.565283552,0.063861908,2.969944853,8.843416568,9.74e-07,0.058197021,43.6600418,692.3817501,0.003952026,0.34391962082286415,10.35304092676534
555_img_.png,59.52391052,58.8048334,3458.008431,5.645649257,254,58.8048334,37.71609497,68.98980713,67.99160767,104.4959866,0.275337315,104.3503113,73.12399292,312.8903646,0.95481521,0.336183186,0.423370569,0.113019135,9.050658701,9.333110316,1.72e-06,0.1277771,77.86599539,1980.779369,0.009490967,0.0855710270986968,8.08420229750116
556_img_.png,68.24020386,62.51479131,3908.099132,5.881093753,248,62.51479131,42.14749146,78.99771118,81.29200745,99.64626401,0.262945695,109.0180359,88.25250244,359.5476103,0.95399739,0.336045107,0.413399243,0.112926314,9.884068627,9.786668345,1.72e-06,0.17036438,94.9749311,1849.958952,0.013534546,0.06547294166916905,8.458629610625664
557.png,42.65618896,50.38279421,2538.425953,5.120611024,232,50.38279421,42.88363647,43.36013794,38.42614746,113.0489155,0.524337745,46.59075928,48.80981445,444.0417892,0.91268325,0.437590219,0.519199928,0.1914852,9.771936275,8.388090833,2.92e-06,0.158004761,85.40561879,3621.566053,0.01121521,0.047905982861490254,7.6580753680383165
557_img_.png,62.76115417,55.58872401,3090.106237,5.700910883,251,55.58872401,32.45944214,75.1007843,78.7141571,95.86150517,0.211029188,118.88414,82.98153687,356.8854473,0.942230037,0.33610851,0.43537931,0.11296893,9.21439951,9.470382993,1.72e-06,0.147827148,83.09978826,2516.898852,0.0103302,0.06867246665582155,9.421367482136722
558_img_.png,61.74485779,54.03199509,2919.456494,5.664222333,243,54.03199509,28.90687561,75.08174133,79.20393372,93.91023809,0.187359427,125.104599,83.28111267,277.9105392,0.952408245,0.336135521,0.442150843,0.112987088,8.257567402,9.354187339,1.72e-06,0.152374268,78.01730856,2664.949672,0.00869751,0.0727704328682998,8.990421915994343
559.png,42.45379639,51.47022195,2649.183748,5.13587635,247,51.47022195,41.4699707,43.51164246,39.56556702,114.3032864,0.499173852,37.80645752,46.98928833,437.0754749,0.917602066,0.437601968,0.523092137,0.191495482,9.49888174,8.363990763,2.92e-06,0.153366089,87.72571262,3688.205491,0.011657715,0.05329604164589902,7.420636148211745
55_img_.png,86.73069763,69.33544719,4807.404237,6.62325979,254,69.33544719,80.84945679,91.93849182,75.34265137,124.5159042,0.483314827,51.45591736,92.70976257,1231.521676,0.871930815,0.250061671,0.285564698,0.06253084,21.95718444,11.67733819,9.54e-07,0.259307861,164.1561758,8501.193301,0.016891479,0.045098927691940016,8.828801503119317
560_img_.png,68.38496399,57.61071345,3318.994305,5.597919853,245,57.61071345,42.70397949,79.43992615,78.78681946,97.38019206,0.269891031,104.441925,88.1394043,294.9703125,0.9555585,0.337039865,0.516213485,0.113595871,7.939981618,8.996052872,1.73e-06,0.130691528,75.58369322,2613.634808,0.00819397,0.1723489810122207,9.634464595607637
561_img_.png,64.86361694,52.20890441,2725.769699,5.368622432,251,52.20890441,32.33247375,78.48651123,80.09950256,91.61674026,0.203879731,118.0412445,85.96003723,459.3353248,0.91578515,0.336415546,0.462811256,0.113175419,10.50842525,9.113459718,1.73e-06,0.128692627,68.58507651,4011.454486,0.005233765,0.15452046542974493,10.632923144707782
562_img_.png,71.31047058,60.886776,3707.199491,5.648281589,249,60.886776,38.2164917,85.13858032,86.93234253,91.60464312,0.222097325,119.5381012,94.93287659,131.0540594,0.982306219,0.336482758,0.524485556,0.113220647,5.155958946,8.799325802,1.73e-06,0.088165283,51.78826088,1101.989656,0.00553894,0.23137222989630982,8.979193606526321
563.png,52.57933044,58.37774737,3407.961389,5.06772181,227,58.37774737,48.0871582,54.50878906,54.36413574,112.0929454,0.441681513,42.58088684,59.62547302,97.35027574,0.985706936,0.43818629,0.692062651,0.192007225,2.997610294,7.234687785,2.93e-06,0.057113647,41.77254351,1061.982681,0.003417969,0.17246123815865175,7.742017193934729
563_img_.png,59.9690094,47.13967498,2222.148957,5.258187685,222,47.13967498,21.80265808,76.2171936,76.42323303,86.27682974,0.142836721,130.9783478,79.35765076,142.0719516,0.968037666,0.336394497,0.487911627,0.113161258,5.592325368,8.639507549,1.73e-06,0.094985962,54.05716244,1154.408752,0.005508423,0.1856663503923219,8.324107241579819
564_img_.png,60.66995239,47.8955775,2293.986344,5.234444363,228,47.8955775,23.20812988,75.53930664,82.34513855,88.23607251,0.146994404,129.6148376,84.63526917,120.2893689,0.973786067,0.336741635,0.566567434,0.113394929,3.940533088,8.136352073,1.73e-06,0.03994751,37.10044275,1012.811004,0.002441406,0.31985178673713044,9.232256316884392
566_img_.png,100.7705383,64.61280709,4174.81484,6.057630771,255,64.61280709,96.93089294,102.2377014,103.2816315,119.1676372,0.471638807,42.85040283,113.5926514,208.7352941,0.975008334,0.250409311,0.365710395,0.062704823,7.681556373,10.13318909,9.57e-07,0.128326416,70.78453417,1401.288679,0.008560181,0.1768027340328514,9.569940218273125
567.png,48.04577637,53.21574348,2831.915354,5.06221686,228,53.21574348,46.47261047,49.14082336,46.5337677,109.3077013,0.485736181,35.52139282,52.94599915,78.50969669,0.986141441,0.437858272,0.641507679,0.191719867,3.129488358,7.479637222,2.93e-06,0.066741943,45.90996687,747.4821443,0.00428772,0.13496742146994342,8.198169091334819
567_img_.png,76.83483887,55.1157712,3037.748234,4.181649379,146,55.1157712,64.57312012,84.40962219,69.89651489,109.5298698,0.418474089,44.47689819,84.41448975,5.151194853,0.999152213,0.34874169,0.756937731,0.121620766,0.889093137,5.89177754,1.86e-06,0.009658813,15.72025136,239.6003975,0.000137329,0.5154662314037148,10.654559797138015
568_img_.png,78.27111816,56.1033381,3147.584545,4.201547038,140,56.1033381,66.06695557,85.79177856,71.58802795,108.8817978,0.419793092,42.1590271,85.79177856,4.248927696,0.999325089,0.344304,0.746479873,0.118545244,0.870496324,5.961301072,1.81e-06,0.010009766,16.3959274,244.7757109,0.000320435,0.507027576485042,10.586214143307897
569_img_.png,64.84954834,49.42400106,2442.731881,5.120319533,219,49.42400106,34.82432556,79.75735474,66.87083435,92.56149258,0.237500891,98.01307678,80.97549438,30.59762561,0.993736993,0.336926062,0.595070483,0.113519172,2.394102328,7.749454962,1.73e-06,0.023498535,27.20768977,364.108068,0.001434326,0.3184087056030091,12.354698831706553
56_img_.png,65.01963806,49.1473117,2415.458248,6.00988166,247,49.1473117,43.37731934,75.68632507,66.86705017,103.839662,0.304288266,106.387146,77.67059326,400.740579,0.917019238,0.2505452,0.368793488,0.062772897,10.45537684,10.22016204,9.58e-07,0.157333374,82.49439607,3759.129454,0.008163452,0.19924221190554947,11.91564209309469
570_img_.png,66.931427,51.25748323,2627.329587,5.267322629,169,51.25748323,55.54611206,76.23620605,48.89555359,112.9383062,0.443900991,69.75624084,76.24084473,96.54437806,0.981626172,0.336153962,0.42174524,0.112999486,5.888526348,8.870436387,1.72e-06,0.120376587,55.42291227,835.3128628,0.010177612,0.10366117919168834,10.400440128621627
571_img_.png,64.51306152,51.34427377,2636.234449,5.463515929,193,51.34427377,52.41415405,73.90707397,47.87806702,113.3372357,0.430382177,72.70606995,73.93115234,98.58356311,0.981303235,0.336127736,0.428480904,0.112981855,5.794010417,9.027517539,1.72e-06,0.111190796,55.16609655,818.8001013,0.009643555,0.10740961374042579,9.3380001632741
572_img_.png,93.71281433,63.72856682,4061.330229,6.263150279,255,63.72856682,93.27290344,94.33375549,91.68470764,122.404551,0.50141745,32.26515198,101.3658905,502.6314185,0.938146024,0.250178323,0.316578849,0.062589193,12.86640625,10.85728286,9.55e-07,0.209823608,108.2039841,3349.947368,0.013061523,0.09148447535688677,10.355050149628228
573_img_.png,74.90882874,54.41687367,2961.19614,4.736914086,165,54.41687367,65.50634766,80.64706421,69.97991943,113.8933374,0.434891187,36.40509033,80.73796082,11.08126532,0.998128879,0.337897211,0.603414055,0.114174525,1.720879289,7.194631967,1.74e-06,0.013397217,23.74493188,241.5344847,0.001159668,0.3770919782240238,11.104653578448637
574_img_.png,70.65267944,53.22606659,2833.014165,5.028771973,164,53.22606659,41.7096405,85.73754883,69.02081299,94.73854177,0.269514616,95.78704834,86.84458923,13.46220895,0.997624415,0.340720521,0.72179032,0.116090473,1.422901348,6.973536521,1.77e-06,0.017105103,20.88874215,320.3939667,0.00088501,0.3948019402840446,6.587993319086478
575_img_.png,66.08573914,49.40489281,2440.843433,5.058519429,153,49.40489281,45.72360229,78.07875061,57.73907471,102.4537124,0.336653913,78.35572815,78.0791626,55.58287377,0.988615636,0.33654472,0.515004778,0.113262349,3.85971201,8.23221989,1.73e-06,0.067626953,39.50424136,567.7764485,0.006118774,0.19713853026902728,9.691097603567881
576_img_.png,72.6749115,55.9323192,3128.424332,5.21552252,161,55.9323192,60.40063477,81.25617981,60.71162415,116.0176715,0.425453047,52.95697021,81.25617981,94.58265931,0.984888201,0.336349352,0.451404641,0.113130887,5.42689951,8.654881032,1.73e-06,0.117630005,53.89349818,774.6622869,0.009536743,0.12228427262261755,10.055543303494947
577_img_.png,67.15899658,49.54303809,2454.512623,4.775972851,162,49.54303809,39.14505005,82.50190735,61.69444275,95.0501537,0.271470464,101.7770691,83.1497345,16.97429534,0.996543389,0.342083863,0.692194204,0.117021369,1.778002451,6.939853676,1.79e-06,0.02154541,23.71879034,337.9762264,0.001266479,0.4233010449756301,10.51953376364109
578_img_.png,67.57583618,51.06137089,2607.263597,5.153675363,237,51.06137089,44.26486206,79.48629761,67.37039185,98.16510898,0.301415361,89.05967712,81.80236816,54.96237745,0.98946072,0.336801486,0.537803035,0.113435241,3.410876225,8.1463004,1.73e-06,0.047851563,36.69548961,636.3667601,0.002792358,0.2240578443239398,9.227618792183518
579_img_.png,70.48970032,54.21374468,2939.130112,5.252315602,159,54.21374468,46.34317017,83.55763245,66.53016663,104.325211,0.308773734,81.52069092,83.55763245,25.10963542,0.995729533,0.33673792,0.580955545,0.113392427,2.445848652,7.991083749,1.73e-06,0.039505005,30.78169816,381.5540539,0.003143311,0.27374922855115225,9.332906669175854
57_img_.png,84.13322449,62.45412303,3900.517484,6.436637063,237,62.45412303,66.79138184,96.97531128,63.47686768,112.1966464,0.416269709,84.18725586,97.58856201,321.4598346,0.958846374,0.250161314,0.344191374,0.062580683,10.36360294,10.86371459,9.55e-07,0.179580688,87.64127383,1727.362887,0.012008667,0.16786619557179705,9.424526715326508
580_img_.png,67.50335693,50.42092676,2542.269856,4.841544588,166,50.42092676,41.14671326,81.06414795,66.9059906,98.57760108,0.278074439,87.7976532,81.06535339,12.89655331,0.997464783,0.340687496,0.674608995,0.11606797,1.646124387,7.05489989,1.77e-06,0.016830444,23.98042247,336.7572784,0.000930786,0.3979808177836203,10.211918676598648
5818.png,114.1384277,68.97455738,4757.489566,5.705183598,231,68.97455738,84.69866943,130.0654144,109.3253632,107.964529,0.353809241,72.65744019,130.0807495,16.25386029,0.998293025,0.253258802,0.652652026,0.064140021,1.568137255,8.086440001,9.78e-07,0.030212402,27.58496889,508.624669,0.001327515,0.4956896170058373,10.094495655467124
581_img_.png,92.22596741,61.13512858,3737.503947,6.061032397,244,61.13512858,71.89257813,103.2075806,89.09970093,106.3276458,0.373842205,60.03356934,103.2715302,64.20784314,0.991400565,0.250786186,0.470062658,0.062893711,3.884375,9.426513419,9.59e-07,0.058624268,42.99500109,674.2864707,0.004470825,0.31498470371611004,10.929749512698068
582_img_.png,79.26515198,56.39919741,3180.869468,6.229091074,254,56.39919741,64.4196167,85.07357788,88.29837036,112.5579562,0.371568857,58.90263367,89.59260559,420.7748315,0.933925788,0.250222195,0.330122779,0.062611147,11.47378983,10.66057353,9.55e-07,0.179626465,91.14217174,2642.916379,0.011459351,0.11340961014340194,10.064949958322915
5830.png,114.1083832,68.22687685,4654.906725,5.351361806,229,68.22687685,81.41329956,130.9958038,112.5127869,106.481399,0.334334404,75.16072083,130.9958038,11.94261642,0.998717519,0.258786016,0.730519482,0.066970202,1.183455882,7.339500278,1.02e-06,0.023849487,24.76324616,523.1007678,0.000839233,0.5260908037860664,9.379262207672257
583_img_.png,62.47557068,61.74944091,3812.993452,5.150565931,250,61.74944091,45.6993103,69.37123108,70.96043396,117.2399854,0.325652163,56.90756226,72.88343811,603.2041667,0.921015389,0.429759556,0.503922567,0.184693276,11.58777574,8.60827143,2.82e-06,0.124633789,71.32836528,6491.75343,0.004241943,0.11854865856184695,7.313658061012483
584_img_.png,84.68002319,60.49328728,3659.437806,6.175318333,247,60.49328728,68.84596252,94.50642395,75.63182068,107.0777942,0.40464719,61.37879944,94.64952087,138.0296415,0.981136993,0.250576637,0.402539294,0.062788651,6.170971201,9.964401096,9.58e-07,0.119934082,64.47693474,842.7662029,0.010452271,0.14632375465366604,9.6835263482117
585_img_.png,88.56442261,62.08836786,3854.965424,6.318001485,249,62.08836786,78.67947388,96.0138855,76.1073761,114.9530363,0.45711653,46.34039307,96.01766968,350.5997396,0.954553829,0.250133471,0.307621529,0.062566753,11.75574449,10.89407248,9.54e-07,0.208297729,91.80058308,2659.851294,0.012451172,0.07633711675700112,10.556073447368703
586_img_.png,48.76034546,35.79341871,1281.168823,5.777317323,180,35.79341871,41.07881165,53.62950134,43.83731079,104.9868043,0.421464607,47.47268677,53.63339233,182.4155637,0.928735166,0.250341633,0.338386148,0.062670933,8.391207108,10.01064239,9.56e-07,0.1590271,62.8649455,1354.130066,0.00958252,0.08946835177262646,9.72663899259359
587_img_.png,89.90505981,62.31555735,3883.228688,6.276003029,245,62.31555735,70.49462891,100.6309052,85.59358215,109.3119285,0.378546505,61.81933594,100.6367035,352.6305453,0.95460965,0.250165151,0.328469596,0.062582603,11.12037377,10.77948351,9.55e-07,0.206802368,99.77619223,3024.52153,0.012191772,0.08107517697277368,10.164923356461301
588_img_.png,94.06799316,64.98564706,4223.134323,6.285622222,251,64.98564706,76.2915802,104.6310272,86.30349731,109.5504176,0.399569331,59.22808838,104.6356659,332.1853248,0.960702978,0.250177707,0.33329228,0.062588885,10.60404412,10.73123295,9.55e-07,0.19342041,98.6891896,2886.185907,0.014358521,0.07240549013066376,9.191141877537847
589_img_.png,105.4914551,64.34857207,4140.738727,5.711778692,236,64.34857207,82.98144531,116.6787872,107.0045319,111.7062869,0.370977352,55.9811554,116.6807556,90.69800858,0.989048659,0.250590943,0.392043771,0.062795821,5.406372549,9.547589397,9.58e-07,0.08404541,52.94334358,995.1638183,0.005569458,0.18725548317152443,10.744696515756562
58_img_.png,81.35162354,60.96973671,3717.308795,6.408340413,252,60.96973671,63.80162048,91.10375977,77.15283203,110.3143121,0.379192398,74.42729187,91.43293762,668.6875766,0.910113436,0.250112231,0.307300444,0.062556128,15.3501685,11.17018137,9.54e-07,0.233291626,118.1097269,5822.201141,0.011672974,0.06294757432171066,9.48756148913784
590_img_.png,100.1652985,64.28155459,4132.118261,5.995186266,243,64.28155459,79.1151886,111.4183807,97.44921875,108.0028718,0.378781529,58.65853882,111.436615,185.9839767,0.977474869,0.250318315,0.34689896,0.062659259,8.094240196,10.20524273,9.56e-07,0.161437988,73.06119373,1672.234814,0.0103302,0.09169199731494905,8.902948632895143
591_img_.png,84.78312683,60.61372778,3674.023996,6.255760138,250,60.61372778,68.34469604,94.6879425,76.9214325,107.7095427,0.398257357,61.84251404,94.71401978,292.542019,0.960189004,0.250254977,0.349875143,0.062627553,9.801210172,10.57348223,9.55e-07,0.182296753,91.62619112,2112.163726,0.013015747,0.1011223925117446,9.314487859455706
592_img_.png,102.1985016,63.52362783,4035.251292,5.88839592,230,63.52362783,75.11152649,115.7457275,103.51297,109.6717619,0.34257034,67.44963074,115.7608032,79.81351103,0.990113871,0.250653182,0.434706178,0.062827017,4.56997549,9.510186313,9.58e-07,0.076980591,49.96859015,796.0700559,0.005645752,0.22919112479272108,9.825626110166588
593_img_.png,96.3177948,66.80905777,4463.4502,6.257073498,250,66.80905777,72.78129578,109.0414886,92.55058289,106.9545114,0.361032531,68.00721741,109.0437775,304.9877757,0.965828653,0.250202293,0.337612428,0.062601187,9.956372549,10.62516789,9.55e-07,0.18006897,87.53346344,2618.469769,0.012313843,0.08918173494653893,9.296976696771797
594_img_.png,90.41847229,65.16966645,4247.085425,6.384462756,251,65.16966645,73.12113953,100.7514954,82.5763855,109.6078615,0.398854441,59.3674469,100.7597656,509.069761,0.940035825,0.250118521,0.304485665,0.062559275,13.9122549,11.06839629,9.54e-07,0.225921631,108.9780006,3466.953636,0.01473999,0.08262148921938234,9.413089737251187
595_img_.png,97.61877441,67.8625845,4605.330375,6.357050574,249,67.8625845,76.84152222,109.8232727,89.25444031,108.7227474,0.385987568,62.95648193,109.8308716,395.9683364,0.95691956,0.250120802,0.307049431,0.062560416,12.48892463,10.97817351,9.54e-07,0.226272583,102.7768802,2811.410904,0.015319824,0.08405895056617659,9.748302492595856
596_img_.png,92.40907288,61.84927458,3825.332766,6.106608619,252,61.84927458,71.53269958,103.9766846,87.6105957,105.1893871,0.37336873,64.61851501,103.977478,303.2082108,0.960344932,0.250245875,0.332162498,0.062622998,10.23299632,10.49501721,9.55e-07,0.185455322,89.20124318,2338.407278,0.013671875,0.08229372701094863,8.892794310495285
597_img_.png,94.92332458,66.01632023,4358.154537,6.28907852,239,66.01632023,67.7336731,109.6324463,90.46694946,104.7117733,0.338500138,78.43806458,109.6324463,252.6737745,0.970959098,0.250170918,0.322831371,0.062585488,9.771323529,10.67827366,9.55e-07,0.182067871,81.75620224,1801.615356,0.012420654,0.10873330864559959,9.894418683446917
598.png,49.20542908,53.17730641,2827.825917,5.115074333,231,53.17730641,41.44917297,53.25793457,48.68765259,96.88931978,0.406581335,80.66926575,63.06610107,328.4150429,0.941964662,0.437626071,0.565981858,0.191516578,7.636764706,8.188445492,2.92e-06,0.123352051,67.07700676,3145.199123,0.007171631,0.14608329617614071,8.886555376774727
598_img_.png,97.22323608,64.87552145,4208.833283,6.130998564,250,64.87552145,75.08938599,109.4574127,92.27722168,106.5257486,0.372218614,63.70713806,109.4839478,195.123223,0.976825247,0.250247627,0.336816562,0.062623875,8.417892157,10.38793221,9.55e-07,0.168411255,78.28396359,1776.787629,0.011291504,0.08483019682325439,9.04808789919515
599_img_.png,94.88827515,61.02232902,3723.724639,5.952062251,252,61.02232902,78.59848022,104.2648315,89.34234619,107.5567267,0.405968834,52.40937805,104.3906708,176.3323989,0.976328801,0.250667891,0.395593541,0.062834392,6.998054534,9.913022696,9.59e-07,0.123214722,67.28657669,1690.74733,0.007675171,0.15946336672778863,10.958523134235117
59_img_.png,90.36149597,71.22180226,5072.545117,6.608092436,255,71.22180226,82.68792725,94.54304504,88.95417786,109.9618158,0.450622227,92.33680725,110.9252319,853.7084559,0.915768342,0.253987094,0.305823563,0.064509444,17.56292892,11.43517442,9.84e-07,0.225509644,124.1079329,6514.646169,0.012481689,0.09024953244883471,9.526758478705833
600_img_.png,98.15318298,63.53146702,4036.247302,6.107767565,244,63.53146702,84.35707092,107.1993256,87.74668884,113.0858929,0.432720162,47.63505554,107.2222137,316.3539522,0.960812054,0.250170589,0.315596995,0.062585324,11.11832108,10.63713305,9.55e-07,0.208724976,86.94860401,2687.658776,0.011474609,0.06497930113472414,9.43427771192552
601_img_.png,95.52502441,61.66325444,3802.356948,6.059644965,252,61.66325444,82.99250793,103.3748932,88.02684021,114.2714021,0.433603743,44.31904602,103.4277954,300.1195312,0.960528733,0.250230152,0.334925572,0.062615129,10.1623315,10.48764601,9.55e-07,0.18536377,87.32624763,2465.662134,0.011917114,0.06416514540205177,9.578000140003642
602_img_.png,96.18031311,64.61792334,4175.476017,6.185075537,242,64.61792334,75.62193298,107.8534851,89.99212646,107.792693,0.382226992,61.10420227,107.8535767,289.9013174,0.965296465,0.250195457,0.326484398,0.062597767,10.15572917,10.60513554,9.55e-07,0.197265625,88.88665217,2494.688066,0.013336182,0.07226684971319637,9.52733241389124
603_img_.png,94.63023376,66.66821771,4444.651252,6.384628841,240,66.66821771,77.89309692,104.6553955,86.90101624,111.7611985,0.406632679,54.01452637,104.6570282,399.5289522,0.954999919,0.250116523,0.307189347,0.062558275,12.41534926,11.00654022,9.54e-07,0.217544556,97.80150793,2920.573299,0.015106201,0.09011538642491083,10.10132377839959
604_img_.png,90.89251709,65.53203782,4294.447981,6.376192143,234,65.53203782,71.28395081,102.0747681,84.75294495,110.2690199,0.381549127,60.96598816,102.0778656,272.0689645,0.968308333,0.250146849,0.325642438,0.062573446,10.04080882,10.77555466,9.55e-07,0.187393188,81.89201468,2102.305519,0.012939453,0.12561824119898576,10.911200701416863
605_img_.png,95.00332642,65.52110583,4293.015309,6.308208106,246,65.52110583,74.30766296,106.408493,90.51467896,110.8376049,0.377343419,61.96316528,106.4164734,372.1651195,0.956678634,0.250183123,0.34885418,0.062591595,10.80880821,10.73932921,9.55e-07,0.177581787,91.9449722,3216.803462,0.01184082,0.08819905518463962,10.303641080164956
6062.png,111.9444733,71.37639267,5094.589431,6.014029514,245,71.37639267,103.4035034,121.362915,85.7895813,105.4188718,0.499166099,99.87503052,139.3244629,53.26106005,0.994777925,0.252036192,0.611871345,0.063522242,2.433884804,8.635943684,9.69e-07,0.03843689,36.72266155,744.4042211,0.002182007,0.3688207069168903,8.328900117690548
606_img_.png,98.04905701,63.03900601,3973.916279,6.048889344,252,63.03900601,77.84638977,108.9895782,94.72375488,109.1801172,0.38213694,61.07992554,109.0445404,377.7245251,0.952491857,0.250357657,0.36178192,0.062678957,10.67967218,10.41014882,9.56e-07,0.165359497,89.94609939,3336.148762,0.010940552,0.12918887336143925,10.944499333466897
607_img_.png,93.7913208,61.03981921,3725.859529,5.967007657,201,61.03981921,63.28756714,109.5377502,92.82215881,102.1128334,0.312747557,82.72831726,109.5377808,34.42958027,0.99537998,0.250866117,0.500734039,0.062933809,3.051240809,9.163889771,9.6e-07,0.038314819,34.32335235,444.8658122,0.002822876,0.31917536689150733,11.824265022133154
6082.png,109.5092316,70.0857281,4912.009284,5.947940563,247,70.0857281,81.48931885,125.2683563,101.8011475,103.6263899,0.358873902,75.44410706,125.3745575,60.4285386,0.993853038,0.252791926,0.655268312,0.063903758,2.321522672,8.367796497,9.75e-07,0.03944397,35.03712452,781.6463118,0.002258301,0.495009793994824,9.932178024808492
608_img_.png,101.521286,61.0882788,3731.777806,5.548866147,237,61.0882788,72.99928284,115.0863342,106.353302,108.5805232,0.329657708,70.31962585,115.0925293,80.41913297,0.989231141,0.251187498,0.450833523,0.063095159,4.642539828,9.146411732,9.63e-07,0.073425293,47.81021086,891.4691464,0.005355835,0.11236346524816077,9.320115487262763
609_img_.png,93.69108582,64.21479813,4123.540299,6.256308574,250,64.21479813,72.89779663,105.4713745,87.5941925,107.4945958,0.377580517,64.16952515,105.4715576,303.1448683,0.963263657,0.250192088,0.3358254,0.062596081,10.18157169,10.66833709,9.55e-07,0.195220947,94.02915815,2398.234941,0.013076782,0.0687021097167864,9.138357424665642
60_img_.png,71.30567932,66.13607693,4373.980672,5.976842418,255,66.13607693,70.48809814,73.06674194,64.3943634,128.9937825,0.512785766,51.07429504,79.96452332,589.9256893,0.932619681,0.336008757,0.393587912,0.112901885,12.64768689,10.05851255,1.72e-06,0.15473938,91.91140879,4831.487817,0.008773804,0.10372799156719925,11.30522683691606
610_img_.png,62.92086792,58.65658761,3440.59527,5.493481205,254,58.65658761,53.08784485,66.48918152,70.39237976,113.3121264,0.387837809,64.35704041,77.60385132,321.8331648,0.953309105,0.379072893,0.49814252,0.143696258,7.176026348,8.747520107,2.19e-06,0.074325562,52.22045102,3126.130092,0.003631592,0.23207308125183387,8.844835450680463
611_img_.png,63.09042358,63.22519486,3997.425265,5.498410172,252,63.22519486,48.92616272,68.233078,73.76982117,116.6065575,0.344543407,78.73149109,80.12718201,692.11322,0.913405922,0.379062433,0.44426128,0.143688328,13.12112439,9.212255494,2.19e-06,0.142868042,75.2980353,6609.987088,0.005569458,0.14954615436317756,7.992820494266892
612_img_.png,94.95108032,60.79025494,3695.455096,5.995286247,248,60.79025494,76.05401611,105.8272247,88.55189514,108.9232404,0.391266388,59.52046204,105.8590851,216.5436887,0.970718904,0.250411629,0.376068168,0.062705984,7.9578125,10.128817,9.57e-07,0.152114868,75.30823722,1654.37574,0.00994873,0.15028488905375792,11.245111105932263
613_img_.png,102.0536499,62.27271213,3877.890676,5.711199427,227,62.27271213,78.71588135,114.3489838,100.0294037,114.0036841,0.367181983,60.2772522,114.5188293,79.73685662,0.989724125,0.251496584,0.496076813,0.063250532,4.157383578,9.095167031,9.65e-07,0.072174072,43.62126325,860.4091466,0.004379272,0.3198514484063688,11.069662861262255
614_img_.png,101.1206665,66.02938186,4359.879269,6.005925728,246,66.02938186,78.49255371,113.2897491,97.84596252,106.6867923,0.371763512,61.44413757,113.434906,150.9536152,0.982696508,0.250699633,0.406911408,0.062850306,6.146017157,9.831609547,9.59e-07,0.098373413,57.39174248,1553.886758,0.00630188,0.20401352353898858,10.550612418285167
615_img_.png,103.4475403,66.0780192,4366.304621,5.897398928,240,66.0780192,82.50697327,114.8521423,99.56016541,107.8020554,0.384805211,56.19473267,114.8797913,109.5691483,0.987447232,0.250840156,0.415784241,0.062920784,5.607352941,9.677367515,9.6e-07,0.09967041,55.37908332,1145.689688,0.006118774,0.19105287731566936,11.275960728468082
616_img_.png,89.19631958,61.81118105,3820.622103,6.227507157,210,61.81118105,69.26348877,100.6557617,82.43344116,111.0209486,0.378304606,61.24755859,100.6558533,154.1594669,0.979840931,0.250215201,0.34299204,0.062607647,7.556096814,10.39572789,9.55e-07,0.143493652,68.66125094,1236.515456,0.010314941,0.12268685011859394,9.214448443151568
617_img_.png,101.1720428,60.88806454,3707.356403,5.560054141,235,60.88806454,79.47184753,111.8700867,102.9402313,112.7381339,0.369962897,57.35066223,112.1920471,89.2259038,0.987971022,0.251162064,0.458311644,0.063082382,4.707552083,9.157753389,9.62e-07,0.081481934,49.04183961,1003.414198,0.006835938,0.2914555884733781,11.098601198123536
618_img_.png,92.16976929,62.40032398,3893.800433,6.182830074,237,62.40032398,74.35969543,102.7979279,84.13529968,109.3438102,0.397787469,56.65142822,102.7982635,250.1655944,0.967877409,0.250194651,0.326027944,0.062597363,9.713419118,10.57581934,9.55e-07,0.204467773,89.08539294,2098.632012,0.014144897,0.08209739171410092,10.273343803403739
619_img_.png,111.1425171,68.58016564,4703.239119,5.859329666,213,68.58016564,94.89050293,119.6472778,109.800705,117.0550001,0.413559979,39.53013611,119.647934,16.8143076,0.998211883,0.251437486,0.557373754,0.063220809,2.008731618,8.621548425,9.64e-07,0.021652222,26.19279083,381.5146907,0.001083374,0.38416369697299646,10.69586579720071
61_img_.png,83.7179718,63.1267189,3984.98264,6.367106709,254,63.1267189,29.13082886,105.1611786,116.4922943,91.29578356,0.131425096,158.4806213,124.5700531,635.5334559,0.920266331,0.250483204,0.430552723,0.062741835,10.45183824,10.25377111,9.57e-07,0.110687256,80.35082924,6427.335306,0.00604248,0.25456107129372535,8.524076413640515
620_img_.png,84.61523438,57.15369397,3266.544735,5.95280979,223,57.15369397,72.69268799,92.0196228,77.7973938,109.3544314,0.428064804,44.70484924,92.01968384,41.39972426,0.993671331,0.251113378,0.490913481,0.063057929,3.335845588,9.196170974,9.62e-07,0.055923462,39.21757382,425.0164254,0.004211426,0.21909537156298212,12.773349997321334
621_img_.png,88.77041626,57.72567351,3332.253383,5.741960452,251,57.72567351,76.48092651,96.15106201,83.00791931,108.6542269,0.426888599,43.73410034,96.16828918,129.0758732,0.980645966,0.250823418,0.394495133,0.062912387,6.080989583,9.522678248,9.6e-07,0.111495972,63.28932168,968.7032759,0.008483887,0.11238579222322305,12.002053730123423
622_img_.png,87.03863525,81.14445276,6584.422213,5.766305747,255,81.14445276,62.43440247,97.58135986,97.28395081,116.9163453,0.320397726,77.04415894,105.467453,954.3854013,0.927611168,0.375084525,0.451627502,0.140688401,14.12011336,9.523705568,2.15e-06,0.136932373,93.33329281,9485.379708,0.006286621,0.12292792546893967,7.087932124497081
623_img_.png,90.14906311,61.62628987,3797.799603,6.011205131,252,61.62628987,81.00994873,96.48565674,81.49790955,111.5126212,0.455154093,40.81980896,96.51341248,225.0374387,0.970383856,0.250414139,0.342664764,0.062707241,8.540686275,10.14884765,9.57e-07,0.135025024,81.7180482,1526.996501,0.011459351,0.08600357507921859,10.39680004183899
625_img_.png,101.5637665,69.98204786,4897.487023,6.076387666,252,69.98204786,93.609375,108.1333618,88.51823425,118.7262694,0.47601635,41.16838074,108.6049805,168.8054534,0.982743184,0.250674939,0.35276053,0.062837925,7.701531863,10.14069796,9.59e-07,0.118591309,71.37449233,1279.13365,0.008743286,0.15377148381604136,10.780687329561847
626_img_.png,92.86341858,64.21803985,4123.956642,6.226748896,251,64.21803985,84.96766663,99.68811035,78.43972778,114.5241831,0.477003861,45.95831299,100.1664581,240.4911458,0.970830515,0.250215502,0.326492244,0.062607798,9.361090686,10.55040876,9.55e-07,0.172576904,86.20778041,1731.825026,0.012481689,0.08744590031966133,10.821380780914636
627_img_.png,101.8225861,61.39335979,3769.144626,5.458114339,237,61.39335979,77.34925842,114.3952637,101.4814606,103.2461714,0.35830291,64.07038879,114.5696259,59.11436887,0.992158901,0.252873831,0.532883199,0.063945175,3.295863971,8.526544363,9.75e-07,0.051040649,39.37151581,638.821502,0.003433228,0.3362251040843795,10.927643653021518
628_img_.png,90.58999634,60.24226111,3629.130023,6.084551577,249,60.24226111,72.22846985,101.1222229,84.51196289,107.2623174,0.389090347,58.86560059,101.1283417,270.2043811,0.962790483,0.250225143,0.328547051,0.062612622,9.912959559,10.4752912,9.55e-07,0.195800781,87.21503619,2494.853991,0.012268066,0.08749550560578272,11.300889707575655
629_img_.png,94.3598938,62.44075531,3898.847924,6.156374402,253,62.44075531,85.57321167,100.4326019,86.16862488,115.1254603,0.458588687,37.82745361,100.5861053,337.270098,0.956779376,0.250176253,0.313561897,0.062588157,11.35450368,10.66809159,9.55e-07,0.208007813,90.19627103,3037.770293,0.012542725,0.08959945893957967,10.378896508952177
62_img_.png,136.9577026,82.00204937,6724.336102,5.74635824,254,82.00204937,131.5695801,139.3073425,139.0944214,122.3502773,0.472588888,38.98294067,151.2237549,68.70772059,0.994894154,0.251138509,0.429356237,0.06307055,4.537009804,9.331305859,9.62e-07,0.114196777,60.22052914,1179.303536,0.006774902,0.1926811919718333,8.482858407716646
630_img_.png,94.23036194,65.33326445,4268.435444,6.224255728,240,65.33326445,71.13180542,106.7792969,90.20327759,105.3289202,0.361107096,68.47793579,106.7793121,269.7909467,0.968413644,0.250183252,0.321370878,0.06259166,10.29529718,10.661325,9.55e-07,0.200668335,85.28947944,2394.385275,0.010910034,0.08361568814236746,9.818637927748838
631_img_.png,91.09587097,66.05469289,4363.222452,6.376500053,255,66.05469289,74.04129028,101.09552,84.32569885,109.8881168,0.399314009,58.86384583,101.0996857,889.1554228,0.898147,0.250116535,0.305409655,0.062558281,17.3638174,11.2072959,9.54e-07,0.23626709,131.9117505,6752.104354,0.016098022,0.07156792420170975,10.660531282480289
632_img_.png,84.49047852,70.46177254,4964.86139,7.134273399,254,70.46177254,77.69828796,84.03173828,104.6555634,122.1826598,0.411783344,97.10900879,113.7935944,429.5950214,0.956767391,0.161356965,0.354216487,0.02603607,10.5379136,11.53203849,3.97e-07,0.141036987,90.74112873,2194.529478,0.010009766,0.30418016904505724,10.975802851363124
633_img_.png,96.03735352,62.82428209,3946.89042,6.095462093,246,62.82428209,75.10902405,107.4705353,92.01231384,107.923876,0.376518705,61.89556885,107.5019989,266.4778799,0.966257263,0.250323417,0.36157427,0.062661813,9.591360294,10.40144872,9.56e-07,0.196105957,94.6152207,2540.045028,0.014480591,0.03805901470573069,9.351453405825607
634_img_.png,89.74865723,58.46003648,3417.575865,5.967466375,219,58.46003648,64.26382446,103.0932312,87.90412903,104.1716698,0.336464464,72.48605347,103.0956268,109.8738205,0.983944259,0.250441826,0.376329679,0.062721108,5.98549326,9.884754715,9.57e-07,0.098876953,57.53578637,984.1699464,0.007156372,0.12094986211133375,10.819740468185927
635_img_.png,91.82794189,60.46109799,3655.544371,5.9252479,228,60.46109799,63.85588074,105.7258759,93.76535034,101.5351288,0.32009368,77.29190063,105.7872467,81.85868566,0.988811374,0.251391556,0.468796191,0.063197714,4.604641544,9.42853477,9.64e-07,0.079833984,46.71979102,837.1419524,0.005599976,0.22865096392273446,10.470986184378027
636_img_.png,92.49780273,64.85137517,4205.700862,6.322308071,253,64.85137517,75.75422668,102.7857971,83.42750549,110.4270372,0.406814259,56.46743774,102.7859192,439.7359681,0.947654455,0.250122861,0.301617751,0.062561445,13.23887868,10.98707532,9.54e-07,0.241271973,107.2513116,3266.815914,0.016235352,0.06381818518297906,9.580132336955629
637_img_.png,87.74298096,60.65879786,3679.489758,6.222558959,249,60.65879786,71.59841919,97.57666016,79.43875122,107.915664,0.404475625,57.41397095,97.57696533,366.9719516,0.950157178,0.250196925,0.332112356,0.062598501,11.13160233,10.69884525,9.55e-07,0.204162598,102.9155589,2934.246802,0.015304565,0.06477490721587244,10.53302326919107
638_img_.png,105.5596466,63.20357101,3994.691389,5.495578471,231,63.20357101,83.2243042,116.803772,106.231369,114.3171607,0.373144357,56.00215149,116.9049988,81.16717218,0.989843367,0.25141672,0.464375002,0.063210367,4.34385723,8.988439101,9.64e-07,0.061889648,44.45221522,884.6424081,0.003372192,0.3064454897781039,10.311925936476243
639_img_.png,85.74897766,63.97880864,4093.287955,6.36539648,238,63.97880864,77.8334198,92.28012085,72.87736511,115.786259,0.471267889,44.57876587,92.28074646,253.7474265,0.969038955,0.250209049,0.334609246,0.062604568,9.651011029,10.66350463,9.55e-07,0.191101074,88.4656766,1699.743264,0.014282227,0.11901438953490973,11.106064468556385
63_img_.png,63.7959137,59.35057492,3522.490743,6.273466611,248,59.35057492,48.89393616,68.70941162,77.59332275,116.3506865,0.334197008,102.6565552,86.37055969,981.9074449,0.860535659,0.277477878,0.362449525,0.076993973,16.77264093,10.84803757,1.17e-06,0.189422607,107.0510926,8340.088494,0.010253906,0.08758855956080817,10.99296362169499
640_img_.png,103.0300598,63.93987296,4088.307354,5.833760583,242,63.93987296,76.31704712,116.8474274,102.0728149,105.355665,0.348606626,68.14117432,117.0131531,68.66119792,0.991608685,0.250957253,0.459499987,0.062979543,4.147288603,9.306390595,9.61e-07,0.064147949,46.47726523,816.3965588,0.004455566,0.22556225287650133,9.169670043977035
641_img_.png,97.96543884,59.25798357,3511.508617,5.526093277,222,59.25798357,75.08738708,109.418457,99.02908325,105.6675468,0.360221987,61.24861145,109.6587067,58.35303309,0.991696468,0.251901562,0.473220789,0.063454397,4.087040441,8.976799344,9.68e-07,0.075439453,45.06872054,720.632492,0.005569458,0.2972631673781978,11.118734159144068
642_img_.png,98.98429871,65.38957479,4275.796491,6.209035935,241,65.38957479,78.12866211,111.157959,90.99061584,109.6544454,0.386491283,59.71768188,111.157959,223.1519608,0.973903173,0.250183669,0.331056555,0.062591868,9.049938725,10.55569952,9.55e-07,0.178222656,80.68154662,1816.180603,0.01234436,0.10577035439688265,10.329925001867831
645_img_.png,83.71995544,59.73765064,3568.586904,6.291096886,253,59.73765064,58.55506897,96.17756653,85.56556702,102.66644,0.322185867,87.74673462,97.25500488,655.5281403,0.90825766,0.250191473,0.32300577,0.062595773,13.75188419,10.87307132,9.55e-07,0.190505981,112.1173623,3915.501703,0.011276245,0.10133354357570311,10.586793603944809
646_img_.png,76.67407227,59.07554577,3489.920108,6.347058499,251,59.07554577,53.9644165,87.78721619,79.02366638,104.6413317,0.32350657,88.38955688,89.78063965,452.9898897,0.935154483,0.250261788,0.350573216,0.062630963,11.18915441,10.65831107,9.55e-07,0.173812866,94.79347043,3719.366531,0.010467529,0.11513212174593224,10.044729199892071
647_img_.png,76.54815674,66.03042133,4360.016541,6.459328047,254,66.03042133,64.37188721,81.12562561,84.86231995,119.5321862,0.387810615,54.34170532,85.31910706,116.3787377,0.986661089,0.250450415,0.403359729,0.062725411,5.420955882,10.0742412,9.57e-07,0.094696045,57.50237794,846.9157801,0.006515503,0.2530056490108938,10.173075194761791
648_img_.png,79.26515198,56.39919741,3180.869468,6.229091074,254,56.39919741,64.4196167,85.07357788,88.29837036,112.5579562,0.371568857,58.90263367,89.59260559,420.7748315,0.933925788,0.250222195,0.330122779,0.062611147,11.47378983,10.66057353,9.55e-07,0.179626465,91.14217174,2642.916379,0.011459351,0.1379828617150325,11.243553535159874
649_img_.png,78.24723816,60.43889982,3652.860611,6.439851793,253,60.43889982,64.28189087,87.18223572,68.8681488,110.97977,0.411930359,66.89547729,87.52798462,816.7929381,0.888261729,0.250096818,0.296568756,0.062548418,17.44394914,11.30954111,9.54e-07,0.255325317,136.948259,5832.595968,0.017150879,0.06571624351578047,10.920848055377485
64_img_.png,73.95750427,71.6833138,5138.497477,5.665441704,251,71.6833138,57.17802429,80.96847534,81.87635803,111.49865,0.351119671,75.7460022,91.32972717,828.9187194,0.919440974,0.382892669,0.447441653,0.146606796,13.77426471,9.439533678,2.24e-06,0.148330688,99.79150286,7264.835268,0.007995605,0.10828689029237991,7.724906714218084
650_img_.png,44.66117859,42.69031333,1822.462852,5.521621687,243,42.69031333,21.96594238,52.78361511,62.35961914,106.4521144,0.190770587,122.2073669,65.19152832,333.9666667,0.908339406,0.3102412,0.434180416,0.096249602,9.173743873,9.381180447,1.47e-06,0.124420166,65.37524099,2509.506965,0.007507324,0.14749648715913255,12.91700363601835
651.png,55.67298889,64.05149615,4102.594159,5.302120711,248,64.05149615,49.93792725,58.68818665,55.19662476,113.4421288,0.43849506,69.78134155,71.07582092,510.8328278,0.937774532,0.437553081,0.519394191,0.191452698,10.15384498,8.609071841,2.92e-06,0.152130127,89.88220509,4866.639861,0.009033203,0.04315151517979027,7.749703022007531
651_img_.png,50.45469666,56.93817982,3241.956322,5.64224758,252,56.93817982,38.4213562,53.54747009,66.046875,115.5393213,0.321263988,101.3218842,79.21960449,953.1132353,0.85275378,0.375290316,0.509214657,0.140842821,14.03976716,9.178497303,2.15e-06,0.140625,89.40675474,7925.798993,0.007263184,0.14961964243069797,9.22441021030417
652_img_.png,79.75898743,58.91417338,3470.879825,6.338292501,248,58.91417338,44.57046509,95.47717285,91.12367249,96.38899149,0.238854572,114.4791565,96.59352112,521.2889706,0.924979882,0.250113044,0.299807756,0.062556535,14.3864277,11.06765008,9.54e-07,0.232528687,100.0209613,3904.75061,0.013656616,0.10245400069012944,10.490477588922202
653_img_.png,78.63916016,60.7072112,3685.365492,6.41417698,254,60.7072112,52.88993835,90.94540405,82.81817627,107.2707616,0.304378733,97.33035278,93.25993347,991.8082874,0.865513774,0.250105358,0.297582673,0.06255269,18.77492341,11.28187623,9.54e-07,0.244430542,127.639196,7913.787905,0.01499939,0.07149946130233935,10.62898501994261
654_img_.png,73.99577332,57.5778067,3315.203824,6.376989058,246,57.5778067,31.11291504,92.12467957,93.12327576,100.0516685,0.167952812,139.7445831,100.2869568,614.146875,0.907341881,0.250169743,0.343909731,0.0625849,12.98912377,10.89998973,9.55e-07,0.198669434,113.1481519,4695.074148,0.012664795,0.07499076020080205,8.375949107850998
655_img_.png,78.6096344,59.80521338,3576.663548,6.302855179,248,59.80521338,32.57110596,96.73776245,106.0300293,94.18962923,0.160632543,148.2138977,115.2030029,1031.590962,0.855372067,0.243559746,0.377025054,0.05932135,15.95738358,10.76974828,9.05e-07,0.180297852,110.0157489,8489.515222,0.009689331,0.12209575795548565,9.667739921103736
656_img_.png,117.3409424,70.95925895,5035.21643,5.77830566,239,70.95925895,85.5541687,134.1800232,114.0927429,106.7797189,0.344597477,86.33610535,136.9489441,75.91378676,0.992462289,0.250604124,0.404863548,0.062802427,4.6984375,9.454748009,9.58e-07,0.02935791,40.06058251,988.4580765,0.002166748,0.2975037907800571,9.549669778580638
657_img_.png,80.60372925,64.32943112,4138.275709,6.512519055,249,64.32943112,50.32237244,94.25733948,89.7205658,109.3803211,0.273523999,108.8650665,100.216217,918.113848,0.888819291,0.243272645,0.330682236,0.05918158,15.80836397,11.23146937,9.03e-07,0.211730957,130.0941413,7711.294754,0.010940552,0.1332486510109965,9.863054900967233
658_img_.png,85.1933136,58.41137371,3411.888579,6.176906156,234,58.41137371,48.49069214,106.1278687,73.62419128,97.14041689,0.26976432,108.1267395,106.1624298,253.3936275,0.962819614,0.250246461,0.348879044,0.062623291,8.167616422,10.34657378,9.55e-07,0.134841919,76.32553153,1854.332358,0.009918213,0.13249362810822393,9.492962403585235
659_img_.png,80.23536682,57.44789675,3300.260841,6.182739239,247,57.44789675,35.16589355,97.11154175,111.5622559,93.02525583,0.168520887,140.2938995,115.9041443,936.810386,0.858101027,0.250387556,0.371943808,0.062693928,15.88370098,10.66481766,9.56e-07,0.169906616,97.02965199,9681.899297,0.00668335,0.11566852418220393,9.560304310830572
65_img_.png,78.62562561,68.11088606,4639.0928,6.181730825,255,68.11088606,66.1361084,82.09599304,93.50419617,119.0179243,0.376628913,66.97363281,99.92457581,1693.631158,0.817218813,0.302025642,0.339841511,0.091219488,24.02650123,10.94781378,1.39e-06,0.211288452,127.9687383,14196.45867,0.008544922,0.09931721092324329,9.52320611848247
660_img_.png,82.7673645,85.70158129,7344.761036,4.937262633,250,85.70158129,69.18400574,88.35310364,89.62532043,128.5297037,0.388721308,39.411026,92.5735321,85.67550551,0.994173735,0.468822385,0.543226109,0.219794429,4.312974877,7.67091141,3.35e-06,0.052810669,41.05923261,1234.745667,0.002243042,0.1902385496627829,6.164661760743785
661_img_.png,81.7592926,75.6603925,5724.494993,6.296355336,255,75.6603925,77.01733398,81.45075989,95.79379272,127.4601766,0.434525817,73.00840759,104.3163147,1566.326945,0.863328686,0.282890439,0.353691116,0.080027,20.03543199,10.76888524,1.22e-06,0.19821167,121.3080797,15382.84324,0.009735107,0.07688183572655073,8.065563909058099
662_img_.png,71.55366516,56.79926615,3226.156635,6.09982943,244,56.79926615,49.56860352,81.10231018,80.125,110.8847978,0.307445454,91.69538879,86.61257935,458.6271446,0.928964815,0.281688288,0.438650778,0.079348292,9.946997549,10.06358914,1.21e-06,0.130859375,70.71775999,3799.767857,0.006149292,0.1745151929329322,9.060552785249024
663_img_.png,46.70683289,47.53809161,2259.870154,5.117604219,237,47.53809161,20.60176086,59.45269775,49.54412842,97.64185506,0.189012484,108.336441,60.54043579,369.836489,0.918182408,0.410256101,0.490108232,0.168310068,9.377175245,8.575716389,2.57e-06,0.147476196,70.92168619,3422.201236,0.009262085,0.06225902971202135,8.725706335080725
666_img_.png,56.17034912,42.09906026,1772.330875,5.995917543,186,42.09906026,35.31965637,63.16287231,74.8735199,99.82435805,0.255872062,107.783844,75.2890625,115.922258,0.967301899,0.250332542,0.361771076,0.062666382,6.610431985,10.02759994,9.56e-07,0.143157959,65.49296724,1071.278669,0.010604858,0.16484497200873793,10.76475114869373
668_img_.png,76.77420044,53.66763462,2880.215006,6.054269593,226,53.66763462,37.68157959,91.48423767,103.5947113,93.35683965,0.193160665,124.8430328,104.0225372,97.72979473,0.983046687,0.250449315,0.412868019,0.062724859,5.266253064,9.809097494,9.57e-07,0.075012207,46.99993486,964.8806619,0.004638672,0.2893844929946958,8.306723764178596
670_img_.png,59.54966736,45.47568748,2068.038152,5.983801305,214,45.47568748,32.3921051,70.05804443,76.6650238,94.61669541,0.220770363,132.1638641,80.04777527,202.0088388,0.951206512,0.250456967,0.381667249,0.062728692,7.452864583,9.972832796,9.57e-07,0.116714478,70.76922756,1322.804887,0.009063721,0.1616662224931944,11.830538761240728
672_img_.png,64.68066406,50.20749502,2520.792556,6.245982613,237,50.20749502,35.4932251,75.9105835,83.42529297,98.33710959,0.222757272,113.8713837,84.47798157,282.3759498,0.944049586,0.250319764,0.394888045,0.062659984,8.932935049,10.40372173,9.56e-07,0.145050049,69.19689944,2655.04685,0.008132935,0.18035944375225685,8.673993255640939
673_img_.png,82.15074158,71.4324098,5102.58917,6.56401799,255,71.4324098,59.78216553,90.5901947,97.3921814,115.6388024,0.318020055,87.25378418,99.51982117,460.8207108,0.954791625,0.250213437,0.355305853,0.062606764,10.87922794,10.8398904,9.55e-07,0.170440674,96.38773747,3896.310783,0.013183594,0.12140181419331637,8.83997730295319
674_img_.png,83.47171021,67.30570039,4530.057305,6.300563256,254,67.30570039,67.07046509,89.37294006,96.10041809,116.23768,0.361617786,87.6002655,107.8271637,976.5468444,0.892210151,0.28529339,0.369598599,0.081392319,15.65814951,10.71006787,1.24e-06,0.164794922,106.7346736,8394.770681,0.010635376,0.1343744026954833,8.865944280371226
675_img_.png,82.15969849,64.26657622,4130.192819,6.133091636,255,64.26657622,67.68997192,85.75360107,101.6446533,113.8734523,0.361209191,87.11149597,111.7530365,918.4973958,0.888893869,0.285493706,0.406626036,0.081506656,14.13651961,10.25469721,1.24e-06,0.135284424,91.1674172,8132.729557,0.007720947,0.22032058730621507,9.07864829576566
676_img_.png,50.48490906,62.29158109,3880.241075,5.035476028,255,62.29158109,41.53111267,53.04042053,60.80950928,114.3665717,0.364788215,64.31950378,66.7520752,1269.733456,0.836508927,0.468781902,0.504874568,0.219756472,16.2296875,8.41744333,3.35e-06,0.125732422,100.1642385,12748.46464,0.005859375,0.07918893531093803,8.247520516054248
677_img_.png,61.3249054,74.90283305,5610.434399,4.937601229,255,74.90283305,55.1603241,62.9128418,69.31343079,115.5697247,0.417166143,41.15658569,74.26417542,985.7638174,0.912040631,0.500014401,0.527623124,0.250014402,15.29246324,8.221004355,3.81e-06,0.16557312,116.9641684,8542.651211,0.010040283,0.03437588877250216,7.071960344048329
6788.png,64.71592712,62.09447276,3855.723548,4.876614396,222,62.09447276,26.08535767,80.20587158,86.27772522,81.3362459,0.156684251,113.3798676,91.00782776,504.2795803,0.934631555,0.43764057,0.537381377,0.191529268,9.020634191,8.021021382,2.92e-06,0.108978271,61.11951416,4760.24575,0.005218506,0.08421586913468103,7.298740221170338
678_img_.png,60.22413635,68.03011448,4628.096476,4.738446461,243,68.03011448,43.68276978,66.19187927,72.88945007,111.7587949,0.314080761,71.89569092,81.65048218,200.4390625,0.97834596,0.500057693,0.584547354,0.250057696,5.572640931,7.415012673,3.82e-06,0.077941895,46.12147925,1958.451523,0.004165649,0.15034336449928012,7.612883100917845
679_img_.png,58.92584229,74.72536362,5583.879968,4.894395702,254,74.72536362,52.2739563,62.62226868,57.31607056,119.860483,0.435840255,43.73521423,67.07363892,630.7049939,0.943505819,0.500032592,0.556100714,0.250032593,10.77604167,7.868850277,3.81e-06,0.110321045,80.40744184,6449.542233,0.0052948,0.06998651459031059,7.3691982353628855
67_img_.png,67.57846069,65.16700635,4246.738717,5.659634651,254,65.16700635,51.11431885,72.50056458,85.42346191,108.8981828,0.323663979,92.27876282,95.03636169,1272.48894,0.850405898,0.375079897,0.438011998,0.140684929,18.15713848,9.64973434,2.15e-06,0.167114258,103.8857664,11779.0573,0.007156372,0.10022878113281801,8.584460750856525
680_img_.png,62.84150696,75.66320892,5724.921184,4.909320051,255,75.66320892,60.04644775,65.39183044,57.03248596,124.5914453,0.490478113,29.67967224,67.16159058,762.7147059,0.933432972,0.500019068,0.537728282,0.250019068,13.05579044,8.091779812,3.81e-06,0.144760132,94.80203234,8244.082302,0.007415771,0.03360255558823489,7.220576252425703
681_img_.png,65.59188843,81.58759404,6656.535502,4.912259398,254,81.58759404,61.41630554,68.3739624,62.20742798,117.4851079,0.470329695,35.96160889,72.08590698,557.5914828,0.958152429,0.500046451,0.556279974,0.250046453,10.53177083,7.901729973,3.82e-06,0.12677002,84.81166615,5536.443278,0.006622314,0.05416975792059155,7.521642376182177
6820.png,52.9286499,53.8202499,2896.619299,4.899075059,246,53.8202499,20.20484924,64.99000549,76.64720154,90.3145598,0.14265213,113.8348694,80.57884216,322.9298866,0.944234694,0.438126753,0.621022153,0.191955052,6.084911152,7.544867208,2.93e-06,0.08442688,51.8182078,2875.068202,0.005249023,0.16225729954734538,8.25363688312237
682_img_.png,59.51823425,77.93504702,6073.871555,4.927256341,255,77.93504702,53.50460815,62.47926331,60.0566864,122.6626582,0.436644171,42.41389465,67.64680481,773.5505821,0.936301981,0.500025464,0.545640637,0.250025464,12.46378676,8.005195515,3.81e-06,0.13621521,95.16812666,7134.363672,0.006912231,0.046657483254287035,6.741374813300395
683_img_.png,75.42419434,71.69863227,5140.693869,6.167929879,253,71.69863227,52.1894989,82.83674622,98.1971283,112.833906,0.28828582,100.9752045,107.2702179,560.0724265,0.945531791,0.31275038,0.421129334,0.0978128,11.16498162,10.07337426,1.49e-06,0.13092041,84.0632175,5396.33095,0.007415771,0.13458366644610373,8.999016738426771
684_img_.png,61.61444092,71.10047055,5055.276912,5.095285643,255,71.10047055,55.23423767,63.97161865,66.20683289,101.9690795,0.424296318,66.739151,78.72776794,1245.012454,0.876870543,0.472673582,0.496189176,0.223420315,17.9248315,8.621459279,3.41e-06,0.185760498,111.1038534,12133.79142,0.008346558,0.0307036107711173,8.322592519403418
685_img_.png,87.60929871,62.77088989,3940.184618,6.314128908,244,62.77088989,37.84417725,106.7504578,119.5786591,95.09388064,0.167208611,144.9808197,121.9303131,497.6799479,0.936863055,0.25025633,0.374161003,0.062628231,11.39891238,10.65404154,9.55e-07,0.197570801,101.6812576,5151.781521,0.011154175,0.07350205392482467,8.083658659846163
686_img_.png,89.76841736,66.79888386,4462.090885,6.481983496,250,66.79888386,43.10142517,106.7830353,124.5122375,103.3590461,0.186348059,138.4090576,126.0976868,702.6227482,0.921284319,0.250687201,0.450119125,0.062844073,12.87719056,10.57301084,9.59e-07,0.170181274,109.7537431,6209.683469,0.011077881,0.20080146665952311,7.996748454558617
6872.png,49.51298523,48.78256765,2379.738906,4.651713776,230,48.78256765,23.44981384,58.79585266,70.08139038,89.69714097,0.181954651,120.2268524,78.74212646,272.5746324,0.942776831,0.439066212,0.669415566,0.192779138,5.33002451,7.034137443,2.94e-06,0.06968689,39.25796608,2456.30969,0.003433228,0.1867893754257746,6.490601431159318
687_img_.png,97.61802673,63.02210575,3971.785813,5.785673577,246,63.02210575,43.50799561,116.3642273,142.9422913,93.31620566,0.167785969,142.8787384,146.1499939,263.9429534,0.966763201,0.254695992,0.680885331,0.064870048,4.046813725,8.183303699,9.9e-07,0.036087036,33.28442713,2508.729795,0.000427246,0.44285148510542066,9.331469480872398
688_img_.png,83.30541992,68.27554555,4661.550121,6.463611566,255,68.27554555,48.91862488,96.02494812,107.9981079,106.2238688,0.239770082,124.874054,116.5659485,1515.178278,0.837716417,0.251115781,0.386399386,0.063059136,20.71498162,10.98795286,9.62e-07,0.20602417,133.9872923,14193.92312,0.009674072,0.10904454298762722,8.919621085136693
689_img_.png,75.94758606,53.80501887,2894.980056,6.109123566,233,53.80501887,32.66494751,89.28656006,120.8249512,94.01719594,0.155464816,148.6959991,121.461853,1020.086734,0.823960574,0.250238002,0.324946282,0.062619058,18.35104167,10.84377921,9.55e-07,0.223190308,99.63481262,9584.626983,0.008789063,0.0838452357766198,8.880844616679312
690_img_.png,47.90557861,35.04983019,1228.490596,5.786372051,183,35.04983019,34.23591614,50.80250549,68.85269165,110.6838607,0.28612143,104.3830719,71.47976685,455.9686121,0.814540207,0.25023054,0.316899972,0.062615323,13.27452512,10.41258991,9.55e-07,0.151855469,66.25643598,5106.233134,0.003189087,0.06524111984185473,9.524239930245104
691_img_.png,64.50288391,72.59953594,5270.692619,4.782180685,254,72.59953594,55.1932373,67.37573242,74.12889099,109.8781727,0.39004547,73.89315796,90.03230286,372.2022059,0.964733291,0.500042739,0.569544431,0.250042741,7.781893382,7.62995919,3.82e-06,0.095748901,63.72831979,3569.848621,0.005722046,0.11078631583351933,6.731811723341034
692_img_.png,89.14717102,64.83838616,4204.01632,6.238536595,252,64.83838616,76.02296448,95.31304932,91.86799622,126.8486216,0.406146703,56.46212769,101.391449,278.4063572,0.966883178,0.250750007,0.407088005,0.062875566,7.749280025,10.14042116,9.59e-07,0.110687256,66.26284987,2412.153263,0.007385254,0.24452355267781253,10.219843167718253
694_img_.png,109.7332306,68.27876688,4661.990007,7.769856258,255,68.27876688,92.72323608,115.7901917,123.1335449,116.5369027,0.388087167,82.80935669,129.2848816,665.0426011,0.928765527,0.056164661,0.232155867,0.003154469,14.61999081,13.23508977,4.79e-08,0.188140869,107.4489301,5709.343414,0.010848999,0.31510468409170356,13.548513942934177
695_img_.png,80.44636536,55.08396571,3034.243278,6.101711214,255,55.08396571,53.30787659,91.27957153,95.84684753,110.0013644,0.284876272,85.45965576,101.9484253,160.4823529,0.973560209,0.250264266,0.347733612,0.062632203,7.469669118,10.23661199,9.55e-07,0.085098267,51.89311231,1853.570839,0.003753662,0.2150292027978419,9.956912265198007
696_img_.png,76.53311157,49.92945007,2492.949984,5.809568089,214,49.92945007,52.19552612,86.72904968,87.8684082,103.2496195,0.298947801,87.04627991,94.82666016,171.3099265,0.965658951,0.250357687,0.332818021,0.062678972,7.978676471,10.00129101,9.56e-07,0.072067261,48.93384593,1857.435608,0.003479004,0.22042744291151206,12.2711111312573
697_img_.png,78.21522522,49.79359179,2479.401783,5.652852272,209,49.79359179,51.08970642,88.16540527,98.15768433,101.3406438,0.274199545,94.99266052,102.6130676,113.496201,0.977129988,0.250511711,0.344949188,0.062756118,6.609926471,9.663672804,9.57e-07,0.042327881,41.39507258,1347.823617,0.00213623,0.2402291909798118,11.354128619992444
698_img_.png,76.15145874,65.25797227,4258.602945,6.118552606,254,65.25797227,62.60084534,80.64608765,88.55831909,115.9735243,0.36997172,79.26193237,97.6559906,777.855576,0.908711321,0.312581028,0.37474103,0.097706899,14.31642157,10.39106479,1.49e-06,0.159133911,100.6170813,7441.87072,0.008773804,0.1455215520022376,8.517761695271208
699_img_.png,86.43083191,72.95058101,5321.787269,6.222085995,255,72.95058101,71.61691284,91.57110596,98.83914185,121.532634,0.376119004,67.13345337,106.1054077,398.674326,0.962573612,0.300935527,0.40122042,0.090562191,10.19748775,10.24863663,1.38e-06,0.127426147,76.32300596,4292.902084,0.004989624,0.19363628773068772,8.094293198000454
6_img_.png,86.88595581,63.64024493,4050.080774,6.41345091,255,63.64024493,50.8347168,101.0449066,108.542511,103.7419739,0.242546606,111.5823669,110.0506592,401.5578585,0.950493024,0.250167767,0.331781764,0.062583912,10.47958027,10.78055415,9.55e-07,0.123397827,78.88707557,3757.78508,0.006637573,0.16085582869667792,8.699978831374901
700_img_.png,64.91621399,64.88487106,4210.046492,6.262340018,255,64.88487106,56.08331299,68.53448486,69.40774536,115.341378,0.406571018,72.06036377,82.02508545,1230.577405,0.853895266,0.301049067,0.385869309,0.090630541,18.03353248,10.5869626,1.38e-06,0.183364868,116.6301883,9487.026515,0.009017944,0.11106680774922591,9.315040586407244
701_img_.png,95.66203308,44.57344481,1986.791983,7.02487028,243,44.57344481,31.66152954,123.7628937,118.8332977,68.31965841,0.130511239,187.414978,129.8863373,602.7086091,0.848263722,0.076136527,0.273364637,0.005796771,12.64831495,12.13164563,8.82e-08,0.176361084,89.84177989,5680.859504,0.008880615,0.29576324631537465,9.662084863426227
7027.png,55.45021057,54.22256402,2940.086449,4.794577804,233,54.22256402,19.84635925,69.01341248,78.93977356,84.53899862,0.134139452,120.8179016,83.88809204,332.4739583,0.943496684,0.438367502,0.626621186,0.192166067,6.253002451,7.443085661,2.93e-06,0.088638306,49.32672998,3122.321154,0.00440979,0.15772786414168236,7.219608035309408
702_img_.png,95.9644165,59.62149607,3554.722794,5.711565775,229,59.62149607,66.33143616,108.2335663,110.508728,112.589001,0.303240104,76.21446228,113.0691681,237.6355392,0.96636351,0.243726217,0.369741247,0.059402469,6.886550245,9.702518409,9.06e-07,0.05015564,43.09376122,1244.431558,0.003112793,0.29863115031019155,9.300695471441566
703_img_.png,96.00630188,60.3324978,3640.01029,6.092518864,226,60.3324978,59.97683716,110.0306396,118.2740936,109.0142111,0.262705185,96.22798157,119.5844727,252.9847733,0.965038008,0.232055652,0.398913496,0.053849826,7.077359069,10.10611448,8.21e-07,0.057846069,43.00276703,1311.512828,0.0025177,0.2927046704085318,10.326347563398517
704_img_.png,94.02105713,58.23177867,3390.940047,5.413463363,239,58.23177867,52.70700073,110.8490753,115.7154083,104.5029792,0.23263576,100.2592773,117.5222321,87.04940257,0.987172134,0.263909766,0.483488367,0.069648364,5.020174632,8.918511003,1.06e-06,0.031677246,35.69255612,1163.339427,0.001190186,0.3300080706849602,9.289325141747288
705_img_.png,97.40510559,75.36443237,5679.797666,6.284085677,254,75.36443237,85.66680908,101.1253357,109.09198,135.9359463,0.407515474,58.44987488,117.1597137,950.1079963,0.916268735,0.289270123,0.402266594,0.083677204,15.51234681,10.56736192,1.28e-06,0.162948608,105.4353241,8772.910394,0.007797241,0.16226777215467897,8.42936066473884
706_img_.png,67.61096191,68.85218825,4740.623826,5.122030542,253,68.85218825,26.47471619,80.26916504,110.3513641,102.9526518,0.138887014,116.1565247,111.498703,455.425,0.952025494,0.430062848,0.576958989,0.184954054,7.715778186,7.994292378,2.82e-06,0.095687866,69.27486203,4092.110758,0.00617981,0.162846912157614,6.785491305994849
707_img_.png,50.06175232,58.40191502,3410.783677,5.20069679,254,58.40191502,45.08000183,50.87234497,58.94567871,115.4109174,0.410497297,50.58399963,63.18765259,929.2595588,0.863729213,0.437582995,0.512655611,0.191478878,13.81510417,8.595240896,2.92e-06,0.142837524,94.4572915,9251.416147,0.006790161,0.06844401795672105,8.257365138942282
708_img_.png,78.21211243,84.97604198,7220.92771,4.961981714,255,84.97604198,60.57588196,84.75956726,90.7648468,125.2219155,0.345113711,55.98136902,95.19059753,1585.088113,0.890264947,0.472708478,0.508761698,0.223453305,18.00088848,8.290901077,3.41e-06,0.127746582,100.0138895,16119.69157,0.005249023,0.10310800140170905,5.710246822452454
709_img_.png,74.81091309,61.90487225,3832.213209,6.750696871,255,61.90487225,56.92883301,70.78135681,142.437149,127.4738298,0.266997617,155.1579437,155.1811829,999.5693015,0.869344441,0.152015889,0.389046602,0.023108831,13.6859375,11.18781174,3.52e-07,0.117553711,93.92681692,7892.63594,0.007095337,0.2972570977999857,10.644242834595934
70_img_.png,56.52859497,51.30188167,2631.883063,5.717278679,246,51.30188167,36.22583008,64.59947205,68.24220276,108.4772852,0.272699288,90.37731934,70.68852234,412.6985294,0.921702989,0.33611035,0.432474705,0.112970167,9.533854167,9.481401358,1.72e-06,0.113922119,65.23275576,3042.201902,0.006072998,0.17436015213913236,9.62209414469669
710_img_.png,81.80461121,94.33772425,8899.606217,4.709786294,255,94.33772425,66.0415802,88.73892212,87.43052673,117.9440418,0.37487533,52.32479858,96.37487793,591.6435509,0.966761751,0.500154895,0.595407506,0.250154919,9.139139093,7.38365286,3.82e-06,0.09362793,72.47495788,5843.191829,0.005157471,0.14438357112427347,5.275262614673969
711_img_.png,75.17984009,49.2502315,2425.585303,5.878145097,199,49.2502315,38.47662354,88.98840332,100.326828,89.94673606,0.203241035,119.8924866,100.7382202,113.2746783,0.976666917,0.250696529,0.452663545,0.06284875,5.58426777,9.61172358,9.59e-07,0.101837158,49.61483468,1209.21487,0.006011963,0.29000064436631456,9.542299931311863
712_img_.png,63.62593079,47.89778964,2294.198253,6.082549252,236,47.89778964,33.03974915,75.04371643,85.07566833,94.63952733,0.206344467,123.6353912,85.74076843,173.3129442,0.96225244,0.250398703,0.392126223,0.06269951,7.312974877,10.09524713,9.56e-07,0.136566162,67.75420026,1472.331504,0.008956909,0.16167814998645821,9.938005615034308
713_img_.png,64.6902771,48.03787156,2307.637104,6.039194584,227,48.03787156,33.55220032,76.14045715,87.44552612,93.76113173,0.205104372,124.5210571,87.91950989,82.61680453,0.982095627,0.25052187,0.414493477,0.062761207,5.191865809,9.78259972,9.57e-07,0.095474243,55.53089241,832.2045084,0.006729126,0.20521862544138156,9.057543059316163
714_img_.png,55.54582214,40.79210868,1663.99613,5.851955504,224,40.79210868,30.2149353,64.86650085,73.98628235,95.87423699,0.217604103,119.4216461,74.49803162,101.545144,0.969461988,0.250478121,0.3719374,0.062739289,6.065762868,9.779831511,9.57e-07,0.101608276,55.11262564,697.0457729,0.007247925,0.18941577987743666,11.351983027155157
715_img_.png,76.78457642,59.94278057,3593.136942,6.271019029,236,59.94278057,40.08073425,90.51274109,102.3921509,106.2115334,0.207774587,120.6632538,102.5920105,116.3999694,0.983802703,0.250439546,0.436591328,0.062719966,5.525061275,9.957552573,9.57e-07,0.09312439,51.7800777,1104.565581,0.006210327,0.24827502332910267,9.080951912471974
716_img_.png,58.58377075,45.00664659,2025.598238,5.765273358,214,45.00664659,31.58570862,68.75939941,77.02719116,99.30302327,0.21665716,113.7096558,78.74403381,74.35019914,0.981662472,0.253402201,0.549699556,0.064212675,3.845358456,8.862868708,9.8e-07,0.078048706,44.53073464,974.3870369,0.00453186,0.26100494390639256,7.7213429147165655
718_img_.png,71.90805054,51.3549403,2637.329894,6.097342146,229,51.3549403,35.87890625,86.0091095,93.79544067,91.04113873,0.199543928,134.2962799,98.79858398,215.0273897,0.959229008,0.250374703,0.388660439,0.062687492,7.601348039,10.1513009,9.56e-07,0.115524292,67.73584159,1627.10324,0.008071899,0.20523024048395175,11.181467156409104
719_img_.png,78.48738098,53.46576224,2858.587731,6.040498934,212,53.46576224,31.19796753,96.82096863,108.0165405,91.90169777,0.152305931,138.8727875,111.8850555,444.196538,0.922333115,0.251063804,0.489193078,0.063033034,9.570557598,9.861128662,9.62e-07,0.110305786,57.86997188,4706.297378,0.003082275,0.26060065215985523,8.340914164353547
720_img_.png,82.6962738,65.79634061,4329.158437,6.239437214,254,65.79634061,63.21304321,88.36141968,104.572464,115.0128884,0.327640962,88.80352783,112.0728607,1067.542632,0.876725497,0.28176155,0.443814281,0.079389571,15.10424326,10.26897958,1.21e-06,0.140441895,100.174717,10769.84573,0.00692749,0.1982344165169557,8.701727289196699
721_img_.png,89.27209473,68.82810948,4737.308655,6.110110564,251,68.82810948,64.6184082,97.91673279,109.4196777,98.77560968,0.311659723,125.7104797,131.7177887,884.4525429,0.90671795,0.289640966,0.46103312,0.083891889,12.65726103,9.94576849,1.28e-06,0.117828369,85.94357164,8055.279394,0.005996704,0.21104199599221998,9.706631932558436
722_img_.png,85.84631348,74.8011614,5595.213746,6.38975406,253,74.8011614,67.2555542,92.8742981,98.44297791,113.5641572,0.351539368,86.6031189,108.1273041,1487.032767,0.867209528,0.293031447,0.34533788,0.085867429,20.54814645,11.00943232,1.31e-06,0.196777344,137.8116181,13433.47069,0.011108398,0.06543731970980822,8.543608907189618
723_img_.png,84.25419617,72.19479239,5212.088048,6.442603366,255,72.19479239,79.29576111,90.06388855,67.35246277,131.1703398,0.503732684,82.33152771,95.26983643,856.1287224,0.917755864,0.285214286,0.329456389,0.081347189,17.07544424,11.06909697,1.24e-06,0.226196289,119.8151188,6539.171561,0.012924194,0.07125893365204854,10.031879647778872
724_img_.png,102.2637177,73.29046608,5371.492419,5.996291303,253,73.29046608,93.73338318,103.3579559,119.1035461,143.1299928,0.421346535,45.65287781,122.5132904,275.4814338,0.974306733,0.289885511,0.506549454,0.084033609,7.277849265,9.461713376,1.28e-06,0.112854004,66.44951907,2897.798932,0.005783081,0.2377840878474394,10.473964290799122
725_img_.png,70.61558533,76.60878867,5868.906501,4.895671601,253,76.60878867,60.3538208,72.50923157,87.76072693,108.220762,0.376576006,60.28070068,94.74824524,368.2126532,0.968646569,0.476671638,0.571145133,0.227215851,7.129319853,7.708394184,3.47e-06,0.088546753,58.28521864,3854.346598,0.00378418,0.13466828996174865,6.681555378053473
726_img_.png,90.03068542,75.5644496,5709.986043,6.214248081,254,75.5644496,64.56997681,98.52713013,113.0632019,119.7026769,0.305165062,87.89326477,117.0924225,938.6979933,0.917937187,0.312599695,0.386913855,0.097718569,14.64342831,10.39565391,1.49e-06,0.160385132,93.14681506,9914.303586,0.006851196,0.13713572096009208,7.935036106794144
727_img_.png,70.15538025,77.08155039,5941.565411,5.836720584,255,77.08155039,62.52476501,74.27113342,68.97216797,113.1079877,0.436493465,69.07910156,81.69078064,2759.902558,0.767954764,0.38285308,0.41339984,0.146576481,28.04278493,10.06915142,2.24e-06,0.20552063,153.3143842,27306.20403,0.009567261,0.038981276534539984,7.685067199490833
728_img_.png,84.75413513,67.84345237,4602.73403,6.349588261,253,67.84345237,78.05401611,88.8813324,81.09231567,127.2799578,0.459212454,58.78775024,96.11647034,827.8427237,0.910126854,0.28132723,0.337756826,0.07914501,16.07060355,10.94862926,1.21e-06,0.210144043,127.5005113,7446.864106,0.012069702,0.08190814082710385,9.407843309204031
729_img_.png,93.24958801,71.00957011,5042.359047,6.288803826,253,71.00957011,84.36090088,98.42088318,89.91923523,125.4304654,0.44791785,50.85470581,103.145813,444.9139859,0.955922537,0.281398921,0.368133577,0.079185353,10.95130208,10.50943535,1.21e-06,0.154342651,87.86092605,3539.58203,0.009140015,0.13520888002617967,8.982414808332194
72_img_.png,58.83769226,51.71037161,2673.962533,5.675006808,245,51.71037161,36.85765076,67.84739685,70.07461548,104.1408729,0.267235448,96.31834412,74.7869873,317.5696232,0.940727681,0.336121695,0.44042968,0.112977794,8.083685662,9.343749384,1.72e-06,0.089248657,53.88009245,2609.60693,0.004699707,0.25542929120931307,10.418274316250415
730_img_.png,86.06591797,68.92971863,4751.30611,6.343133105,251,68.92971863,78.55027771,91.91455078,75.65551758,125.2248108,0.468760791,86.50238037,100.8373413,797.4513787,0.916169015,0.28133756,0.348252091,0.079150823,14.89696691,10.83807162,1.21e-06,0.168716431,103.8236971,7638.394685,0.009292603,0.1389725320136728,9.457718387876788
731_img_.png,88.25674438,71.45299602,5105.53064,6.406843203,252,71.45299602,79.25102234,92.99211121,87.47340393,127.4162136,0.439147736,70.28718567,103.2912903,1326.778263,0.870096278,0.281314461,0.332755005,0.079137826,20.09918811,11.13806869,1.21e-06,0.206695557,135.0879272,12876.48735,0.009384155,0.07620039337420338,9.059694804884158
732_img_.png,86.8863678,68.9833806,4758.706799,6.346940605,250,68.9833806,73.73097229,93.00457764,89.88996887,121.660756,0.403133793,75.71479797,104.4682007,1251.47189,0.868681218,0.281335337,0.342434036,0.079149572,19.27103248,11.01406963,1.21e-06,0.192993164,124.463491,12322.03759,0.007949829,0.10002793333328634,9.178139233181854
733_img_.png,84.56370544,52.71214231,2778.569947,5.592641786,185,52.71214231,49.81330872,103.1292725,80.11741638,91.55217257,0.271837429,96.93070984,103.2279358,163.8746324,0.970516018,0.25052527,0.342752456,0.062762911,7.635110294,9.7197396,9.57e-07,0.10774231,61.90753384,1483.84293,0.006317139,0.12277292696373847,6.691114217251977
734_img_.png,76.39533997,53.33858606,2845.004763,6.120085937,238,53.33858606,44.14915466,93.0619812,75.18588257,110.517153,0.26240544,96.61355591,93.74667358,471.3470129,0.917168995,0.25045921,0.360177299,0.062729816,12.13558517,10.56264619,9.57e-07,0.182144165,79.94088369,4558.40562,0.00831604,0.10379465967883546,8.182880412091514
735_img_.png,66.83534241,70.92146215,5029.853793,4.903276673,255,70.92146215,46.44508362,74.70823669,79.77391052,93.39298818,0.300650169,82.43269348,91.1963501,939.3115196,0.906715333,0.47269121,0.503474866,0.22343698,14.46197917,8.265646805,3.41e-06,0.125793457,86.11312556,9287.604388,0.005813599,0.07921681422223369,6.482156875314854
736_img_.png,69.85720825,59.93651703,3592.386074,6.135006104,254,59.93651703,61.71951294,73.99015808,69.90812683,122.7671647,0.428910692,59.53303528,79.46768188,530.2297794,0.926071729,0.300898317,0.39292378,0.090539797,11.98020833,10.32326809,1.38e-06,0.18862915,96.49273627,4315.781096,0.011459351,0.0923291916704231,10.023748988697669
737_img_.png,80.57356262,78.88379199,6222.652639,6.351077894,255,78.88379199,68.62289429,85.16555786,88.26586914,123.8199224,0.395677389,70.18099976,94.80249023,1513.883456,0.878284205,0.312580375,0.357964004,0.097706491,21.60318627,10.89703943,1.49e-06,0.221496582,149.600981,14878.36344,0.011245728,0.03467115127726766,8.444802485796002
738_img_.png,66.73226929,76.3316058,5826.514044,5.134908465,253,76.3316058,57.94526672,70.1473999,72.16955566,121.2061926,0.407156452,55.16093445,80.9379425,771.7719822,0.933774542,0.46880304,0.551699516,0.219776291,11.99535846,8.280329643,3.35e-06,0.121536255,82.83461845,7453.53396,0.006072998,0.08234905264136747,7.617982405383766
73_img_.png,77.32337952,65.4554219,4284.412256,6.371812661,255,65.4554219,55.79653931,85.94380188,89.4176178,107.800495,0.318180244,91.87284851,95.89343262,651.0182751,0.924036082,0.26598704,0.392140345,0.070749105,12.70059743,10.57132844,1.08e-06,0.142578125,89.82359412,6259.483103,0.00630188,0.2188630254213805,9.486719072700197
740_img_.png,69.84480286,70.42791834,4960.091682,4.747943321,233,70.42791834,47.90194702,79.49516296,77.69250488,109.506951,0.304743672,73.78390503,87.60421753,251.1540135,0.974706742,0.468832757,0.534278382,0.219804154,6.838572304,7.728334238,3.35e-06,0.072128296,51.07433105,2571.812414,0.003768921,0.14226132863709326,6.839273199196451
741_img_.png,60.54446411,68.5668032,4701.406501,5.094732358,255,68.5668032,55.09875488,63.4785614,59.728302,119.412735,0.44720524,47.31370544,69.11116028,784.4587469,0.916546547,0.468768955,0.493324227,0.219744333,14.70862439,8.583847868,3.35e-06,0.187026978,108.961309,6523.83888,0.010437012,0.03905511569667874,8.206192722346671
743_img_.png,72.92684937,50.53041404,2553.322743,6.022706253,244,50.53041404,40.14204407,83.39367676,105.0260468,96.51074118,0.213045871,123.233429,105.1747284,312.8082567,0.938806523,0.250353949,0.365698085,0.0626771,9.064751838,10.19073612,9.56e-07,0.111984253,59.00064329,3247.780538,0.0050354,0.18382237577341368,9.851383713077649
744_img_.png,92.76029968,82.51684431,6809.029595,6.201270448,255,82.51684431,86.04283142,96.00035095,93.66473389,128.0328322,0.453656673,50.10958862,104.1785278,1113.31492,0.918338078,0.312679781,0.410615449,0.097768645,16.13195466,10.26220283,1.49e-06,0.153564453,106.3268706,10610.4637,0.007644653,0.18589018118658993,8.137270909035895
745_img_.png,83.383255,55.84219944,3118.351239,5.999142442,250,55.84219944,61.71702576,89.1194458,110.6558228,106.634914,0.308932263,100.6234131,118.1395111,626.5907782,0.899547966,0.250423737,0.350340817,0.062712048,12.16734069,10.3069016,9.57e-07,0.139938354,80.87445039,5841.230251,0.005493164,0.14309997111898665,9.249017485245353
746_img_.png,63.83676147,76.48415392,5849.825801,4.913236275,255,76.48415392,59.52281189,65.3321228,67.45603943,124.2737963,0.448253902,28.11888123,70.19090271,392.6004136,0.966430114,0.50003866,0.553172823,0.250038661,9.043918505,7.877416304,3.82e-06,0.14881897,88.78222045,3586.863177,0.008789063,0.03655036633228112,7.01456510497813
747_img_.png,98.7026062,70.10174924,4914.255246,5.947953754,237,70.10174924,92.55664063,108.6166534,63.73370361,120.9362409,0.537026103,81.12976074,111.1180725,183.5153646,0.98134175,0.289463348,0.444290255,0.08378903,6.749280025,9.687113534,1.28e-06,0.110931396,60.19494835,1747.335641,0.006896973,0.17132371642129,8.987490961122173
748_img_.png,82.68087769,59.96979422,3596.376219,5.848008258,237,59.96979422,79.06930542,88.67752075,61.26513672,122.8886755,0.527330292,62.76379395,90.57804871,149.2403033,0.979231788,0.289300555,0.382567818,0.083694811,7.092754289,9.754782757,1.28e-06,0.132522583,65.46912302,1344.246898,0.008789063,0.11190957671188291,10.245882944060673
749_img_.png,82.60229492,70.32812459,4946.045108,6.393121857,254,70.32812459,76.81164551,85.00283813,85.43911743,123.0183474,0.450661606,53.33662415,94.19706726,693.8736366,0.92986936,0.281382184,0.359424532,0.079175933,14.1584712,10.77752436,1.21e-06,0.192840576,135.2336976,5957.894073,0.014755249,0.062359251875564424,8.529351323949998
74_img_.png,100.7527466,62.2764032,3878.350395,5.723950922,250,62.2764032,74.79644775,108.9633484,126.5481262,110.499321,0.317591522,79.56970215,128.3388062,229.5909007,0.970416362,0.250590827,0.36518891,0.062795762,7.923253676,9.765432776,9.58e-07,0.11138916,58.83422309,2293.583021,0.006561279,0.23051178957253438,10.199265144200977
750_img_.png,65.01144409,58.69816756,3445.474875,6.282812558,253,58.69816756,50.13011169,69.85446167,79.11323547,108.3659598,0.336516659,98.28878784,89.98999023,370.3753217,0.946292433,0.281381758,0.35271282,0.079175694,10.72507659,10.4796571,1.21e-06,0.16796875,93.88619833,3421.358618,0.011123657,0.09629272747344512,9.628448853611026
751_img_.png,72.84715271,69.698693,4857.907805,6.31002998,254,69.698693,62.80880737,77.96299744,72.81484985,125.1352229,0.416565222,59.08129883,84.48754883,432.7731311,0.955484448,0.300935305,0.394674209,0.090562058,10.5549326,10.33007553,1.38e-06,0.164611816,98.91768771,2744.893757,0.011962891,0.10989499849235716,9.546326775677395
752_img_.png,81.49380493,68.33894935,4670.211998,6.135517385,255,68.33894935,69.86129761,85.90699768,89.29510498,114.4603411,0.398746913,86.01074219,105.1307831,1632.139369,0.825403027,0.312618438,0.402052646,0.097730288,20.52634804,10.46608374,1.49e-06,0.167251587,116.5273438,15641.63344,0.00604248,0.1285778471558755,8.288001381888998
753_img_.png,57.6764679,62.26045049,3876.363696,4.823583118,252,62.26045049,48.1159668,61.61328125,62.51968384,111.6962361,0.38761635,60.75898743,71.24360657,323.6335172,0.958333635,0.476602255,0.516768687,0.227149709,8.975735294,7.985285794,3.47e-06,0.096359253,62.08219105,3570.179591,0.004058838,0.09049269627204161,9.566496864228151
754_img_.png,100.0776215,77.37814183,5987.376833,6.266289067,254,77.37814183,85.77645874,104.6949615,113.7941132,124.8899985,0.392589235,55.22184753,118.0943146,791.6640931,0.933901709,0.289358112,0.422754395,0.083728117,14.24463848,10.41899608,1.28e-06,0.142974854,86.16463794,7783.307537,0.004272461,0.14874536785479306,7.392353194026839
756.png,52.81990051,65.30952601,4265.334187,5.205270764,240,65.30952601,35.93818665,61.40039063,52.93029785,128.5839464,0.314335435,72.5823822,64.47546387,178.7162837,0.979030188,0.437678588,0.587718464,0.191562547,5.385615809,7.977201468,2.92e-06,0.117858887,65.55936291,1516.706618,0.009475708,0.07413926176254294,6.882237607071047
756_img_.png,143.9371948,75.95494867,5769.154228,7.392489524,255,75.95494867,132.9852753,149.313446,145.3431091,127.4250042,0.451322982,68.06077576,159.9704895,1434.42405,0.875742015,0.094498308,0.226402579,0.00892993,21.44200368,12.830318,1.36e-07,0.201843262,135.3672642,14324.43781,0.00869751,0.24837568586461423,11.689279880164797
757_img_.png,65.5773468,67.814913,4598.862426,6.395736257,255,67.814913,67.47000122,65.2565918,62.23745728,112.8741033,0.52920118,52.46768188,75.30595398,793.4423866,0.913802413,0.285265069,0.33649429,0.08137616,16.26723346,10.88884148,1.24e-06,0.207290649,111.1101899,6277.790057,0.0105896,0.08290415271358054,10.432333887857135
758.png,64.10018921,69.79062579,4870.731448,5.184420824,246,69.79062579,43.34750366,74.81593323,63.3625946,118.7791349,0.31370651,101.6091614,86.49324036,295.4350643,0.969645834,0.438177201,0.605507036,0.191999259,6.129212623,7.879676736,2.93e-06,0.093612671,70.5769023,2087.286914,0.007354736,0.12098620333080039,7.205442309683608
758_img_.png,100.8973694,76.40810302,5838.198207,6.311890146,253,76.40810302,84.46644592,106.538559,114.9376678,124.7009055,0.381379289,56.12809753,115.9645844,221.4171109,0.981033296,0.281504371,0.434565959,0.079244711,7.176393995,10.06006704,1.21e-06,0.098144531,58.56878839,2587.269925,0.003417969,0.23810418326100677,8.458359161368383
759_img_.png,86.78987122,66.7335001,4453.360036,6.263945633,253,66.7335001,76.46650696,89.17063904,101.6119843,127.4085559,0.400804359,74.99177551,111.5340118,525.6879596,0.941029867,0.281372238,0.353521382,0.079170336,12.08186275,10.58773429,1.21e-06,0.163787842,92.85304018,5348.829125,0.008300781,0.11390131015292705,8.692096648679534
760_img_.png,61.81761169,77.28479197,5972.93907,4.884603517,255,77.28479197,47.89852905,66.1262207,76.14463806,124.6754592,0.336671399,58.75086975,77.05874634,2075.763511,0.825947666,0.507823337,0.526759584,0.257884542,23.11173407,8.254369431,3.93e-06,0.17829895,120.6335579,18148.73029,0.00718689,0.03531769784977402,7.493353105481474
762_img_.png,94.13551331,70.07629526,4910.687157,6.897574561,255,70.07629526,92.94412231,97.98683167,77.4473114,131.8298533,0.529794946,76.84396362,104.1718445,2443.11685,0.750450649,0.203988323,0.233534175,0.041611236,32.57141544,12.54397911,6.35e-07,0.28604126,182.2929976,21278.45249,0.01361084,0.06719451407076316,10.357721667959476
763_img_.png,94.33831787,82.73736649,6845.471814,6.552457944,255,82.73736649,92.42707825,95.64938354,92.58331299,134.1133644,0.491025629,38.33581543,100.6674347,1778.728722,0.870070048,0.281293354,0.311416326,0.079125951,26.05733762,11.47842894,1.21e-06,0.255279541,151.6017653,16529.64147,0.01071167,0.04282065764960256,8.566838509474014
7643.png,57.6061554,57.3728989,3291.649528,5.012883293,220,57.3728989,30.08459473,69.02880859,70.98287964,94.24584754,0.214872023,92.76927185,77.72853088,636.4838695,0.903392249,0.437573366,0.512396578,0.191470451,11.10859375,8.386794368,2.92e-06,0.119430542,66.55989926,6572.601346,0.004425049,0.0724742285442151,6.3708438043124715
764_img_.png,94.64878845,82.83547359,6861.715685,6.387606144,255,82.83547359,91.99560547,95.94099426,94.99305725,137.079184,0.481818747,23.94367981,99.04170227,837.2336857,0.938961506,0.300830694,0.340064204,0.090499106,17.21744792,10.93468072,1.38e-06,0.234069824,132.7407572,7987.472241,0.012252808,0.05363652941549362,8.407364553869078
7654.png,64.28962708,64.18531168,4119.754236,5.075286531,234,64.18531168,31.00164795,77.7620697,82.22314453,90.85399082,0.193778207,101.3818512,87.02043152,1072.574586,0.869838792,0.437567175,0.496574598,0.191465033,15.49229473,8.621700172,2.92e-06,0.149734497,86.01167917,10835.32654,0.006118774,0.05733062349207966,5.984616401844017
765_img_.png,70.63607788,81.37674464,6622.174568,5.164514598,255,81.37674464,66.02606201,72.82019043,71.47157288,124.8434165,0.457587187,35.07409668,77.04811096,1400.568306,0.894382207,0.468766131,0.491604039,0.219741686,19.11199449,8.728807013,3.35e-06,0.187011719,120.57935,12771.67577,0.009887695,0.029742886648123922,8.340093848780553
766_img_.png,67.63575745,74.82244773,5598.398684,5.112683157,252,74.82244773,68.42935181,68.11532593,63.07421875,113.5168564,0.521606748,37.64831543,76.12115479,985.6403799,0.912076903,0.46876583,0.48751601,0.219741403,17.23939951,8.69376684,3.35e-06,0.195129395,106.7958834,8802.601545,0.009552002,0.03294588080656539,8.478805550318208
767_img_.png,82.97984314,66.82194001,4465.171667,6.182918984,230,66.82194001,65.00865173,90.56918335,91.03952026,104.2855744,0.357960001,110.3652649,111.0496063,378.2271446,0.957693996,0.281390919,0.352421933,0.07918085,10.49528186,10.38987814,1.21e-06,0.11289978,71.31268224,3740.636431,0.005493164,0.16252657439352153,9.69928214198705
768_img_.png,76.57159424,75.59910961,5715.225374,4.011159621,194,75.59910961,73.49401855,77.87199402,77.94021606,122.2000049,0.471683307,23.8165741,83.76333618,60.25499387,0.994730474,0.488493924,0.573438333,0.238626313,3.79252451,6.611629628,3.64e-06,0.032104492,31.0488355,890.2525386,0.000762939,0.15451581684290397,9.665007381607632
769_img_.png,133.1387177,64.2689587,4130.499053,7.277124019,255,64.2689587,133.2662048,139.0038452,102.6075287,124.5321114,0.551572563,89.75395203,146.8199463,1171.130729,0.858215926,0.101844464,0.147216855,0.010372295,23.44840686,13.27618382,1.58e-07,0.28503418,145.3813875,10695.62823,0.010742188,0.11098808214963111,10.725142149890974
76_img_.png,102.5655975,64.72994484,4189.965759,5.907964152,250,64.72994484,71.14981079,117.6330872,107.4020081,107.7443616,0.316172065,84.3637085,118.5876617,229.7796722,0.972582749,0.250553113,0.365946781,0.062776862,8.010707721,9.989184942,9.58e-07,0.131134033,66.41803106,1959.500122,0.007827759,0.1793659176669924,10.666864771117691
770_img_.png,84.55979919,72.11249841,5200.212427,6.65610343,255,72.11249841,81.772995,85.41973877,87.43740845,123.7832239,0.473066901,69.94213867,101.0657959,2906.525843,0.720271905,0.253950224,0.275913103,0.064490716,34.50424326,11.96180484,9.84e-07,0.276931763,183.7642146,27984.51603,0.011886597,0.03551093184674776,8.905717826893628
771_img_.png,100.3351288,76.28950498,5820.088571,6.109783945,251,76.28950498,96.41703796,102.9673462,97.0831604,131.6982691,0.481963478,45.91308594,111.6862183,238.1260417,0.979538195,0.300978219,0.417833516,0.090587888,8.049754902,9.964606688,1.38e-06,0.162963867,86.78871672,2335.340743,0.012115479,0.12209954581800238,7.848186401235237
772_img_.png,83.27351379,61.12823943,3736.661656,6.021061845,244,61.12823943,74.58277893,86.06903076,91.68840027,124.4415097,0.419576152,62.43399048,101.1127625,162.8492341,0.978220369,0.281464581,0.378276567,0.079222311,7.026194853,9.948850989,1.21e-06,0.060638428,48.79124712,2023.2097,0.001342773,0.23492065178313623,8.857605438883148
773_img_.png,90.66912842,73.54243266,5408.489401,6.207220889,255,73.54243266,84.59466553,94.91567993,84.71260071,124.8032933,0.470942912,71.15953064,104.3986969,482.6695772,0.955383966,0.300888943,0.389456209,0.090534156,10.86173407,10.30126499,1.38e-06,0.16708374,90.69942115,4498.74348,0.010787964,0.09405692025470934,7.808951589806574
775_img_.png,82.47492981,63.26822503,4002.868298,6.480529295,252,63.26822503,69.97715759,86.93031311,92.32113647,121.3717685,0.390385449,53.87290955,93.71392822,1199.878799,0.850076606,0.250085972,0.295350457,0.062542993,20.41072304,11.44297136,9.54e-07,0.237930298,134.2139615,10931.42028,0.012985229,0.06376317434771271,9.678426735491216
776_img_.png,76.60583496,50.48458566,2548.693389,5.788128989,246,50.48458566,61.65455627,82.25733948,86.74632263,114.9126342,0.364811954,57.62187195,88.33334351,431.3011642,0.915373699,0.251029114,0.393331844,0.063015616,10.71531863,9.949037885,9.61e-07,0.146408081,72.60344317,4053.367859,0.00831604,0.1625228323563022,9.848440635700307
777_img_.png,79.08566284,64.09982895,4108.788072,6.510610077,255,64.09982895,68.92062378,83.40148926,83.58831787,119.9975925,0.412723537,48.24998474,86.44595337,1080.692157,0.868469148,0.250091713,0.29507834,0.062545865,19.23268995,11.39944944,9.54e-07,0.235610962,137.887001,9487.938323,0.014053345,0.05280938628505786,8.327032279596024
778_img_.png,78.86572266,63.63189221,4049.017706,6.491976028,253,63.63189221,67.0663147,84.08396912,82.95924377,115.4257655,0.401490809,52.6505127,85.62005615,838.2154871,0.89655858,0.250102321,0.302436024,0.062551171,17.0120864,11.29934115,9.54e-07,0.229278564,130.3351493,7380.050619,0.013931274,0.05615717202560677,8.428396913918775
779_img_.png,78.05044556,59.66620832,3560.056415,6.335414994,254,59.66620832,69.00265503,82.2922821,79.93435669,123.357065,0.425347252,48.7441864,85.01487732,1019.98701,0.856780047,0.250169495,0.314857321,0.062584776,18.60876225,11.13507232,9.55e-07,0.216537476,119.4245644,9632.518033,0.010009766,0.06882767883035451,9.530962481156159
77_img_.png,80.68737793,68.4643599,4687.368576,6.236861199,255,68.4643599,59.94644165,90.67471313,83.66227722,110.0829352,0.343853829,93.47607422,96.92216492,1005.129779,0.892807298,0.293029584,0.324992432,0.085866337,19.77873775,10.93598247,1.31e-06,0.25328064,139.7432422,9579.474975,0.013336182,0.04137371739427519,9.471939062302058
780_img_.png,82.98873901,63.32535352,4010.100398,6.444236441,252,63.32535352,68.98617554,89.08616638,88.32139587,126.0486149,0.388857017,55.82038879,93.28100586,1037.820588,0.870680388,0.250137823,0.325604023,0.06256893,17.35315564,11.157473,9.54e-07,0.193450928,105.29019,9347.088668,0.009124756,0.09496871393945457,9.206187714106287
781_img_.png,78.43592834,56.4946042,3191.640304,6.212844835,250,56.4946042,64.2930603,84.21455383,85.73051453,115.3875104,0.378316717,54.2796936,87.37825012,555.2056679,0.913039814,0.250205193,0.32138322,0.062602639,13.56675858,10.81627918,9.55e-07,0.194625854,98.34554158,4706.623889,0.011810303,0.10478073366396344,10.353467625888237
782_img_.png,78.30488586,72.87786044,5311.182542,6.478782611,254,72.87786044,78.82846069,78.03900146,78.30187988,113.1671658,0.50420888,56.68992615,92.9539032,870.8218597,0.917984984,0.28130844,0.323065029,0.079134438,17.66806066,11.14380385,1.21e-06,0.217437744,109.4684222,7298.010605,0.009170532,0.09387546753241084,9.557468652010645
783_img_.png,78.2960968,72.91248304,5316.230183,6.484682177,255,72.91248304,73.69984436,81.40925598,74.28608704,126.2169871,0.473359337,60.28852844,89.42082214,1431.26057,0.865479331,0.281309742,0.322729084,0.079135171,21.49479167,11.2170008,1.21e-06,0.207763672,128.6135895,14198.28184,0.009963989,0.05703430683689783,8.220119472922065
784_img_.png,72.21391296,73.67933794,5428.644839,6.255029578,255,73.67933794,67.9990387,73.50469971,76.58503723,124.6944048,0.453055886,78.6265564,90.82954407,1883.856143,0.826503882,0.301064642,0.398778594,0.090639919,22.55470282,10.60273845,1.38e-06,0.191268921,137.6901419,17782.41371,0.009887695,0.13102692425385606,9.717981607103646
785_img_.png,93.44309998,74.65657516,5573.604215,6.24140053,255,74.65657516,87.79748535,94.92835999,100.615448,134.1464445,0.448991386,36.12606812,103.3095551,711.158027,0.936202123,0.300838626,0.340265381,0.090503879,15.83238358,10.7667207,1.38e-06,0.244155884,123.9609924,6022.105015,0.014541626,0.038192127948193155,7.73357166023689
786_img_.png,95.66203308,44.57344481,1986.791983,7.02487028,243,44.57344481,31.66152954,123.7628937,118.8332977,68.31965841,0.130511239,187.414978,129.8863373,602.7086091,0.848263722,0.076136527,0.273364637,0.005796771,12.64831495,12.13164563,8.82e-08,0.176361084,89.84177989,5680.859504,0.008880615,0.29576324631537465,9.662084863426227
787_img_.png,63.67678833,74.89190409,5608.797298,4.863929975,255,74.89190409,48.22055054,68.33296204,80.23126221,119.534903,0.324577137,58.9543457,82.0879364,519.8605852,0.953652694,0.500032642,0.553420156,0.250032643,9.316681985,7.801144211,3.81e-06,0.096252441,68.55894534,5355.855595,0.004699707,0.10001709774756147,6.431011037994574
788_img_.png,96.03276062,71.24119633,5075.308055,5.990277735,244,71.24119633,90.04931641,99.7197876,92.70271301,135.8266644,0.467977062,53.65873718,108.0518494,336.6063113,0.966829013,0.300957078,0.407043719,0.090575163,9.216176471,9.963158606,1.38e-06,0.143829346,75.16018628,3419.752487,0.007659912,0.15779643113839104,7.452525749407539
789_img_.png,61.64205933,64.02812405,4099.600669,4.953557142,238,64.02812405,38.61039734,74.03140259,58.25462341,106.1259331,0.291870566,73.92610168,74.03799438,402.9920343,0.950841088,0.457070674,0.498054247,0.208913601,10.24782475,8.315979558,3.19e-06,0.15461731,72.1284603,4248.213562,0.007156372,0.0355944758298699,8.365135457843493
78_img_.png,57.9825592,56.10146772,3147.374681,5.888457291,218,56.10146772,35.10398865,63.15354919,91.32704163,109.8039905,0.22723883,105.2837982,93.06526184,609.4799939,0.90314896,0.290562401,0.399334079,0.084426509,11.92000613,9.957598405,1.29e-06,0.114013672,65.69974934,4910.929077,0.004745483,0.19210396922040476,9.61854258833158
790_img_.png,67.62582397,59.18474948,3502.834571,6.274863681,253,59.18474948,71.3147583,66.04075623,66.10777283,115.0522599,0.539656089,45.42079163,77.02464294,1142.121262,0.837070964,0.281319546,0.315313837,0.079140687,20.29136029,11.04089895,1.21e-06,0.249755859,131.1627761,9633.546007,0.013320923,0.051542893677526486,9.483734420479541
7916.png,50.53222656,52.54994746,2761.496978,4.888487956,240,52.54994746,20.34013367,60.91905212,76.28761292,94.204195,0.148244502,117.8844147,79.61952209,850.6964767,0.846035755,0.437909861,0.563954036,0.191765046,11.99102328,8.034120128,2.93e-06,0.139053345,73.0148853,8084.943623,0.006347656,0.08908699795413515,8.438089767896864
791_img_.png,74.93507385,58.12277496,3378.256969,5.788184689,253,58.12277496,65.8717804,75.93783569,93.53715515,109.5556191,0.388681422,81.42845154,103.8048859,762.2690717,0.887253842,0.301064023,0.385904314,0.090639546,13.88203125,9.959677067,1.38e-06,0.143539429,86.52643539,7373.226955,0.005706787,0.1567682064647713,9.150080147952808
792_img_.png,91.0826416,70.08620816,4912.076575,6.316317205,254,70.08620816,83.6643219,95.52593994,87.66853333,106.1139269,0.456696757,95.58934021,116.7207794,1133.99928,0.884662723,0.281319459,0.319459014,0.079140638,20.17700674,11.10108761,1.21e-06,0.232269287,132.4718465,10232.87259,0.01083374,0.06610120841392282,8.591319539840365
793_img_.png,58.15542603,55.14252231,3040.697767,5.877587303,251,55.14252231,55.60784912,56.84513855,71.60595703,127.7765623,0.432910664,70.63494873,77.88043213,525.598269,0.9136322,0.300936742,0.34613493,0.090562923,13.4373315,10.13502246,1.38e-06,0.119262695,80.79909672,4997.432286,0.006072998,0.11627199540713773,10.4404276825084
794_img_.png,90.47679138,73.06620741,5338.670665,6.197632106,251,73.06620741,83.94117737,93.37677002,92.68977356,133.0413487,0.451135254,58.22438049,106.1774139,519.4055453,0.951374389,0.300872349,0.362150293,0.090524171,12.62720588,10.49147914,1.38e-06,0.159957886,92.665778,4873.216533,0.009292603,0.1364656483724871,8.335310968017243
795_img_.png,84.60842896,68.30693899,4665.837914,6.284437641,255,68.30693899,70.65090942,89.44134521,96.32781982,99.57689483,0.380315589,99.36885071,117.8013916,780.7885723,0.916379762,0.281615933,0.397701771,0.079307534,14.00664828,10.51206909,1.21e-06,0.151626587,109.6716082,6972.765612,0.009109497,0.15261041574155873,8.266871603888616
796_img_.png,74.3193512,71.53846051,5117.751332,6.354898445,254,71.53846051,67.68249512,75.3440094,86.48971558,134.3982091,0.418222439,49.33288574,88.10386658,313.0949908,0.969449557,0.282260639,0.406715143,0.079671068,8.693765319,10.25649777,1.22e-06,0.10774231,65.21349965,2703.554177,0.005569458,0.19980892268031814,10.174512588738274
797_img_.png,97.90490723,73.28252404,5370.328329,6.206693787,255,73.28252404,80.97183228,102.6828003,117.7222595,123.3252207,0.367377375,90.63441467,130.4982605,1342.372656,0.875050899,0.281398324,0.349099248,0.079185017,18.43405331,10.70154146,1.21e-06,0.158889771,115.1550977,11587.34405,0.007446289,0.13135716834442132,8.411552611066082
798_img_.png,75.241745,75.5325414,5705.164811,6.358637286,253,75.5325414,62.279953,78.71185303,91.44926453,125.9591895,0.366005783,70.89906311,93.4417572,277.4371783,0.975690754,0.282237793,0.453695656,0.079658172,7.584666054,9.975860529,1.22e-06,0.095611572,59.80641269,2474.192436,0.005142212,0.24212395195526593,9.98995245487793
799_img_.png,84.09663391,66.96027062,4483.677841,6.440700232,254,66.96027062,76.47764587,84.54039001,101.786087,116.8854436,0.410449696,83.54486084,114.369751,1731.788419,0.806435652,0.247438875,0.356219373,0.061225997,22.23903186,11.16555273,9.34e-07,0.192871094,140.6730915,14339.6088,0.010940552,0.17520714772174661,9.950712424703594
79_img_.png,68.31887817,66.18172015,4380.020082,5.633908804,255,66.18172015,61.43577576,71.26771545,71.18266296,107.4471389,0.431278431,61.67607117,81.76928711,1484.733961,0.830498637,0.382855391,0.416407007,0.14657825,20.59394914,9.74259631,2.24e-06,0.175415039,113.6600461,14159.06143,0.006484985,0.062253956843559444,8.946949459639894
7_img_.png,57.96746826,47.51530654,2257.704356,5.323367217,249,47.51530654,30.68986511,68.95690918,72.90284729,97.92383665,0.216339474,118.0043182,77.7800293,345.2758425,0.923623577,0.30159218,0.433173565,0.090957843,7.919102328,8.922954264,1.39e-06,0.072555542,54.16508713,3347.726381,0.003768921,0.27009756075496605,11.255698462478545
800_img_.png,88.71182251,66.21305485,4384.168632,6.191235563,248,66.21305485,74.55090332,94.49411011,96.10354614,119.9377577,0.391142812,77.22174072,109.6981049,792.0087776,0.909743743,0.281440705,0.386691967,0.07920887,14.20727635,10.53898036,1.21e-06,0.162567139,99.94534359,7430.950147,0.008300781,0.1847949189650949,9.06600601414963
8010.png,55.60617065,58.5167175,3424.206227,5.069342789,229,58.5167175,22.22134399,67.69734192,80.92163086,94.52422802,0.149518891,118.0320892,84.49267578,893.0989124,0.869752738,0.437612139,0.527703719,0.191504384,12.61331189,8.392762068,2.92e-06,0.150009155,84.39425089,7736.98176,0.007614136,0.07080306798425336,8.464942385473524
802_img_.png,144.8138428,50.60163712,2560.525679,7.48193997,240,50.60163712,128.2367859,153.5640259,143.2081604,117.4769422,0.432105136,80.93414307,163.0177307,431.8873468,0.913206095,0.013509879,0.101922716,0.000182517,12.4057598,13.14726185,2.55e-09,0.094177246,65.79262266,2835.444922,0.004165649,0.5260101760768688,18.51373181927962
803_img_.png,76.97685242,64.73875369,4191.10623,6.301299498,253,64.73875369,70.93334961,78.88365173,83.01280212,127.8743308,0.43814023,46.1415863,86.39271545,853.1142463,0.8982558,0.281322646,0.318398933,0.079142431,17.62300858,10.99245542,1.21e-06,0.219558716,127.8076733,8731.087526,0.011428833,0.051028602616540186,9.362988356234235
8046.png,54.56971741,54.77101372,2999.863944,4.934793583,244,54.77101372,20.50262451,66.6436615,81.74530029,90.64009358,0.138168124,124.6206818,87.33859253,610.6309743,0.898340697,0.437662435,0.550878853,0.191548407,9.653370098,8.049178073,2.92e-06,0.129943848,69.7980122,5835.355879,0.006149292,0.07184847344801207,6.896750655629012
804_img_.png,108.342865,79.81792098,6370.90051,5.995129874,253,79.81792098,107.9470215,110.2951508,99.40415955,121.6779337,0.514770513,40.29515076,117.0646057,258.7071691,0.97970162,0.300937295,0.389824709,0.090563255,8.523468137,9.974654769,1.38e-06,0.131469727,67.14607869,2722.863806,0.005996704,0.1456731704290649,8.644782066093509
8056.png,57.17514038,57.98891392,3362.714138,5.011972533,237,57.98891392,20.86126709,70.83474731,82.08180237,87.06664958,0.136422559,121.0959167,85.38250732,1206.208058,0.82084278,0.437552922,0.485937893,0.19145256,16.05343137,8.538984534,2.92e-06,0.173492432,87.11876404,11860.56333,0.006225586,0.04652608537201156,6.983189208890245
806_img_.png,54.7870636,69.7644898,4867.084037,5.013152414,255,69.7644898,52.02436829,55.76301575,57.00740051,128.6955028,0.46132993,32.25228882,60.6413269,1347.540165,0.861642899,0.488298175,0.513872817,0.238435108,18.2948223,8.399875853,3.64e-06,0.173217773,109.4774409,12761.06667,0.007415771,0.03293033736466975,7.70153544434586
807_img_.png,149.1716156,45.17041686,2040.366559,7.493620675,254,45.17041686,110.6136627,164.9428864,169.087677,86.9945697,0.331148328,105.4731598,176.9790192,1060.150015,0.740388105,0.009683093,0.067191295,9.38e-05,21.84345895,13.95590403,1.2e-09,0.252166748,123.8033601,9832.69101,0.010421753,0.7055360436025384,20.19111795638092
808_img_.png,70.68280029,69.26910931,4798.209504,6.089862396,251,69.26910931,42.00616455,80.33706665,96.19036865,109.0592539,0.237958278,115.6416473,98.27755737,325.1525123,0.966147849,0.301173922,0.434281085,0.090705731,8.117064951,9.73206996,1.38e-06,0.101150513,63.16688505,2991.476638,0.005340576,0.2779108878257028,8.371308741822777
809_img_.png,79.73304749,87.13342986,7592.234599,5.065868617,254,87.13342986,69.54837036,82.54441833,91.95982361,131.2921298,0.398548308,44.05947876,95.41078186,465.8755821,0.969326551,0.469449944,0.610963432,0.22038325,7.875551471,7.739256906,3.36e-06,0.088607788,62.34121055,4788.698069,0.005050659,0.21631063963822053,6.133696910737768
80_img_.png,106.4058838,75.62332646,5718.887504,6.554433549,255,75.62332646,101.1570282,110.8830872,97.11985779,129.642404,0.486324981,37.39176941,111.6166229,821.8384498,0.928133558,0.250082725,0.298041901,0.062541369,17.41176471,11.44071663,9.54e-07,0.236343384,137.6706797,4897.552795,0.018569946,0.08706223392288846,9.107785041053422
810_img_.png,60.45457458,62.72421997,3934.327771,4.369679134,254,62.72421997,40.62374878,65.90667725,84.38024902,111.2469162,0.270307936,71.4438324,87.0202179,383.8829197,0.951215918,0.488642579,0.613976623,0.23877157,6.659359681,6.961627811,3.64e-06,0.080612183,46.04099157,3692.25913,0.004180908,0.17581295779982006,7.671993078595233
811_img_.png,64.94924927,63.49500684,4031.615894,4.958922536,250,63.49500684,49.54347229,68.35429382,87.82850647,122.8742319,0.31721465,66.91360474,88.29032898,360.3921569,0.955361847,0.441482283,0.49254842,0.194906606,8.817769608,8.247883952,2.97e-06,0.106155396,62.28523422,3811.632243,0.004226685,0.09635901523053948,9.171025475172241
812_img_.png,87.87904358,67.93290634,4614.879763,6.555686047,251,67.93290634,62.80360413,99.54823303,93.55305481,110.0302812,0.325236589,81.95220947,100.6510773,1331.386566,0.855828565,0.250065568,0.283646106,0.062532788,22.97394301,11.64101465,9.54e-07,0.262130737,131.5812608,11597.0282,0.011245728,0.06975839472972407,9.463947262566622
813_img_.png,82.30456543,56.65775426,3210.101118,6.045398331,244,56.65775426,36.23167419,100.9190063,107.2794952,89.7109971,0.174024664,137.9069977,112.6695251,524.0814185,0.918288981,0.251538651,0.458341256,0.063271693,10.96968444,9.969954068,9.65e-07,0.132034302,78.04819398,4994.394554,0.007781982,0.24650037935611305,10.122134199070224
814_img_.png,77.32723999,50.50618412,2550.874634,5.85299106,252,50.50618412,71.498703,77.77607727,90.26315308,123.0375552,0.42548816,42.7578125,90.71022034,258.8762868,0.949320411,0.25033653,0.341857612,0.062668378,8.983670343,10.11116641,9.56e-07,0.118026733,63.43261325,2474.148747,0.005706787,0.1350004785466087,12.11005529057241
815_img_.png,61.61444092,71.10047055,5055.276912,5.095285643,255,71.10047055,55.23423767,63.97161865,66.20683289,101.9690795,0.424296318,66.739151,78.72776794,1245.012454,0.876870543,0.472673582,0.496189176,0.223420315,17.9248315,8.621459279,3.41e-06,0.185760498,111.1038534,12133.79142,0.008346558,0.028100934448044262,7.478725380953806
816_img_.png,101.1897125,80.3062534,6449.094334,6.672686704,255,80.3062534,83.1572113,108.6323242,110.1546936,126.130211,0.380082932,83.35713196,122.9702606,774.5059283,0.939987909,0.250149694,0.340773218,0.062574869,14.73959865,11.21020537,9.55e-07,0.185653687,115.447947,7165.455876,0.010314941,0.1288675344424579,8.664421062958596
817_img_.png,74.00392151,76.6922398,5881.699646,5.325462712,254,76.6922398,53.19238281,84.4617157,74.72531128,107.9878693,0.334150237,80.83189392,89.22529602,1127.053018,0.904098819,0.437523332,0.466764208,0.191426666,17.58975184,9.068922718,2.92e-06,0.178665161,103.6808643,10722.38044,0.007247925,0.035149937149937534,5.562909101381366
818_img_.png,72.42411804,54.02297607,2918.481943,6.105719879,241,54.02297607,44.92044067,83.63957214,86.8205719,103.030781,0.263524596,116.4260101,94.57980347,418.5503217,0.928366158,0.2507046,0.396566472,0.062852797,9.879212623,10.22552594,9.59e-07,0.130569458,77.46496804,3432.669515,0.007263184,0.1608396222856715,8.807580281174811
819_img_.png,63.92181396,65.13261259,4242.257223,6.196009404,254,65.13261259,67.95227051,63.55357361,55.22264099,109.2065886,0.572103352,52.18017578,71.69036865,359.3560662,0.957573343,0.30478832,0.36999275,0.09289592,10.2325674,10.25629247,1.42e-06,0.169845581,89.1462629,2563.293257,0.012420654,0.09898906037845019,8.313132463791037
820_img_.png,82.76531982,77.11990361,5947.479532,6.295406242,255,77.11990361,83.10954285,82.68566895,82.27668762,125.0899318,0.503809139,39.27479553,89.92227173,1459.154994,0.877461532,0.316450281,0.358898658,0.100140781,20.01063113,10.78516768,1.53e-06,0.209762573,147.7115087,12405.6126,0.011795044,0.0623693888421743,8.01020421797409
821_img_.png,57.50291443,68.6265019,4709.596763,4.834660804,255,68.6265019,55.52487183,56.71177673,66.72659302,130.4414174,0.449818577,35.2519989,70.91468811,524.0411305,0.944393835,0.500022926,0.534204294,0.250022926,10.70779718,7.931822105,3.81e-06,0.109649658,70.98296894,5304.458387,0.004943848,0.06007295217542578,7.69472845263669
822_img_.png,69.7853241,54.25970186,2944.115245,6.305737955,254,54.25970186,36.30848694,84.51545715,81.76457214,97.68320093,0.218357473,122.5078125,90.49501038,433.1920037,0.926454333,0.250284815,0.36610926,0.062642489,10.40894608,10.57701809,9.56e-07,0.167129517,85.2477937,3075.079561,0.010406494,0.09291064540277234,8.726521108643297
823_img_.png,71.51538086,63.88796137,4081.671608,6.25166182,255,63.88796137,59.72906494,75.40892029,82.39292908,111.9104818,0.378506749,91.61103821,93.60720825,1596.472917,0.804521158,0.281537328,0.379744003,0.079263267,20.87974877,10.71062959,1.21e-06,0.189025879,131.2122448,15337.30904,0.010131836,0.13483537645349408,9.74310954721103
8262.png,55.09580994,53.97269702,2913.052023,4.81229163,240,53.97269702,21.97993469,65.84765625,86.59902954,92.62712049,0.144181125,120.9571228,90.24894714,476.3479473,0.918304083,0.438366889,0.644066397,0.19216553,7.321997549,7.44570667,2.93e-06,0.092926025,53.552864,4501.406565,0.004364014,0.18243000760552885,7.522502983707547
827_img_.png,63.61203003,71.02703208,5044.839286,4.968947539,253,71.02703208,55.70108032,66.91186523,67.3692627,122.3708089,0.414809446,40.4269104,72.88412476,553.8086091,0.945118356,0.476600741,0.531026401,0.227148266,10.62190564,8.126382208,3.47e-06,0.130752563,79.07544509,4956.398245,0.005950928,0.06631951197319529,6.316466934225435
8288.png,58.24740601,57.99465583,3363.380105,4.959561888,231,57.99465583,22.01370239,71.3352356,85.89970398,86.14696269,0.140005157,120.6940765,89.66091919,414.4826593,0.938361619,0.437617328,0.541335214,0.191508926,7.890012255,8.021366603,2.92e-06,0.11076355,57.06555935,3222.904998,0.00668335,0.10942605068656618,6.124851825890295
828_img_.png,97.49220276,75.4349471,5690.431244,6.286504873,254,75.4349471,85.48597717,101.3610992,109.0763702,135.9924576,0.406229829,58.86138916,117.2703247,905.3646752,0.920357049,0.28931339,0.423538838,0.083702238,14.99209559,10.49347485,1.28e-06,0.163833618,105.1856857,8296.480064,0.008361816,0.16220211386521843,8.388417449535341
829_img_.png,78.21211243,84.97604198,7220.92771,4.961981714,255,84.97604198,60.57588196,84.75956726,90.7648468,125.2219155,0.345113711,55.98136902,95.19059753,1585.088113,0.890264947,0.472708478,0.508761698,0.223453305,18.00088848,8.290901077,3.41e-06,0.127746582,100.0138895,16119.69157,0.005249023,0.10310800140170905,5.710246822452454
82_img_.png,105.4314117,73.91895265,5464.011562,6.507954369,253,73.91895265,100.6620331,110.0236206,94.29571533,128.8654464,0.492670126,36.29429626,110.7398834,855.0363664,0.921757573,0.250074719,0.290094162,0.062537365,18.37454044,11.46139368,9.54e-07,0.258682251,141.3829934,5811.437256,0.017715454,0.06953768809631733,9.241415582690497
831_img_.png,82.6962738,65.79634061,4329.158437,6.239437214,254,65.79634061,63.21304321,88.36141968,104.572464,115.0128884,0.327640962,88.80352783,112.0728607,1067.542632,0.876725497,0.28176155,0.443814281,0.079389571,15.10424326,10.26897958,1.21e-06,0.140441895,100.174717,10769.84573,0.00692749,0.2494668409061068,8.669980525042105
832_img_.png,66.75424194,76.48232447,5849.545957,5.633071946,255,76.48232447,59.03871155,70.84835815,65.92124939,112.1926925,0.431665431,66.52574158,77.80859375,2613.568551,0.776805527,0.410193841,0.439872687,0.168258988,26.5787837,9.655824819,2.57e-06,0.194381714,146.1623559,25996.16532,0.008743286,0.04003735079517211,7.6368422029586025
833_img_.png,60.29542542,70.20284693,4928.439717,4.819494443,255,70.20284693,46.16670227,64.44944763,75.98493958,107.4581449,0.328742149,58.98147583,81.26930237,937.7987132,0.904926687,0.500051053,0.57454162,0.250051055,12.5377451,7.758457141,3.82e-06,0.111190796,81.4467058,8775.803741,0.005325317,0.11170408108060294,7.105872971426056
834_img_.png,111.5965576,30.62728761,938.0307462,6.677541503,214,30.62728761,55.99606323,135.6235046,133.6478119,100.0277671,0.207954059,127.5010223,138.9007568,26.98005515,0.985639389,0.071788247,0.607868511,0.005153552,2.162653186,9.586101178,7.84e-08,0.021987915,22.4834664,248.4031503,0.001113892,0.7620921068290393,15.517011336556731
835_img_.png,112.9059601,87.63726237,7680.289756,6.225099198,250,87.63726237,95.73503113,120.7062531,117.848938,123.0147296,0.401311876,55.4306488,123.9548798,551.0110294,0.964148997,0.285388618,0.379522352,0.081446664,10.70778186,10.23172702,1.24e-06,0.108291626,84.13652477,4849.118368,0.00630188,0.213629204429323,8.151345991618427
837.png,55.95944214,70.25036558,4935.113864,5.334922872,250,70.25036558,49.02134705,58.27578735,62.25137329,123.5939352,0.406724483,36.81680298,64.60125732,350.9008425,0.964474831,0.437630646,0.557449051,0.191520582,7.681939338,8.31132308,2.92e-06,0.126098633,80.73710939,3150.760442,0.009536743,0.06731435895240978,7.532261184898463
837_img_.png,81.25613403,62.83424134,3948.141884,6.005860752,248,62.83424134,72.28309631,83.5620575,92.99452209,125.0547334,0.409404716,56.42481995,94.99299622,59.12192096,0.992519374,0.293309385,0.44891297,0.086030395,3.529120711,9.177793771,1.31e-06,0.028305054,30.28633925,959.7549572,0.001159668,0.4479999773413634,10.50636969416675
838_img_.png,62.77131653,76.32016312,5824.767299,4.932692414,254,76.32016312,63.11981201,62.38220215,63.85925293,104.6619391,0.499992748,31.18707275,70.68933105,861.7661152,0.926015399,0.500013856,0.523644925,0.250013856,14.71283701,8.214470126,3.81e-06,0.168777466,106.7168557,7965.618772,0.009933472,0.027585246571524936,7.3393495775796005
841.png,50.90068054,56.1771814,3155.87571,4.784707818,203,56.1771814,38.6449585,56.13674927,56.0838623,120.4725808,0.344365959,65.89878845,60.59657288,26.05701593,0.995873065,0.438894686,0.742820216,0.192628545,1.578125,6.562688382,2.94e-06,0.022781372,23.85554892,384.3776291,0.001342773,0.31439818835309413,7.558785123202242
841_img_.png,56.32730103,55.96910815,3132.541067,5.836301653,254,55.96910815,43.1653595,57.44923401,85.06204224,123.1496061,0.302890835,91.34873962,88.74354553,1443.025214,0.769956338,0.339952296,0.413021391,0.115567563,17.90952819,9.8970474,1.76e-06,0.154312134,104.6230091,13717.1348,0.006958008,0.10124569366821172,8.483719202726139
842_img_.png,79.79675293,74.48052793,5547.349041,5.914130088,254,74.48052793,53.15176392,90.88606262,92.58328247,109.4411441,0.289703786,92.28492737,97.65657043,200.8472273,0.981875479,0.347865962,0.472468199,0.121010728,6.585922181,9.317497812,1.85e-06,0.090942383,69.57743974,1246.039093,0.006027222,0.1926515030070022,8.161563961935789
843_img_.png,99.65386963,65.18581093,4249.189947,6.343988258,255,65.18581093,74.02182007,111.187851,107.4758606,113.2344887,0.338518996,78.12617493,118.2652435,482.2006281,0.94328524,0.238441529,0.290143083,0.056854363,13.59716605,11.08363202,8.67e-07,0.161743164,80.1808524,4958.67291,0.006103516,0.15323307220059848,9.99000933968974
844_img_.png,70.76153564,58.88479141,3467.41866,6.66725557,248,58.88479141,45.16957092,80.17687988,89.39854431,101.6970721,0.266368615,127.9769287,100.4398651,833.4208487,0.879820144,0.215151117,0.333269853,0.046290003,14.34217218,11.21562535,7.06e-07,0.149108887,101.6960264,6931.683193,0.00819397,0.2102836580268216,9.817378135079895
845_img_.png,46.36019897,52.6125974,2768.085406,4.598796066,239,52.6125974,37.65232849,49.89299011,51.03829956,120.6153764,0.373049117,40.49435425,53.01097107,229.5963235,0.958509706,0.488386404,0.57667428,0.238521279,6.405392157,7.366491172,3.64e-06,0.099487305,56.04873272,2045.651087,0.006790161,0.09029451792516659,8.983472630105258
846_img_.png,78.74771118,65.82364358,4332.752055,6.571612292,255,65.82364358,72.85920715,79.59962463,89.81837463,110.5327661,0.430055882,74.83654785,99.90615845,1401.786918,0.838327358,0.250166233,0.347945855,0.062583144,19.378125,11.24458886,9.55e-07,0.195297241,141.2320295,12342.24237,0.012283325,0.09540660098138247,9.009619969215484
847_img_.png,53.35423279,60.42524066,3651.209709,5.446012932,254,60.42524066,45.53715515,55.59513855,62.29023743,119.3932967,0.386283326,73.0690918,68.66778564,278.130239,0.962001132,0.410350771,0.5726606,0.168387755,5.950061275,8.29879421,2.57e-06,0.066833496,45.61220229,2378.471914,0.003341675,0.20485570117754134,8.695356385985567
848_img_.png,88.57948303,72.73187407,5289.925506,5.854131645,255,72.73187407,88.2532959,88.69447327,88.83720398,134.2251281,0.497112951,11.89717102,91.55726624,452.6259344,0.957217985,0.336000734,0.380113938,0.112896493,12.55243566,10.03114502,1.72e-06,0.189910889,92.00874806,4249.939841,0.010910034,0.04753309710296697,9.565483598747534
849_img_.png,89.69238281,94.02903254,8841.458961,5.145067837,255,94.02903254,70.44122314,97.95153809,97.6590271,127.1955295,0.360109502,45.68322754,100.5706329,286.5117647,0.983787667,0.457110141,0.550180203,0.208949681,6.539889706,8.040063028,3.19e-06,0.073928833,62.72746807,2696.747449,0.003616333,0.13758648495777412,6.2536770870087866
850_img_.png,86.95309448,59.62984958,3555.718961,6.067457573,247,59.62984958,22.4127655,113.218277,120.9983063,90.04430112,0.095692479,157.2923126,122.3333588,288.6704197,0.959376246,0.25042103,0.378740518,0.062710692,9.020634191,10.2368227,9.57e-07,0.101608276,57.76576517,2889.786261,0.004776001,0.1873195319039044,9.314787777830947
851_img_.png,90.53106689,69.77795383,4868.962841,6.518853873,255,69.77795383,91.39680481,90.06311035,90.64846802,125.6207413,0.505760647,34.63146973,98.61590576,745.8236213,0.92320265,0.243271883,0.310174534,0.059181209,15.01715686,11.24903122,9.03e-07,0.192810059,113.8420864,5423.936712,0.013015747,0.10656054149277779,9.667992318810887
852_img_.png,69.82069397,60.16630496,3619.984253,6.439899157,254,60.16630496,43.65548706,76.84632874,102.2606354,107.335408,0.243739752,124.5666504,103.9136658,839.9618107,0.884156711,0.254133128,0.369201375,0.064583647,13.28714767,10.7129488,9.85e-07,0.146591187,96.77174535,7152.608526,0.008117676,0.18472922944587203,9.382236798713933
854_img_.png,71.63635254,71.68811403,5139.185693,5.154550285,253,71.68811403,38.12203979,85.0778656,90.31254578,90.3889134,0.217355325,98.18910217,94.3343811,263.6700827,0.974367115,0.433953927,0.587792081,0.18831601,5.913679534,7.918899269,2.87e-06,0.084823608,62.06708286,2041.731346,0.005126953,0.16613315644801138,7.669107575110957
855_img_.png,74.76153564,64.24826075,4127.839009,5.381705401,242,64.24826075,42.07557678,85.85884094,103.3842468,110.3938416,0.222336135,96.59358215,103.399292,152.0482996,0.981589547,0.375178715,0.486111545,0.140759068,5.787331495,8.679947751,2.15e-06,0.079574585,52.06302595,1583.002186,0.004592896,0.16048929988384325,7.718739265335603
856_img_.png,77.45304871,77.58450687,6019.355706,5.640827554,255,77.58450687,67.3840332,80.5004425,88.13986206,125.158634,0.39957253,49.89497375,91.45344543,337.2416973,0.972018296,0.398548933,0.503446793,0.158841252,8.328094363,9.005707087,2.42e-06,0.133300781,81.0455052,2592.087851,0.006561279,0.09360188116325929,8.405625419149493
857_img_.png,62.04388428,61.35597743,3764.555966,5.489226615,254,61.35597743,38.6151123,72.43603516,69.98272705,107.7035955,0.271137817,88.88040161,74.47987366,1115.0019,0.85185401,0.390665044,0.426284381,0.152619176,17.89114583,9.507721718,2.33e-06,0.188140869,97.25118449,10570.79687,0.00982666,0.042781023967212645,8.80376049899153
858_img_.png,98.85618591,43.98872917,1935.008294,6.752031813,246,43.98872917,83.32899475,107.6755524,94.12217712,84.37096608,0.412933262,55.99407959,107.743576,105.7890319,0.972401257,0.087852345,0.250308008,0.007718035,5.851807598,11.2360588,1.18e-07,0.030334473,41.93601168,947.7273867,0.001251221,0.449874344684797,15.081610839006082
859_img_.png,50.19651794,49.40098179,2440.457001,5.129330866,251,49.40098179,23.25010681,60.72868347,66.65390015,98.27605168,0.182521866,108.037735,69.43981934,326.3606464,0.933264522,0.406492601,0.554554483,0.165236235,6.740333946,8.136345253,2.52e-06,0.068954468,48.05199501,2751.628962,0.003616333,0.21288864810690344,11.871353029066379
860_img_.png,91.36291504,78.21171598,6117.072516,5.845076589,254,78.21171598,68.60470581,104.7689209,82.02734375,112.2586363,0.367270223,73.74934387,108.1070251,396.7956495,0.967574387,0.351651944,0.435173016,0.123659089,10.03936887,9.635688826,1.89e-06,0.133468628,73.6858612,3141.146785,0.005737305,0.10695410956471874,9.291055310326833
861_img_.png,64.04847717,49.73139966,2473.212112,5.38372525,243,49.73139966,27.90701294,78.40820313,84.89814758,94.35665247,0.170887493,121.4060669,87.65463257,400.6681985,0.919094039,0.324463291,0.394770861,0.105276427,10.3189951,9.326120489,1.61e-06,0.090011597,51.89045488,4184.333562,0.002471924,0.22346056160980998,10.588568207444666
862_img_.png,74.49157715,73.10488916,5344.324819,5.900911203,255,73.10488916,36.45097351,89.45213318,97.23329163,103.6072167,0.195253451,116.7934723,100.8210754,532.7613664,0.950199529,0.35561693,0.489433527,0.126463401,9.459344363,9.413677592,1.93e-06,0.113769531,73.25978233,4160.985303,0.006881714,0.15954557280004322,7.294950894985571
863_img_.png,88.30830383,74.19196512,5504.447689,6.005301331,255,74.19196512,75.44680786,93.2020874,96.84991455,120.38302,0.396979811,71.43797302,107.4858398,680.4509344,0.938225767,0.332116134,0.402261104,0.110301126,13.07234988,10.0945334,1.68e-06,0.151351929,107.0204587,5346.195478,0.009185791,0.12437796616205266,7.826047735207
865_img_.png,73.95629883,67.6273846,4573.463148,5.938686377,250,67.6273846,32.53184509,91.09942627,94.34622192,98.5902569,0.175425228,128.0539246,100.7108307,711.6106618,0.922276188,0.336095416,0.436810931,0.112960128,12.58893995,9.815434663,1.72e-06,0.153213501,100.2242562,6934.696337,0.009262085,0.11154542235458083,7.213986553425714
866_img_.png,82.70373535,71.69240411,5139.800808,6.679650966,255,71.69240411,72.52583313,87.55615234,84.42385864,118.2725514,0.42171083,73.53410339,95.55064392,1396.053784,0.864263351,0.253985596,0.299449765,0.064508683,22.05170037,11.61440335,9.84e-07,0.223480225,141.3063705,13014.40297,0.012039185,0.06506563345008588,8.865379011120769
867_img_.png,75.85624695,52.04700762,2708.891002,5.98526106,247,52.04700762,31.52929688,92.16700745,108.1334686,89.31371661,0.157409995,144.7420654,112.3262024,665.9091759,0.877193305,0.254705357,0.445807982,0.064874819,12.11429228,10.04971346,9.9e-07,0.135848999,73.94254834,5706.052421,0.005065918,0.24564700974312714,9.066948598662169
868_img_.png,63.66029358,62.58753125,3917.199068,5.601897657,254,62.58753125,42.33378601,71.45910645,79.47003174,111.4712572,0.280487827,91.47889709,85.84423828,609.9049326,0.922190457,0.379023419,0.466822128,0.143658752,12.05818015,9.330425206,2.19e-06,0.168014526,98.38058855,5651.618494,0.009719849,0.08487100779492851,9.254153186651084
869_img_.png,66.22346497,55.08374394,3034.218847,6.351022553,253,55.08374394,59.55763245,66.82951355,80.58459473,115.1168624,0.404015824,66.53790283,83.37580872,1327.883716,0.781239222,0.250115914,0.300300147,0.06255797,21.10960478,11.25315227,9.54e-07,0.219238281,124.0816638,11866.15679,0.010421753,0.06253903756168176,10.963551590608866
86_img_.png,100.3276825,73.11849994,5346.315033,5.942160425,251,73.11849994,63.9781189,117.4363556,107.5857086,115.2094174,0.284319314,89.24391174,119.3068542,132.0814951,0.987652533,0.293209973,0.38729406,0.085972088,6.173590686,9.668976595,1.31e-06,0.053482056,50.45201073,1456.517978,0.00352478,0.21486574099825484,9.020337250883447
871_img_.png,58.03837585,64.69835597,4185.877266,5.034653967,253,64.69835597,31.39611816,67.85809326,77.37872314,109.1754032,0.216171897,86.17044067,78.20770264,626.2104779,0.925209608,0.461040354,0.545353692,0.212558208,11.53630515,8.242858957,3.24e-06,0.150726318,95.8592208,6225.087028,0.009109497,0.07760960402492918,7.403121875939556
872_img_.png,79.83827209,68.41615776,4680.770643,5.309357931,251,68.41615776,27.84118652,97.79611206,123.7750702,93.63772503,0.125653464,127.8331604,125.0170898,330.9866268,0.964693629,0.375363642,0.509867347,0.140897864,7.248912377,8.524716233,2.15e-06,0.0753479,52.05987624,3427.312911,0.003204346,0.2178174485624579,7.047026968618759
873_img_.png,81.66590881,61.46997951,3778.558381,6.312574629,216,61.46997951,49.46595764,92.66134644,109.4894409,114.3668628,0.244698318,101.1100311,110.3499298,87.270144,0.988452185,0.25074478,0.47003925,0.062872945,4.122686887,9.658053829,9.59e-07,0.044921875,38.9339232,1067.43165,0.00213623,0.3719843712322412,9.034130916720699
874_img_.png,53.20570374,51.73883053,2676.906584,5.807903585,253,51.73883053,45.99864197,54.75505066,64.13870239,124.0339768,0.386888636,54.7612915,66.02374268,267.1010876,0.950148585,0.336086266,0.427983224,0.112953978,7.735094975,9.446920732,1.72e-06,0.081878662,51.16588925,2561.146117,0.004165649,0.1817096753168457,8.890945177233544
875_img_.png,110.1604309,74.84389182,5601.608143,6.389165828,255,74.84389182,89.43870544,120.3583984,111.9878693,115.8214428,0.38493713,55.9528656,120.5617981,962.1879442,0.914152013,0.253984372,0.29159125,0.064508061,19.48463542,11.36514657,9.84e-07,0.257446289,132.1751836,9235.774714,0.012542725,0.05233417401956594,8.45168746361846
876_img_.png,90.19448853,70.76010923,5006.993058,6.561162626,251,70.76010923,72.99674988,97.00985718,100.1926575,119.8091346,0.370161354,57.16731262,104.1352234,626.8323223,0.937319589,0.250163489,0.348679451,0.062581771,12.46801471,10.94826763,9.55e-07,0.126876831,90.45344484,5378.981749,0.007278442,0.236760561464745,8.548853535420468
877_img_.png,67.43054199,62.48035871,3903.795224,5.894164716,249,62.48035871,38.86218262,79.46394348,80.4019928,99.86122607,0.243092328,113.3835297,88.30921936,376.2318015,0.951805409,0.336142531,0.447495278,0.112991801,9.346262255,9.60744781,1.72e-06,0.152496338,92.72938674,3054.938521,0.010864258,0.14615322387370286,8.513981332152131
878_img_.png,72.65055847,63.46147639,4027.358985,6.528144693,254,63.46147639,39.9108429,83.80935669,101.0788116,106.0869452,0.215864775,130.0552673,102.7581482,812.5154565,0.899112138,0.254013064,0.310607872,0.064522636,16.41178002,11.23316059,9.84e-07,0.244064331,137.0601896,7979.580248,0.014663696,0.047036692140000114,8.922622308962143
879_img_.png,61.85624695,42.3405987,1792.726299,5.744303973,225,42.3405987,29.4758606,72.61265564,91.41574097,96.30508094,0.179699742,134.7101898,94.02403259,369.9920803,0.896916194,0.250393437,0.324772341,0.062696873,11.017356,10.11857182,9.56e-07,0.123275757,60.08200523,4002.649097,0.003173828,0.22226034575481488,9.48205316127057
87_img_.png,94.47816467,63.75769532,4065.043713,6.15743211,254,63.75769532,87.8334198,96.16928101,103.2116089,128.3846862,0.440530784,38.33558655,105.3928986,451.1039216,0.944472495,0.250228644,0.323267319,0.062614374,12.07711397,10.63854016,9.55e-07,0.170135498,82.44306059,3928.709846,0.009506226,0.10184048551875552,10.216361576976787
880_img_.png,76.51504517,61.36625993,3765.817858,6.397519154,250,61.36625993,60.19546509,80.72833252,97.61782837,113.639142,0.337520386,86.02459717,98.28729248,509.8092065,0.932368385,0.250289731,0.351041572,0.06264495,11.63674939,10.67162809,9.56e-07,0.151885986,75.65940294,4789.087642,0.007751465,0.20057763775838663,11.254066890195071
881_img_.png,82.94824219,50.41736155,2541.910346,5.605982334,203,50.41736155,46.96376038,98.40597534,97.81072998,86.75398899,0.239346392,104.4979553,101.6829529,105.8011949,0.97916042,0.243764989,0.482460253,0.05942137,4.952757353,9.139631615,9.06e-07,0.078262329,45.67608526,1544.035368,0.002838135,0.30513152664787263,8.279047559236787
887_img_.png,92.07821655,75.04139473,5631.210923,6.625220195,255,75.04139473,63.56599426,102.8237,111.5230103,109.3236639,0.296556892,106.2168579,117.6405182,946.0531403,0.916010597,0.254053313,0.347102933,0.064543086,16.17287071,11.2275608,9.85e-07,0.188552856,127.6203697,8059.249655,0.011169434,0.09503538021625291,8.277054487410464
889_img_.png,63.04418945,62.27465185,3878.132264,5.046252345,240,62.27465185,56.9342804,66.67926025,60.34394836,125.0460734,0.448219511,31.91940308,68.56266785,155.1862898,0.980003041,0.437600509,0.537125389,0.191494206,5.922227328,8.112989681,2.92e-06,0.115493774,57.81115635,1421.505209,0.007827759,0.09491539990127279,8.219654140554368
890.png,51.9147644,50.37941552,2538.085508,4.786772081,185,50.37941552,35.45068359,59.75639343,54.86138916,107.5039532,0.309294795,63.04119873,59.80021667,66.14767157,0.98697656,0.437751595,0.604272168,0.191626459,3.33872549,7.401338904,2.92e-06,0.067230225,40.87931963,518.9352837,0.005615234,0.12283392176220413,7.2846943583697605
890_img_.png,84.01934814,58.38179365,3408.43383,6.198784131,254,58.38179365,78.6476593,88.34065247,75.87561035,125.9193599,0.478927348,47.45935059,91.72169495,291.0938879,0.957311538,0.250205804,0.335518191,0.062602944,9.673207721,10.53931818,9.55e-07,0.155151367,75.91557806,2782.912945,0.008026123,0.13463932358342554,10.283578398756454
891_img_.png,71.9887085,56.24500136,3163.500178,6.340808263,251,56.24500136,51.73213196,82.63739014,70.29161072,104.669812,0.338275485,80.26948547,83.93008423,558.3672641,0.911811075,0.250135315,0.307815643,0.062567676,14.13114277,11.00866928,9.54e-07,0.227966309,112.0405707,4536.424867,0.014358521,0.06167898138643016,11.678453657008532
892_img_.png,106.0702362,65.82149244,4332.468868,5.914270949,225,65.82149244,83.73674011,117.2334137,107.185257,110.9332076,0.373127333,56.46563721,117.3978424,76.8911152,0.99112878,0.250374937,0.359910641,0.062687609,5.463296569,9.791186357,9.56e-07,0.095321655,59.89675974,537.6250454,0.011611938,0.11973784253600728,10.113664288544042
893_img_.png,79.94502258,56.62576784,3206.477584,6.148982183,250,56.62576784,33.02804565,97.28396606,113.697403,96.58976654,0.156544845,144.8423462,119.8978424,733.9899663,0.885598066,0.250851829,0.429067278,0.06292664,13.30795037,10.32445125,9.6e-07,0.142944336,73.55872846,7837.08606,0.00453186,0.1977374377416178,7.957964779603576
895_img_.png,62.18165588,65.87251528,4339.188269,5.222100426,246,65.87251528,37.96080017,73.34739685,68.21011353,108.0660648,0.268165215,80.20437622,74.37384033,285.0476103,0.967146211,0.437570645,0.53153415,0.191468069,7.561090686,8.392508061,2.92e-06,0.114776611,67.04066444,2605.94641,0.006530762,0.0830336952389409,9.711142293393499
896_img_.png,63.73527527,59.82663709,3579.226506,4.774387378,230,59.82663709,40.42074585,73.53707886,74.42333984,101.1286927,0.273186209,71.12316895,80.71934509,77.04920343,0.989243821,0.437742936,0.583198732,0.191618878,3.780453431,7.500386262,2.92e-06,0.063079834,37.25989185,783.8599485,0.00378418,0.18775025228633024,8.516455349206915
89_img_.png,90.31524658,76.02306648,5779.506638,5.067059827,255,76.02306648,70.63453674,98.95457458,97.49119568,126.2728575,0.359562523,51.51081848,103.0948486,354.7943015,0.969317764,0.391105791,0.512619488,0.15296374,8.202910539,8.346344849,2.33e-06,0.110565186,62.29037886,3646.37086,0.005249023,0.17123991181906692,9.232698549310326
8_img_.png,92.14312744,43.63901231,1904.363395,5.378704984,176,43.63901231,52.8368988,113.4727783,85.44190979,77.97894075,0.265625929,114.5359497,113.4847412,135.4345895,0.964448873,0.172226494,0.364709272,0.029661965,6.095128676,9.409468682,4.52e-07,0.061599731,39.33875531,1422.367064,0.002548218,0.35684548925214904,9.869195098439615
901_img_.png,120.1992798,88.88644412,7900.799948,6.574908254,255,88.88644412,124.2783203,120.506958,107.9169922,128.9479679,0.544068694,30.57347107,126.9412537,166.5002604,0.989473757,0.254077673,0.35401033,0.064555464,7.852527574,10.67298265,9.85e-07,0.181762695,85.85268973,1060.087327,0.017715454,0.10303967942270227,9.755880611570646
904_img_.png,72.17089844,71.84344075,5161.47998,5.079507678,248,71.84344075,72.78143311,76.84709167,46.51872253,128.2127639,0.589964356,60.14323425,79.15948486,69.22893689,0.993293508,0.441518769,0.558691315,0.194938823,3.869286152,7.844668814,2.97e-06,0.058074951,42.99594563,659.9533348,0.005081177,0.17255839962480976,8.80076161195768
905_img_.png,120.4182281,55.03881407,3029.271054,6.826995705,231,55.03881407,117.099411,121.5668793,123.0931702,118.6465759,0.478620892,58.27326965,139.3250732,144.1961397,0.975838956,0.108182323,0.398541178,0.011703415,3.953063725,10.54604501,1.78e-07,0.033966064,38.35023445,319.2531383,0.003936768,0.35443840757066236,11.912601735873887
906_img_.png,87.46688843,58.19739854,3386.937197,6.044471205,227,58.19739854,57.051651,109.6052551,53.25137329,95.66880762,0.350318262,108.8019714,109.6056519,49.71328125,0.992669648,0.250467282,0.401738176,0.06273386,4.037239583,9.561816481,9.57e-07,0.035949707,35.01564329,606.9208878,0.00213623,0.27988633859434553,9.361135220966252
907_img_.png,92.80000305,55.73700753,3106.614008,5.4178415,196,55.73700753,80.64338684,101.9294739,77.66343689,112.5683154,0.449034355,52.73692322,101.9294739,25.95785846,0.995819284,0.25119431,0.445276763,0.063098581,2.968520221,8.652905825,9.63e-07,0.02571106,31.46070379,498.2439945,0.00163269,0.16293521725430274,9.281790054073207
908_img_.png,111.5797882,53.81421275,2895.969494,5.99786603,225,53.81421275,83.72431946,127.1970673,104.324295,98.36360288,0.361626757,73.63996887,127.1970673,126.0066942,0.978247162,0.169043251,0.317606962,0.028575621,6.722564338,10.33298984,4.36e-07,0.067810059,49.30730654,1353.515778,0.002944946,0.16703650788475066,10.570111425651449
909_img_.png,91.31092834,34.96458414,1222.522144,6.067932797,201,34.96458414,41.51196289,128.4893646,30.49436951,61.34939308,0.261108239,184.8210754,128.4909821,112.3300551,0.954064192,0.099940734,0.243253397,0.00998815,6.781495098,10.72020856,1.52e-07,0.07723999,55.06762715,857.9770562,0.006317139,0.11406348578288739,8.675956027190198
90_img_.png,93.33599854,62.78469987,3941.918538,6.101528376,254,62.78469987,89.1398468,94.0059967,100.927948,127.2980786,0.457282322,38.3447113,104.7832031,524.0472426,0.933568991,0.250253096,0.322821051,0.062626612,12.9903799,10.61443722,9.55e-07,0.174819946,87.42481973,4668.234976,0.009063721,0.0835465964361748,9.029067321797283
910_img_.png,86.70709229,55.22077844,3049.334371,5.76933341,234,55.22077844,46.72871399,115.9312897,41.09776306,88.21029559,0.297580054,140.6470795,115.9349976,38.41125919,0.993706538,0.250715119,0.419534592,0.062858071,3.530958946,9.150050488,9.59e-07,0.047454834,36.02667493,546.6527563,0.002166748,0.22030190007089304,8.78738434776302
911_img_.png,82.67230225,58.0682774,3371.924841,6.644193521,250,58.0682774,57.25112915,90.18049622,110.7117767,107.2683909,0.284984227,113.3886719,111.8341827,342.7672335,0.949227393,0.191783278,0.314969665,0.036780826,10.06750919,11.19283335,5.61e-07,0.131561279,86.24193715,2940.884964,0.007980347,0.15648579388868814,9.88986835911438
912_img_.png,71.54162598,58.86096289,3464.612952,4.601431721,238,58.86096289,59.98417664,73.44725037,92.05877686,117.7003517,0.362428956,61.85505676,95.3379364,28.4535386,0.995892623,0.391683497,0.609286278,0.153415962,1.954610907,6.90957893,2.34e-06,0.018005371,19.92527073,367.1932518,0.000869751,0.381146578049634,8.611567318931918
913_img_.png,79.34197998,67.86339553,4605.440453,6.418697014,255,67.86339553,55.61763,88.89584351,92.38328552,116.1924748,0.306806582,100.2882538,99.87768555,551.879519,0.940083639,0.250247528,0.325147796,0.062623825,12.66524203,10.80719071,9.55e-07,0.134292603,83.85739145,6184.097705,0.005401611,0.12060719959170256,8.623162154248709
914_img_.png,87.46498108,56.62999249,3206.956049,5.959918213,250,56.62999249,51.65736389,100.0496521,116.5845184,101.6214234,0.238454366,110.9777985,120.1555328,471.001731,0.926613732,0.25026445,0.318058403,0.062632295,10.66775429,10.27213735,9.55e-07,0.062866211,54.42201477,5288.297826,0.002838135,0.17288718659069038,8.94080628648428
915_img_.png,68.49229431,65.64619451,4309.422853,6.023487394,255,65.64619451,57.07632446,74.73812866,66.23587036,104.9341588,0.404871287,88.4349823,86.23252869,605.4818015,0.929723493,0.329528251,0.443261552,0.108588868,11.50416667,9.919661411,1.66e-06,0.123001099,67.13390005,4216.144025,0.005722046,0.1890300754653725,10.381012651405232
916_img_.png,81.81434631,67.37010389,4538.730898,6.611141226,255,67.37010389,68.84037781,89.06796265,78.4805603,121.4813547,0.410868306,51.74235535,89.51725769,1363.907629,0.84981624,0.250061981,0.284266868,0.062530994,22.98284314,11.68908548,9.54e-07,0.255142212,139.2217027,12809.18809,0.012680054,0.05203817228305552,10.333105999433055
917_img_.png,73.59567261,55.25547303,3053.167299,6.122010342,243,55.25547303,67.71858215,76.99206543,71.52116394,102.728804,0.455976767,64.90875244,85.44721985,421.577742,0.930977023,0.250404906,0.342991706,0.062702617,10.723269,10.34364467,9.57e-07,0.131622314,79.37895604,3276.678849,0.008728027,0.20831394914471893,11.014339532652164
918_img_.png,80.89535522,75.11797569,5642.710271,6.392719921,255,75.11797569,78.11112976,81.65026855,84.3031311,122.1606463,0.470681106,47.04234314,91.41247559,516.1391085,0.954227233,0.250174611,0.308735027,0.062587336,13.26141238,10.89325489,9.55e-07,0.184692383,99.13536487,4323.432443,0.01020813,0.09489990911025248,8.079809561918692
919_img_.png,114.5825195,61.3776601,3767.217159,6.947558454,255,61.3776601,116.9529724,118.3849945,88.76780701,130.1907632,0.564573453,82.82888794,130.0532532,640.0028952,0.915078638,0.144783183,0.200879564,0.02096217,16.54784007,12.37863357,3.2e-07,0.211410522,104.1220709,5343.367716,0.009689331,0.10932574303974234,11.054875147486875
91_img_.png,60.6721344,54.51678462,2972.079806,6.30428786,255,54.51678462,42.59217834,73.34129333,42.84976196,106.2103413,0.3665702,128.7980194,74.47955322,627.2648897,0.894372917,0.216114555,0.310502261,0.046705501,12.56620711,10.83292147,7.12e-07,0.108215332,73.44500523,5302.507659,0.005645752,0.21379938913970795,11.872233504027998
920_img_.png,79.88973999,69.01359969,4762.876942,5.960987671,254,69.01359969,75.81521606,81.96656799,79.89613342,123.0900807,0.468392134,42.88002014,89.90142822,500.2011642,0.947507438,0.335993726,0.379955259,0.112891784,13.06565564,10.15256549,1.72e-06,0.201370239,110.7669679,6190.844007,0.010009766,0.037995667998767024,10.093238500679359
921_img_.png,70.48579407,65.6484255,4309.715771,5.69036639,251,65.6484255,63.10546875,75.66651917,63.14878845,124.4434529,0.454600215,46.76985168,78.10594177,273.9296875,0.968210159,0.363375168,0.428277316,0.132041513,8.864276961,9.372137051,2.01e-06,0.139892578,89.64350486,1744.432711,0.010818481,0.0773229287129824,10.04023811631576
922_img_.png,89.27734375,56.89129942,3236.619949,5.842697583,241,56.89129942,86.22720337,91.50343323,85.79840088,120.1564135,0.486330013,43.99049377,98.28765869,126.5550705,0.980435487,0.250907806,0.429942707,0.062954727,4.909788603,9.336799149,9.6e-07,0.065383911,38.88298968,1130.153172,0.004562378,0.380451274308707,11.50279105116912
923_img_.png,67.17735291,76.07165097,5786.896082,5.905162293,255,76.07165097,62.28912354,71.60720825,57.16174316,128.344799,0.483727815,54.57389832,73.48838806,1157.63151,0.900133344,0.340059676,0.43530479,0.115640584,17.90629596,9.842058063,1.76e-06,0.183456421,101.2455733,10469.27233,0.006256104,0.13909834223345738,8.959985042308766
924_img_.png,107.5577698,58.71023568,3446.891774,7.815791509,255,58.71023568,67.27053833,127.4184113,110.9593964,85.03155827,0.282201347,176.3887024,142.2976532,2670.676501,0.613022078,0.006670009,0.037376979,4.45e-05,37.01488971,14.83066842,4.46e-10,0.344772339,207.8597709,28510.90131,0.015380859,0.6698871913050074,14.067734616690062
925_img_.png,81.64985657,76.23333841,5811.521885,6.127953839,255,76.23333841,73.26942444,85.5422821,83.58589172,116.4710116,0.433218327,63.45101929,95.5514679,1873.610907,0.838946114,0.335971725,0.36994129,0.112877,24.10094975,10.64422868,1.72e-06,0.198059082,124.4303431,19581.78966,0.00769043,0.06705833819215334,8.087327682442409
926_img_.png,85.0027771,68.53097341,4696.494316,6.54472411,255,68.53097341,59.91891479,96.81629944,89.96697998,105.076026,0.320793783,136.4807587,118.489502,1188.585999,0.873575263,0.250143392,0.317791436,0.062571716,19.06936275,11.32989721,9.55e-07,0.203536987,121.9860935,11315.64945,0.009124756,0.09906537507617895,9.105187454433182
927_img_.png,60.7759552,59.72337423,3566.881429,5.969310013,248,59.72337423,46.79058838,67.79347229,61.32362366,116.5626103,0.362388792,82.83175659,72.29957581,724.4201593,0.898381716,0.332089161,0.381345295,0.110283211,15.25116422,10.23648837,1.68e-06,0.203475952,101.9606578,5764.906626,0.011169434,0.07979992149306003,9.214545300790311
928_img_.png,60.9287262,58.40332286,3410.948121,5.691262987,255,58.40332286,53.06471252,61.76655579,77.23675537,113.7741631,0.381751428,92.29364014,89.35328674,948.1744332,0.861115174,0.336183104,0.407735442,0.113019079,14.84456189,9.659207379,1.72e-06,0.13394165,90.98213004,9552.130397,0.006576538,0.15418846583972826,8.927043009838451
929_img_.png,82.66796875,68.95582903,4754.906357,6.623036691,255,68.95582903,77.27986145,84.89225769,85.36158752,114.6668692,0.453909639,97.03588867,106.4153595,822.049954,0.913601304,0.250140041,0.340054865,0.06257004,14.11695772,11.10835771,9.55e-07,0.152267456,100.7437332,7443.587584,0.00881958,0.14496115409499674,10.014680975044863
92_img_.png,91.54191589,62.59958776,3918.708387,6.163075635,255,62.59958776,88.80479431,91.8092804,97.35269165,124.8992846,0.469464308,39.41217041,102.8259277,603.5604779,0.923062657,0.250206862,0.315959689,0.062603474,14.19365809,10.77329097,9.55e-07,0.185211182,91.69964948,5425.356653,0.009460449,0.0948533642075333,9.563756195270198
94_img_.png,64.27502441,62.6317604,3922.737411,5.507756984,253,62.6317604,40.63920593,75.1815033,70.10351563,96.74620893,0.279720554,126.5000763,88.2918396,1312.600659,0.832837361,0.375117653,0.439157393,0.140713254,17.36190257,9.386967428,2.15e-06,0.160858154,114.8891086,11067.51173,0.006729126,0.0864410062582246,8.728222310834884
9547.png,82.02790833,90.54537332,8198.464629,5.32556282,254,90.54537332,80.48216248,81.98529053,86.37409973,122.3792643,0.478037859,36.05383301,93.62409973,815.5094516,0.950294443,0.437724574,0.609636802,0.191602803,10.9912837,8.101267336,2.92e-06,0.107467651,83.82210213,8616.497049,0.005783081,0.18776288464868793,6.649949302081861
9554.png,81.77622986,83.9452092,7046.798148,5.231504865,254,83.9452092,72.69363403,84.58813477,91.2318573,134.0735732,0.413454882,35.79362488,93.66818237,356.6804381,0.974715035,0.437728326,0.610393622,0.191606088,6.982643995,7.935474742,2.92e-06,0.100830078,62.93932438,3835.830713,0.006103516,0.16551235278555154,6.707633734711338
9557.png,69.45481873,67.40714418,4543.723087,4.994494183,242,67.40714418,60.04502869,71.68844604,82.70043945,134.7297261,0.388920669,39.18492126,83.18800354,176.2663603,0.980606714,0.437707659,0.600101616,0.191587995,5.129810049,7.766064973,2.92e-06,0.094558716,49.08164841,1858.622511,0.005615234,0.12578672459094467,8.247730812829127
9567.png,55.3820343,56.0333033,3139.731079,4.993885596,250,56.0333033,37.12449646,61.43685913,72.12503052,113.7960718,0.277957257,71.52937317,72.72842407,252.7210172,0.959742264,0.437734367,0.600521365,0.191611376,6.035906863,7.801221784,2.92e-06,0.089752197,49.17779858,2191.66707,0.005630493,0.23107204464033304,9.860659862554103
95_img_.png,88.66386414,62.55402917,3913.006565,6.321952558,255,62.55402917,86.36322021,89.18217468,92.03189087,132.6620496,0.476581219,27.42062378,95.53292847,590.9085784,0.924562269,0.25011669,0.302899865,0.062558359,14.92215074,11.07759464,9.54e-07,0.220626831,96.00669714,5138.887654,0.011230469,0.07423340692929968,10.529350343120738
96_img_.png,69.53709412,77.43430855,5996.072141,5.160805374,255,77.43430855,62.12057495,73.13565063,70.46530151,129.5383421,0.432591665,34.58135986,76.20159912,809.4542586,0.932528791,0.464861342,0.489131885,0.216096067,15.31841299,8.69667309,3.3e-06,0.190658569,107.9788772,7473.164575,0.009460449,0.024681455833028512,6.936215020335932
97_img_.png,94.82814026,60.81178154,3698.072774,5.930677377,254,60.81178154,88.18792725,96.26376343,104.8731079,128.3741878,0.438447345,35.02049255,106.4732971,337.8394761,0.954326097,0.250365248,0.345141823,0.062682757,10.22112439,10.24690181,9.56e-07,0.162796021,77.31246206,2934.966474,0.009155273,0.10158185374167072,10.583695873736223
9896.png,64.6930542,64.48831893,4158.743278,5.030759888,243,64.48831893,55.33518982,68.70690918,68.5765686,98.28116158,0.403072465,85.23971558,88.80427551,278.7432751,0.966511376,0.437813151,0.595725805,0.191680355,6.783195466,7.903435858,2.92e-06,0.113037109,62.21789905,2552.965056,0.006988525,0.13830683777307132,6.923506601756079
98_img_.png,77.57087708,58.0891844,3374.353344,6.177764733,249,58.0891844,61.24411011,81.02104187,102.6430664,118.5887844,0.33345715,78.46290588,103.9547272,586.9493873,0.91309374,0.269802813,0.391805025,0.072793558,11.81832108,10.31874336,1.11e-06,0.131988525,76.81466468,5399.553684,0.006210327,0.28569594654018454,8.915287141017561
9900.png,69.68559265,65.58326759,4301.164988,4.886700373,233,65.58326759,57.61547852,74.6282196,75.90058899,112.0013455,0.382753833,52.82629395,83.6149292,207.4082108,0.975906437,0.437728822,0.548841416,0.191606522,6.260631127,7.898384859,2.92e-06,0.124267578,64.48758098,1542.23531,0.009643555,0.06932315981176677,6.949171064421308
9907.png,69.87709045,67.61533465,4571.83348,5.017254368,251,67.61533465,67.4367218,71.60296631,67.41435242,114.5815315,0.485095831,60.17480469,85.82899475,207.7848652,0.977291469,0.437651079,0.544019708,0.191538467,5.523131127,7.922018865,2.92e-06,0.102554321,58.90964749,1874.665322,0.009597778,0.07819785574581607,7.055794843110778
9947.png,51.41967773,56.41907359,3183.111865,5.125656856,232,56.41907359,56.22085571,50.00271606,46.12931824,87.89568034,0.584829564,68.05226135,65.07446289,204.8977175,0.967868573,0.437616045,0.55059781,0.191507803,5.635309436,8.051243518,2.92e-06,0.103317261,63.82987063,1697.081363,0.007278442,0.07283460011360675,8.282778141229397
99_img_.png,74.98608398,73.93167066,5465.891927,5.692982866,255,73.93167066,57.27941895,81.26142883,89.11851501,122.0151983,0.336186394,67.54504395,91.69926453,392.2959406,0.964114951,0.375079385,0.444788666,0.140684545,9.006878064,9.270025209,2.15e-06,0.105453491,68.79030542,3925.049277,0.004608154,0.14101038666654192,6.732812004837596
9_img_.png,56.72399902,51.455777,2647.696986,5.661890434,244,51.455777,25.55584717,67.4394989,83.33073425,100.4077782,0.169501941,138.7918549,87.66453552,550.0365809,0.896039545,0.302369062,0.403321927,0.091427049,11.08893995,9.63480685,1.39e-06,0.138626099,74.10748464,4646.662057,0.00793457,0.1807028874835818,11.490188439336924
